[27Apr2026 18:54:48.025] [main/INFO] [cpw.mods.modlauncher.Launcher/MODLAUNCHER]: ModLauncher running: args [--launchTarget, forgeserver, --fml.forgeVersion, 47.3.7, --fml.mcVersion, 1.20.1, --fml.forgeGroup, net.minecraftforge, --fml.mcpVersion, 20230612.114412, nogui]
[27Apr2026 18:54:48.029] [main/INFO] [cpw.mods.modlauncher.Launcher/MODLAUNCHER]: ModLauncher 10.0.9+10.0.9+main.dcd20f30 starting: java version 17.0.18 by Ubuntu; OS Linux arch amd64 version 6.8.0-1044-azure
[27Apr2026 18:54:48.053] [main/DEBUG] [cpw.mods.modlauncher.LaunchServiceHandler/MODLAUNCHER]: Found launch services [fmlclientdev,forgeclient,minecraft,forgegametestserverdev,fmlserveruserdev,fmlclient,fmldatauserdev,forgeserverdev,forgeserveruserdev,forgeclientdev,forgeclientuserdev,forgeserver,forgedatadev,fmlserver,fmlclientuserdev,fmlserverdev,forgedatauserdev,testharness,forgegametestserveruserdev]
[27Apr2026 18:54:48.066] [main/DEBUG] [cpw.mods.modlauncher.NameMappingServiceHandler/MODLAUNCHER]: Found naming services : [srgtomcp]
[27Apr2026 18:54:48.083] [main/DEBUG] [cpw.mods.modlauncher.LaunchPluginHandler/MODLAUNCHER]: Found launch plugins: [mixin,eventbus,slf4jfixer,object_holder_definalize,runtime_enum_extender,capability_token_subclass,accesstransformer,runtimedistcleaner]
[27Apr2026 18:54:48.095] [main/DEBUG] [cpw.mods.modlauncher.TransformationServicesHandler/MODLAUNCHER]: Discovering transformation services
[27Apr2026 18:54:48.100] [main/DEBUG] [net.minecraftforge.fml.loading.FMLPaths/CORE]: Path GAMEDIR is /workspaces/Explorecraft/servidor_minecraft
[27Apr2026 18:54:48.100] [main/DEBUG] [net.minecraftforge.fml.loading.FMLPaths/CORE]: Path MODSDIR is /workspaces/Explorecraft/servidor_minecraft/mods
[27Apr2026 18:54:48.100] [main/DEBUG] [net.minecraftforge.fml.loading.FMLPaths/CORE]: Path CONFIGDIR is /workspaces/Explorecraft/servidor_minecraft/config
[27Apr2026 18:54:48.101] [main/DEBUG] [net.minecraftforge.fml.loading.FMLPaths/CORE]: Path FMLCONFIG is /workspaces/Explorecraft/servidor_minecraft/config/fml.toml
[27Apr2026 18:54:49.408] [main/DEBUG] [cpw.mods.modlauncher.TransformationServicesHandler/MODLAUNCHER]: Found additional transformation services from discovery services: 
[27Apr2026 18:54:49.416] [main/INFO] [net.minecraftforge.fml.loading.ImmediateWindowHandler/]: ImmediateWindowProvider not loading because launch target is forgeserver
[27Apr2026 18:54:49.431] [main/DEBUG] [cpw.mods.modlauncher.TransformationServicesHandler/MODLAUNCHER]: Found transformer services : [mixin,fml]
[27Apr2026 18:54:49.432] [main/DEBUG] [cpw.mods.modlauncher.TransformationServicesHandler/MODLAUNCHER]: Transformation services loading
[27Apr2026 18:54:49.434] [main/DEBUG] [cpw.mods.modlauncher.TransformationServiceDecorator/MODLAUNCHER]: Loading service mixin
[27Apr2026 18:54:49.435] [main/DEBUG] [cpw.mods.modlauncher.TransformationServiceDecorator/MODLAUNCHER]: Loaded service mixin
[27Apr2026 18:54:49.435] [main/DEBUG] [cpw.mods.modlauncher.TransformationServiceDecorator/MODLAUNCHER]: Loading service fml
[27Apr2026 18:54:49.437] [main/DEBUG] [net.minecraftforge.fml.loading.LauncherVersion/CORE]: Found FMLLauncher version 1.0
[27Apr2026 18:54:49.438] [main/DEBUG] [net.minecraftforge.fml.loading.FMLLoader/CORE]: FML 1.0 loading
[27Apr2026 18:54:49.439] [main/DEBUG] [net.minecraftforge.fml.loading.FMLLoader/CORE]: FML found ModLauncher version : 10.0.9+10.0.9+main.dcd20f30
[27Apr2026 18:54:49.439] [main/DEBUG] [net.minecraftforge.fml.loading.FMLLoader/CORE]: FML found AccessTransformer version : 8.0.4+66+master.c09db6d7
[27Apr2026 18:54:49.441] [main/DEBUG] [net.minecraftforge.fml.loading.FMLLoader/CORE]: FML found EventBus version : 6.0.5+6.0.5+master.eb8e549b
[27Apr2026 18:54:49.441] [main/DEBUG] [net.minecraftforge.fml.loading.FMLLoader/CORE]: Found Runtime Dist Cleaner
[27Apr2026 18:54:49.446] [main/DEBUG] [net.minecraftforge.fml.loading.FMLLoader/CORE]: FML found CoreMod version : 5.1.6
[27Apr2026 18:54:49.446] [main/DEBUG] [net.minecraftforge.fml.loading.FMLLoader/CORE]: Found ForgeSPI package implementation version 7.0.1+7.0.1+master.d2b38bf6
[27Apr2026 18:54:49.447] [main/DEBUG] [net.minecraftforge.fml.loading.FMLLoader/CORE]: Found ForgeSPI package specification 5
[27Apr2026 18:54:49.447] [main/DEBUG] [cpw.mods.modlauncher.TransformationServiceDecorator/MODLAUNCHER]: Loaded service fml
[27Apr2026 18:54:49.449] [main/DEBUG] [cpw.mods.modlauncher.TransformationServicesHandler/MODLAUNCHER]: Configuring option handling for services
[27Apr2026 18:54:49.468] [main/DEBUG] [cpw.mods.modlauncher.TransformationServicesHandler/MODLAUNCHER]: Transformation services initializing
[27Apr2026 18:54:49.469] [main/DEBUG] [cpw.mods.modlauncher.TransformationServiceDecorator/MODLAUNCHER]: Initializing transformation service mixin
[27Apr2026 18:54:49.487] [main/DEBUG] [mixin/]: MixinService [ModLauncher] was successfully booted in cpw.mods.cl.ModuleClassLoader@44c8afef
[27Apr2026 18:54:49.519] [main/INFO] [mixin/]: SpongePowered MIXIN Subsystem Version=0.8.5 Source=union:/workspaces/Explorecraft/servidor_minecraft/libraries/org/spongepowered/mixin/0.8.5/mixin-0.8.5.jar%2363!/ Service=ModLauncher Env=SERVER
[27Apr2026 18:54:49.523] [main/DEBUG] [mixin/]: Initialising Mixin Platform Manager
[27Apr2026 18:54:49.523] [main/DEBUG] [mixin/]: Adding mixin platform agents for container ModLauncher Root Container(ModLauncher:4f56a0a2)
[27Apr2026 18:54:49.523] [main/DEBUG] [mixin/]: Instancing new MixinPlatformAgentMinecraftForge for ModLauncher Root Container(ModLauncher:4f56a0a2)
[27Apr2026 18:54:49.524] [main/DEBUG] [mixin/]: MixinPlatformAgentMinecraftForge rejected container ModLauncher Root Container(ModLauncher:4f56a0a2)
[27Apr2026 18:54:49.524] [main/DEBUG] [mixin/]: Instancing new MixinPlatformAgentDefault for ModLauncher Root Container(ModLauncher:4f56a0a2)
[27Apr2026 18:54:49.524] [main/DEBUG] [mixin/]: MixinPlatformAgentDefault accepted container ModLauncher Root Container(ModLauncher:4f56a0a2)
[27Apr2026 18:54:49.527] [main/DEBUG] [cpw.mods.modlauncher.TransformationServiceDecorator/MODLAUNCHER]: Initialized transformation service mixin
[27Apr2026 18:54:49.527] [main/DEBUG] [cpw.mods.modlauncher.TransformationServiceDecorator/MODLAUNCHER]: Initializing transformation service fml
[27Apr2026 18:54:49.527] [main/DEBUG] [net.minecraftforge.fml.loading.FMLServiceProvider/CORE]: Setting up basic FML game directories
[27Apr2026 18:54:49.528] [main/DEBUG] [net.minecraftforge.fml.loading.FMLPaths/CORE]: Path GAMEDIR is /workspaces/Explorecraft/servidor_minecraft
[27Apr2026 18:54:49.528] [main/DEBUG] [net.minecraftforge.fml.loading.FMLPaths/CORE]: Path MODSDIR is /workspaces/Explorecraft/servidor_minecraft/mods
[27Apr2026 18:54:49.528] [main/DEBUG] [net.minecraftforge.fml.loading.FMLPaths/CORE]: Path CONFIGDIR is /workspaces/Explorecraft/servidor_minecraft/config
[27Apr2026 18:54:49.528] [main/DEBUG] [net.minecraftforge.fml.loading.FMLPaths/CORE]: Path FMLCONFIG is /workspaces/Explorecraft/servidor_minecraft/config/fml.toml
[27Apr2026 18:54:49.529] [main/DEBUG] [net.minecraftforge.fml.loading.FMLServiceProvider/CORE]: Loading configuration
[27Apr2026 18:54:49.532] [main/DEBUG] [net.minecraftforge.fml.loading.FMLServiceProvider/CORE]: Preparing ModFile
[27Apr2026 18:54:49.534] [main/DEBUG] [net.minecraftforge.fml.loading.FMLServiceProvider/CORE]: Preparing launch handler
[27Apr2026 18:54:49.535] [main/DEBUG] [net.minecraftforge.fml.loading.FMLLoader/CORE]: Using forgeserver as launch service
[27Apr2026 18:54:49.548] [main/DEBUG] [net.minecraftforge.fml.loading.FMLLoader/CORE]: Received command line version data  : VersionInfo[forgeVersion=47.3.7, mcVersion=1.20.1, mcpVersion=20230612.114412, forgeGroup=net.minecraftforge]
[27Apr2026 18:54:49.549] [main/DEBUG] [cpw.mods.modlauncher.TransformationServiceDecorator/MODLAUNCHER]: Initialized transformation service fml
[27Apr2026 18:54:49.550] [main/DEBUG] [cpw.mods.modlauncher.NameMappingServiceHandler/MODLAUNCHER]: Current naming domain is 'srg'
[27Apr2026 18:54:49.551] [main/DEBUG] [cpw.mods.modlauncher.NameMappingServiceHandler/MODLAUNCHER]: Identified name mapping providers {}
[27Apr2026 18:54:49.551] [main/DEBUG] [cpw.mods.modlauncher.TransformationServicesHandler/MODLAUNCHER]: Transformation services begin scanning
[27Apr2026 18:54:49.552] [main/DEBUG] [cpw.mods.modlauncher.TransformationServiceDecorator/MODLAUNCHER]: Beginning scan trigger - transformation service mixin
[27Apr2026 18:54:49.552] [main/DEBUG] [cpw.mods.modlauncher.TransformationServiceDecorator/MODLAUNCHER]: End scan trigger - transformation service mixin
[27Apr2026 18:54:49.552] [main/DEBUG] [cpw.mods.modlauncher.TransformationServiceDecorator/MODLAUNCHER]: Beginning scan trigger - transformation service fml
[27Apr2026 18:54:49.553] [main/DEBUG] [net.minecraftforge.fml.loading.FMLServiceProvider/CORE]: Initiating mod scan
[27Apr2026 18:54:49.562] [main/DEBUG] [net.minecraftforge.fml.loading.moddiscovery.ModListHandler/CORE]: Found mod coordinates from lists: []
[27Apr2026 18:54:49.566] [main/DEBUG] [net.minecraftforge.fml.loading.moddiscovery.ModDiscoverer/CORE]: Found Mod Locators : (mods folder:null),(maven libs:null),(exploded directory:null),(minecraft:null),(userdev classpath:null)
[27Apr2026 18:54:49.568] [main/DEBUG] [net.minecraftforge.fml.loading.moddiscovery.ModDiscoverer/CORE]: Found Dependency Locators : (JarInJar:null)
[27Apr2026 18:54:49.576] [main/DEBUG] [net.minecraftforge.fml.loading.moddiscovery.ModFileParser/LOADING]: Considering mod file candidate /workspaces/Explorecraft/servidor_minecraft/mods/alexsmobs-1.22.9.jar
[27Apr2026 18:54:49.615] [main/DEBUG] [net.minecraftforge.fml.loading.moddiscovery.ModFileInfo/LOADING]: Found valid mod file alexsmobs-1.22.9.jar with {alexsmobs} mods - versions {1.22.9}
[27Apr2026 18:54:49.618] [main/DEBUG] [net.minecraftforge.fml.loading.moddiscovery.ModFileParser/LOADING]: Considering mod file candidate /workspaces/Explorecraft/servidor_minecraft/mods/another_furniture-forge-1.20.1-3.0.2.jar
[27Apr2026 18:54:49.619] [main/DEBUG] [net.minecraftforge.fml.loading.moddiscovery.ModFileInfo/LOADING]: Found valid mod file another_furniture-forge-1.20.1-3.0.2.jar with {another_furniture} mods - versions {1.20.1-3.0.2}
[27Apr2026 18:54:49.620] [main/DEBUG] [net.minecraftforge.fml.loading.moddiscovery.ModFileParser/LOADING]: Considering mod file candidate /workspaces/Explorecraft/servidor_minecraft/mods/architectury-9.2.14-forge.jar
[27Apr2026 18:54:49.621] [main/DEBUG] [net.minecraftforge.fml.loading.moddiscovery.ModFileInfo/LOADING]: Found valid mod file architectury-9.2.14-forge.jar with {architectury} mods - versions {9.2.14}
[27Apr2026 18:54:49.621] [main/DEBUG] [net.minecraftforge.fml.loading.moddiscovery.ModFileParser/LOADING]: Considering mod file candidate /workspaces/Explorecraft/servidor_minecraft/mods/artifacts-forge-9.5.16.jar
[27Apr2026 18:54:49.623] [main/DEBUG] [net.minecraftforge.fml.loading.moddiscovery.ModFileInfo/LOADING]: Found valid mod file artifacts-forge-9.5.16.jar with {artifacts} mods - versions {9.5.16}
[27Apr2026 18:54:49.624] [main/DEBUG] [net.minecraftforge.fml.loading.moddiscovery.ModFileParser/LOADING]: Considering mod file candidate /workspaces/Explorecraft/servidor_minecraft/mods/balm-forge-1.20.1-7.3.18-all.jar
[27Apr2026 18:54:49.625] [main/DEBUG] [net.minecraftforge.fml.loading.moddiscovery.ModFileInfo/LOADING]: Found valid mod file balm-forge-1.20.1-7.3.18-all.jar with {balm} mods - versions {7.3.18}
[27Apr2026 18:54:49.626] [main/DEBUG] [net.minecraftforge.fml.loading.moddiscovery.ModFileParser/LOADING]: Considering mod file candidate /workspaces/Explorecraft/servidor_minecraft/mods/bettervillage-forge-1.20.1-3.3.0-all.jar
[27Apr2026 18:54:49.627] [main/DEBUG] [net.minecraftforge.fml.loading.moddiscovery.ModFileInfo/LOADING]: Found valid mod file bettervillage-forge-1.20.1-3.3.0-all.jar with {bettervillage} mods - versions {3.3.0}
[27Apr2026 18:54:49.628] [main/DEBUG] [net.minecraftforge.fml.loading.moddiscovery.ModFileParser/LOADING]: Considering mod file candidate /workspaces/Explorecraft/servidor_minecraft/mods/blueprint-1.20.1-7.1.3.jar
[27Apr2026 18:54:49.629] [main/DEBUG] [net.minecraftforge.fml.loading.moddiscovery.ModFileInfo/LOADING]: Found valid mod file blueprint-1.20.1-7.1.3.jar with {blueprint} mods - versions {7.1.3}
[27Apr2026 18:54:49.630] [main/DEBUG] [net.minecraftforge.fml.loading.moddiscovery.ModFileParser/LOADING]: Considering mod file candidate /workspaces/Explorecraft/servidor_minecraft/mods/carryon-forge-1.20.1-2.1.2.7.jar
[27Apr2026 18:54:49.632] [main/DEBUG] [net.minecraftforge.fml.loading.moddiscovery.ModFileInfo/LOADING]: Found valid mod file carryon-forge-1.20.1-2.1.2.7.jar with {carryon} mods - versions {2.1.2.7}
[27Apr2026 18:54:49.633] [main/DEBUG] [net.minecraftforge.fml.loading.moddiscovery.ModFileParser/LOADING]: Considering mod file candidate /workspaces/Explorecraft/servidor_minecraft/mods/charmofundying-forge-6.5.0+1.20.1.jar
[27Apr2026 18:54:49.633] [main/DEBUG] [net.minecraftforge.fml.loading.moddiscovery.ModFileInfo/LOADING]: Found valid mod file charmofundying-forge-6.5.0+1.20.1.jar with {charmofundying} mods - versions {6.5.0+1.20.1}
[27Apr2026 18:54:49.635] [main/DEBUG] [net.minecraftforge.fml.loading.moddiscovery.ModFileParser/LOADING]: Considering mod file candidate /workspaces/Explorecraft/servidor_minecraft/mods/citadel-2.6.1-1.20.1.jar
[27Apr2026 18:54:49.636] [main/DEBUG] [net.minecraftforge.fml.loading.moddiscovery.ModFileInfo/LOADING]: Found valid mod file citadel-2.6.1-1.20.1.jar with {citadel} mods - versions {2.6.1}
[27Apr2026 18:54:49.637] [main/DEBUG] [net.minecraftforge.fml.loading.moddiscovery.ModFileParser/LOADING]: Considering mod file candidate /workspaces/Explorecraft/servidor_minecraft/mods/clickadv-1.20.1-3.8.jar
[27Apr2026 18:54:49.639] [main/DEBUG] [net.minecraftforge.fml.loading.moddiscovery.ModFileInfo/LOADING]: Found valid mod file clickadv-1.20.1-3.8.jar with {clickadv} mods - versions {1.20.1-3.8}
[27Apr2026 18:54:49.640] [main/DEBUG] [net.minecraftforge.fml.loading.moddiscovery.ModFileParser/LOADING]: Considering mod file candidate /workspaces/Explorecraft/servidor_minecraft/mods/cloth-config-11.1.118-forge.jar
[27Apr2026 18:54:49.641] [main/DEBUG] [net.minecraftforge.fml.loading.moddiscovery.ModFileInfo/LOADING]: Found valid mod file cloth-config-11.1.118-forge.jar with {cloth_config} mods - versions {11.1.118}
[27Apr2026 18:54:49.641] [main/DEBUG] [net.minecraftforge.fml.loading.moddiscovery.ModFileParser/LOADING]: Considering mod file candidate /workspaces/Explorecraft/servidor_minecraft/mods/collective-1.20.1-7.94.jar
[27Apr2026 18:54:49.642] [main/DEBUG] [net.minecraftforge.fml.loading.moddiscovery.ModFileInfo/LOADING]: Found valid mod file collective-1.20.1-7.94.jar with {collective} mods - versions {7.94}
[27Apr2026 18:54:49.643] [main/DEBUG] [net.minecraftforge.fml.loading.moddiscovery.ModFileParser/LOADING]: Considering mod file candidate /workspaces/Explorecraft/servidor_minecraft/mods/connectivity-1.20.1-5.6.jar
[27Apr2026 18:54:49.644] [main/DEBUG] [net.minecraftforge.fml.loading.moddiscovery.ModFileInfo/LOADING]: Found valid mod file connectivity-1.20.1-5.6.jar with {connectivity} mods - versions {1.20.1-5.6}
[27Apr2026 18:54:49.644] [main/DEBUG] [net.minecraftforge.fml.loading.moddiscovery.ModFileParser/LOADING]: Considering mod file candidate /workspaces/Explorecraft/servidor_minecraft/mods/coroutil-forge-1.20.1-1.3.7.jar
[27Apr2026 18:54:49.645] [main/DEBUG] [net.minecraftforge.fml.loading.moddiscovery.ModFileInfo/LOADING]: Found valid mod file coroutil-forge-1.20.1-1.3.7.jar with {coroutil} mods - versions {1.20.1-1.3.7}
[27Apr2026 18:54:49.646] [main/DEBUG] [net.minecraftforge.fml.loading.moddiscovery.ModFileParser/LOADING]: Considering mod file candidate /workspaces/Explorecraft/servidor_minecraft/mods/corpse-forge-1.20.1-1.0.20.jar
[27Apr2026 18:54:49.646] [main/DEBUG] [net.minecraftforge.fml.loading.moddiscovery.ModFileInfo/LOADING]: Found valid mod file corpse-forge-1.20.1-1.0.20.jar with {corpse} mods - versions {1.20.1-1.0.20}
[27Apr2026 18:54:49.648] [main/DEBUG] [net.minecraftforge.fml.loading.moddiscovery.ModFileParser/LOADING]: Considering mod file candidate /workspaces/Explorecraft/servidor_minecraft/mods/cosmeticarmorreworked-1.20.1-v1a.jar
[27Apr2026 18:54:49.649] [main/DEBUG] [net.minecraftforge.fml.loading.moddiscovery.ModFileInfo/LOADING]: Found valid mod file cosmeticarmorreworked-1.20.1-v1a.jar with {cosmeticarmorreworked} mods - versions {1.20.1-v1a}
[27Apr2026 18:54:49.650] [main/DEBUG] [net.minecraftforge.fml.loading.moddiscovery.ModFileParser/LOADING]: Considering mod file candidate /workspaces/Explorecraft/servidor_minecraft/mods/CreativeCore_FORGE_v2.12.31_mc1.20.1.jar
[27Apr2026 18:54:49.650] [main/DEBUG] [net.minecraftforge.fml.loading.moddiscovery.ModFileInfo/LOADING]: Found valid mod file CreativeCore_FORGE_v2.12.31_mc1.20.1.jar with {creativecore} mods - versions {2.12.31}
[27Apr2026 18:54:49.651] [main/DEBUG] [net.minecraftforge.fml.loading.moddiscovery.ModFileParser/LOADING]: Considering mod file candidate /workspaces/Explorecraft/servidor_minecraft/mods/creature_compendium-1.3.1.jar
[27Apr2026 18:54:49.652] [main/DEBUG] [net.minecraftforge.fml.loading.moddiscovery.ModFileInfo/LOADING]: Found valid mod file creature_compendium-1.3.1.jar with {creature_compendium} mods - versions {1.3.1}
[27Apr2026 18:54:49.652] [main/DEBUG] [net.minecraftforge.fml.loading.moddiscovery.ModFileParser/LOADING]: Considering mod file candidate /workspaces/Explorecraft/servidor_minecraft/mods/crittersandcompanions-forge-2.2.2.jar
[27Apr2026 18:54:49.653] [main/DEBUG] [net.minecraftforge.fml.loading.moddiscovery.ModFileInfo/LOADING]: Found valid mod file crittersandcompanions-forge-2.2.2.jar with {crittersandcompanions} mods - versions {2.2.2}
[27Apr2026 18:54:49.653] [main/DEBUG] [net.minecraftforge.fml.loading.moddiscovery.ModFileParser/LOADING]: Considering mod file candidate /workspaces/Explorecraft/servidor_minecraft/mods/cupboard-1.20.1-2.7.jar
[27Apr2026 18:54:49.654] [main/DEBUG] [net.minecraftforge.fml.loading.moddiscovery.ModFileInfo/LOADING]: Found valid mod file cupboard-1.20.1-2.7.jar with {cupboard} mods - versions {1.20.1-2.7}
[27Apr2026 18:54:49.655] [main/DEBUG] [net.minecraftforge.fml.loading.moddiscovery.ModFileParser/LOADING]: Considering mod file candidate /workspaces/Explorecraft/servidor_minecraft/mods/curios-forge-5.12.1+1.20.1.jar
[27Apr2026 18:54:49.655] [main/DEBUG] [net.minecraftforge.fml.loading.moddiscovery.ModFileInfo/LOADING]: Found valid mod file curios-forge-5.12.1+1.20.1.jar with {curios} mods - versions {5.12.1+1.20.1}
[27Apr2026 18:54:49.656] [main/DEBUG] [net.minecraftforge.fml.loading.moddiscovery.ModFileParser/LOADING]: Considering mod file candidate /workspaces/Explorecraft/servidor_minecraft/mods/dynamiclights-v1.8.2-mc1.17x-1.20x-mod.jar
[27Apr2026 18:54:49.657] [main/DEBUG] [net.minecraftforge.fml.loading.moddiscovery.ModFileInfo/LOADING]: Found valid mod file dynamiclights-v1.8.2-mc1.17x-1.20x-mod.jar with {dynamiclights} mods - versions {1.8.2+mod}
[27Apr2026 18:54:49.657] [main/DEBUG] [net.minecraftforge.fml.loading.moddiscovery.ModFileParser/LOADING]: Considering mod file candidate /workspaces/Explorecraft/servidor_minecraft/mods/ears-forge-1.19.4-1.4.7.jar
[27Apr2026 18:54:49.658] [main/DEBUG] [net.minecraftforge.fml.loading.moddiscovery.ModFileInfo/LOADING]: Found valid mod file ears-forge-1.19.4-1.4.7.jar with {ears} mods - versions {1.4.7}
[27Apr2026 18:54:49.659] [main/DEBUG] [net.minecraftforge.fml.loading.moddiscovery.ModFileParser/LOADING]: Considering mod file candidate /workspaces/Explorecraft/servidor_minecraft/mods/FarmersDelight-1.20.1-1.2.7.jar
[27Apr2026 18:54:49.660] [main/DEBUG] [net.minecraftforge.fml.loading.moddiscovery.ModFileInfo/LOADING]: Found valid mod file FarmersDelight-1.20.1-1.2.7.jar with {farmersdelight} mods - versions {1.20.1-1.2.7}
[27Apr2026 18:54:49.660] [main/DEBUG] [net.minecraftforge.fml.loading.moddiscovery.ModFileParser/LOADING]: Considering mod file candidate /workspaces/Explorecraft/servidor_minecraft/mods/Fastload-Reforged-mc1.20.1-3.4.0.jar
[27Apr2026 18:54:49.661] [main/DEBUG] [net.minecraftforge.fml.loading.moddiscovery.ModFileInfo/LOADING]: Found valid mod file Fastload-Reforged-mc1.20.1-3.4.0.jar with {fastload} mods - versions {3.4.0}
[27Apr2026 18:54:49.664] [main/DEBUG] [net.minecraftforge.fml.loading.moddiscovery.ModFileParser/LOADING]: Considering mod file candidate /workspaces/Explorecraft/servidor_minecraft/mods/framework-forge-1.20.1-0.8.0.jar
[27Apr2026 18:54:49.665] [main/DEBUG] [net.minecraftforge.fml.loading.moddiscovery.ModFileInfo/LOADING]: Found valid mod file framework-forge-1.20.1-0.8.0.jar with {framework} mods - versions {0.8.0}
[27Apr2026 18:54:49.665] [main/DEBUG] [net.minecraftforge.fml.loading.moddiscovery.ModFileParser/LOADING]: Considering mod file candidate /workspaces/Explorecraft/servidor_minecraft/mods/ftb-essentials-forge-2001.2.4.jar
[27Apr2026 18:54:49.666] [main/DEBUG] [net.minecraftforge.fml.loading.moddiscovery.ModFileInfo/LOADING]: Found valid mod file ftb-essentials-forge-2001.2.4.jar with {ftbessentials} mods - versions {2001.2.4}
[27Apr2026 18:54:49.667] [main/DEBUG] [net.minecraftforge.fml.loading.moddiscovery.ModFileParser/LOADING]: Considering mod file candidate /workspaces/Explorecraft/servidor_minecraft/mods/ftb-library-forge-2001.2.12.jar
[27Apr2026 18:54:49.667] [main/DEBUG] [net.minecraftforge.fml.loading.moddiscovery.ModFileInfo/LOADING]: Found valid mod file ftb-library-forge-2001.2.12.jar with {ftblibrary} mods - versions {2001.2.12}
[27Apr2026 18:54:49.668] [main/DEBUG] [net.minecraftforge.fml.loading.moddiscovery.ModFileParser/LOADING]: Considering mod file candidate /workspaces/Explorecraft/servidor_minecraft/mods/geckolib-forge-1.20.1-4.7.1.2.jar
[27Apr2026 18:54:49.668] [main/DEBUG] [net.minecraftforge.fml.loading.moddiscovery.ModFileInfo/LOADING]: Found valid mod file geckolib-forge-1.20.1-4.7.1.2.jar with {geckolib} mods - versions {4.7.1.2}
[27Apr2026 18:54:49.669] [main/DEBUG] [net.minecraftforge.fml.loading.moddiscovery.ModFileParser/LOADING]: Considering mod file candidate /workspaces/Explorecraft/servidor_minecraft/mods/Geophilic v3.4 f15-71.mod.jar
[27Apr2026 18:54:49.670] [main/DEBUG] [net.minecraftforge.fml.loading.moddiscovery.ModFileInfo/LOADING]: Found valid mod file Geophilic v3.4 f15-71.mod.jar with {geophilic} mods - versions {3.4}
[27Apr2026 18:54:49.672] [main/DEBUG] [net.minecraftforge.fml.loading.moddiscovery.ModFileParser/LOADING]: Considering mod file candidate /workspaces/Explorecraft/servidor_minecraft/mods/goblintraders-forge-1.20.1-1.9.3.jar
[27Apr2026 18:54:49.673] [main/DEBUG] [net.minecraftforge.fml.loading.moddiscovery.ModFileInfo/LOADING]: Found valid mod file goblintraders-forge-1.20.1-1.9.3.jar with {goblintraders} mods - versions {1.9.3}
[27Apr2026 18:54:49.674] [main/DEBUG] [net.minecraftforge.fml.loading.moddiscovery.ModFileParser/LOADING]: Considering mod file candidate /workspaces/Explorecraft/servidor_minecraft/mods/hamsters-forge-1.0.3-1.20.1.jar
[27Apr2026 18:54:49.674] [main/DEBUG] [net.minecraftforge.fml.loading.moddiscovery.ModFileInfo/LOADING]: Found valid mod file hamsters-forge-1.0.3-1.20.1.jar with {hamsters} mods - versions {1.20.1-1.0.3}
[27Apr2026 18:54:49.676] [main/DEBUG] [net.minecraftforge.fml.loading.moddiscovery.ModFileParser/LOADING]: Considering mod file candidate /workspaces/Explorecraft/servidor_minecraft/mods/HangGlider-v8.0.1-1.20.1-Forge.jar
[27Apr2026 18:54:49.676] [main/DEBUG] [net.minecraftforge.fml.loading.moddiscovery.ModFileInfo/LOADING]: Found valid mod file HangGlider-v8.0.1-1.20.1-Forge.jar with {hangglider} mods - versions {8.0.1}
[27Apr2026 18:54:49.679] [main/DEBUG] [net.minecraftforge.fml.loading.moddiscovery.ModFileParser/LOADING]: Considering mod file candidate /workspaces/Explorecraft/servidor_minecraft/mods/iceandfire-2.1.13-1.20.1-beta-5.jar
[27Apr2026 18:54:49.680] [main/DEBUG] [net.minecraftforge.fml.loading.moddiscovery.ModFileInfo/LOADING]: Found valid mod file iceandfire-2.1.13-1.20.1-beta-5.jar with {iceandfire} mods - versions {2.1.13-1.20.1}
[27Apr2026 18:54:49.680] [main/DEBUG] [net.minecraftforge.fml.loading.moddiscovery.ModFileParser/LOADING]: Considering mod file candidate /workspaces/Explorecraft/servidor_minecraft/mods/immersive_aircraft-1.2.2+1.20.1-forge.jar
[27Apr2026 18:54:49.681] [main/DEBUG] [net.minecraftforge.fml.loading.moddiscovery.ModFileInfo/LOADING]: Found valid mod file immersive_aircraft-1.2.2+1.20.1-forge.jar with {immersive_aircraft} mods - versions {1.2.2+1.20.1}
[27Apr2026 18:54:49.682] [main/DEBUG] [net.minecraftforge.fml.loading.moddiscovery.ModFileParser/LOADING]: Considering mod file candidate /workspaces/Explorecraft/servidor_minecraft/mods/immersive_melodies-0.4.0+1.20.1-forge.jar
[27Apr2026 18:54:49.683] [main/DEBUG] [net.minecraftforge.fml.loading.moddiscovery.ModFileInfo/LOADING]: Found valid mod file immersive_melodies-0.4.0+1.20.1-forge.jar with {immersive_melodies} mods - versions {0.4.0+1.20.1}
[27Apr2026 18:54:49.683] [main/DEBUG] [net.minecraftforge.fml.loading.moddiscovery.ModFileParser/LOADING]: Considering mod file candidate /workspaces/Explorecraft/servidor_minecraft/mods/Jade-1.20.1-forge-11.11.1.jar
[27Apr2026 18:54:49.684] [main/DEBUG] [net.minecraftforge.fml.loading.moddiscovery.ModFileInfo/LOADING]: Found valid mod file Jade-1.20.1-forge-11.11.1.jar with {jade} mods - versions {11.11.1+forge}
[27Apr2026 18:54:49.685] [main/DEBUG] [net.minecraftforge.fml.loading.moddiscovery.ModFileParser/LOADING]: Considering mod file candidate /workspaces/Explorecraft/servidor_minecraft/mods/letsdo-vinery-forge-1.4.39.jar
[27Apr2026 18:54:49.686] [main/DEBUG] [net.minecraftforge.fml.loading.moddiscovery.ModFileInfo/LOADING]: Found valid mod file letsdo-vinery-forge-1.4.39.jar with {vinery} mods - versions {1.4.39}
[27Apr2026 18:54:49.686] [main/DEBUG] [net.minecraftforge.fml.loading.moddiscovery.ModFileParser/LOADING]: Considering mod file candidate /workspaces/Explorecraft/servidor_minecraft/mods/libraryferret-forge-1.20.1-4.0.0.jar
[27Apr2026 18:54:49.687] [main/DEBUG] [net.minecraftforge.fml.loading.moddiscovery.ModFileInfo/LOADING]: Found valid mod file libraryferret-forge-1.20.1-4.0.0.jar with {libraryferret} mods - versions {4.0.0}
[27Apr2026 18:54:49.687] [main/DEBUG] [net.minecraftforge.fml.loading.moddiscovery.ModFileParser/LOADING]: Considering mod file candidate /workspaces/Explorecraft/servidor_minecraft/mods/medieval_buildings-1.20.1-1.1.1-forge.jar
[27Apr2026 18:54:49.688] [main/DEBUG] [net.minecraftforge.fml.loading.moddiscovery.ModFileInfo/LOADING]: Found valid mod file medieval_buildings-1.20.1-1.1.1-forge.jar with {medieval_buildings} mods - versions {1.1.1}
[27Apr2026 18:54:49.689] [main/DEBUG] [net.minecraftforge.fml.loading.moddiscovery.ModFileParser/LOADING]: Considering mod file candidate /workspaces/Explorecraft/servidor_minecraft/mods/mns-1.0.3-1.20-forge.jar
[27Apr2026 18:54:49.690] [main/DEBUG] [net.minecraftforge.fml.loading.moddiscovery.ModFileInfo/LOADING]: Found valid mod file mns-1.0.3-1.20-forge.jar with {mns} mods - versions {1.0.3-1.20-forge}
[27Apr2026 18:54:49.690] [main/DEBUG] [net.minecraftforge.fml.loading.moddiscovery.ModFileParser/LOADING]: Considering mod file candidate /workspaces/Explorecraft/servidor_minecraft/mods/MOAdecor ELECTRONICS 1.20.1.A.jar
[27Apr2026 18:54:49.691] [main/DEBUG] [net.minecraftforge.fml.loading.moddiscovery.ModFileInfo/LOADING]: Found valid mod file MOAdecor ELECTRONICS 1.20.1.A.jar with {moa_decor_electronics} mods - versions {1.20.1.}
[27Apr2026 18:54:49.692] [main/DEBUG] [net.minecraftforge.fml.loading.moddiscovery.ModFileParser/LOADING]: Considering mod file candidate /workspaces/Explorecraft/servidor_minecraft/mods/MorePlayerModels-1.20.1.20240409.jar
[27Apr2026 18:54:49.692] [main/DEBUG] [net.minecraftforge.fml.loading.moddiscovery.ModFileInfo/LOADING]: Found valid mod file MorePlayerModels-1.20.1.20240409.jar with {moreplayermodels} mods - versions {1.20.1.20240409}
[27Apr2026 18:54:49.693] [main/DEBUG] [net.minecraftforge.fml.loading.moddiscovery.ModFileParser/LOADING]: Considering mod file candidate /workspaces/Explorecraft/servidor_minecraft/mods/mowziesmobs-1.7.1.jar
[27Apr2026 18:54:49.694] [main/DEBUG] [net.minecraftforge.fml.loading.moddiscovery.ModFileInfo/LOADING]: Found valid mod file mowziesmobs-1.7.1.jar with {mowziesmobs} mods - versions {1.7.1}
[27Apr2026 18:54:49.694] [main/DEBUG] [net.minecraftforge.fml.loading.moddiscovery.ModFileParser/LOADING]: Considering mod file candidate /workspaces/Explorecraft/servidor_minecraft/mods/Necronomicon-Forge-1.6.0+1.20.1.jar
[27Apr2026 18:54:49.695] [main/DEBUG] [net.minecraftforge.fml.loading.moddiscovery.ModFileInfo/LOADING]: Found valid mod file Necronomicon-Forge-1.6.0+1.20.1.jar with {necronomicon} mods - versions {1.6.0}
[27Apr2026 18:54:49.695] [main/DEBUG] [net.minecraftforge.fml.loading.moddiscovery.ModFileParser/LOADING]: Considering mod file candidate /workspaces/Explorecraft/servidor_minecraft/mods/OctoLib-FORGE-0.5.0.1+1.20.1.jar
[27Apr2026 18:54:49.696] [main/DEBUG] [net.minecraftforge.fml.loading.moddiscovery.ModFileInfo/LOADING]: Found valid mod file OctoLib-FORGE-0.5.0.1+1.20.1.jar with {octolib} mods - versions {0.5.0.1}
[27Apr2026 18:54:49.697] [main/DEBUG] [net.minecraftforge.fml.loading.moddiscovery.ModFileParser/LOADING]: Considering mod file candidate /workspaces/Explorecraft/servidor_minecraft/mods/ParCool-1.20.1-3.3.1.1.jar
[27Apr2026 18:54:49.697] [main/DEBUG] [net.minecraftforge.fml.loading.moddiscovery.ModFileInfo/LOADING]: Found valid mod file ParCool-1.20.1-3.3.1.1.jar with {parcool} mods - versions {3.3.1.1}
[27Apr2026 18:54:49.698] [main/DEBUG] [net.minecraftforge.fml.loading.moddiscovery.ModFileParser/LOADING]: Considering mod file candidate /workspaces/Explorecraft/servidor_minecraft/mods/Patchouli-1.20.1-85-FORGE.jar
[27Apr2026 18:54:49.698] [main/DEBUG] [net.minecraftforge.fml.loading.moddiscovery.ModFileInfo/LOADING]: Found valid mod file Patchouli-1.20.1-85-FORGE.jar with {patchouli} mods - versions {1.20.1-85-FORGE}
[27Apr2026 18:54:49.699] [main/DEBUG] [net.minecraftforge.fml.loading.moddiscovery.ModFileParser/LOADING]: Considering mod file candidate /workspaces/Explorecraft/servidor_minecraft/mods/pet_cemetery-1.20.1-2.0.0.jar
[27Apr2026 18:54:49.699] [main/DEBUG] [net.minecraftforge.fml.loading.moddiscovery.ModFileInfo/LOADING]: Found valid mod file pet_cemetery-1.20.1-2.0.0.jar with {pet_cemetery} mods - versions {2.0.0}
[27Apr2026 18:54:49.700] [main/DEBUG] [net.minecraftforge.fml.loading.moddiscovery.ModFileParser/LOADING]: Considering mod file candidate /workspaces/Explorecraft/servidor_minecraft/mods/player-animation-lib-forge-1.0.2-rc1+1.20.jar
[27Apr2026 18:54:49.700] [main/DEBUG] [net.minecraftforge.fml.loading.moddiscovery.ModFileInfo/LOADING]: Found valid mod file player-animation-lib-forge-1.0.2-rc1+1.20.jar with {playeranimator} mods - versions {1.0.2-rc1+1.20}
[27Apr2026 18:54:49.701] [main/DEBUG] [net.minecraftforge.fml.loading.moddiscovery.ModFileParser/LOADING]: Considering mod file candidate /workspaces/Explorecraft/servidor_minecraft/mods/PlayerRevive_FORGE_v2.0.31_mc1.20.1.jar
[27Apr2026 18:54:49.701] [main/DEBUG] [net.minecraftforge.fml.loading.moddiscovery.ModFileInfo/LOADING]: Found valid mod file PlayerRevive_FORGE_v2.0.31_mc1.20.1.jar with {playerrevive} mods - versions {2.0.31}
[27Apr2026 18:54:49.711] [main/DEBUG] [net.minecraftforge.fml.loading.moddiscovery.ModFileParser/LOADING]: Considering mod file candidate /workspaces/Explorecraft/servidor_minecraft/mods/PuzzlesLib-v8.1.29-1.20.1-Forge.jar
[27Apr2026 18:54:49.711] [main/DEBUG] [net.minecraftforge.fml.loading.moddiscovery.ModFileInfo/LOADING]: Found valid mod file PuzzlesLib-v8.1.29-1.20.1-Forge.jar with {puzzleslib} mods - versions {8.1.29}
[27Apr2026 18:54:49.712] [main/DEBUG] [net.minecraftforge.fml.loading.moddiscovery.ModFileParser/LOADING]: Considering mod file candidate /workspaces/Explorecraft/servidor_minecraft/mods/radium-mc1.20.1-0.12.3+git.50c5c33.jar
[27Apr2026 18:54:49.713] [main/DEBUG] [net.minecraftforge.fml.loading.moddiscovery.ModFileInfo/LOADING]: Found valid mod file radium-mc1.20.1-0.12.3+git.50c5c33.jar with {radium} mods - versions {0.12.3+git.50c5c33}
[27Apr2026 18:54:49.757] [main/DEBUG] [net.minecraftforge.fml.loading.moddiscovery.ModFileParser/LOADING]: Considering mod file candidate /workspaces/Explorecraft/servidor_minecraft/mods/refurbished_furniture-forge-1.20.1-1.0.12.jar
[27Apr2026 18:54:49.758] [main/DEBUG] [net.minecraftforge.fml.loading.moddiscovery.ModFileInfo/LOADING]: Found valid mod file refurbished_furniture-forge-1.20.1-1.0.12.jar with {refurbished_furniture} mods - versions {1.0.12}
[27Apr2026 18:54:49.786] [main/DEBUG] [net.minecraftforge.fml.loading.moddiscovery.ModFileParser/LOADING]: Considering mod file candidate /workspaces/Explorecraft/servidor_minecraft/mods/relics-1.20.1-0.8.0.9.jar
[27Apr2026 18:54:49.787] [main/DEBUG] [net.minecraftforge.fml.loading.moddiscovery.ModFileInfo/LOADING]: Found valid mod file relics-1.20.1-0.8.0.9.jar with {relics} mods - versions {0.8.0.9}
[27Apr2026 18:54:49.787] [main/DEBUG] [net.minecraftforge.fml.loading.moddiscovery.ModFileParser/LOADING]: Considering mod file candidate /workspaces/Explorecraft/servidor_minecraft/mods/royal_variations_[Forge]_1.20.1_1.0.jar
[27Apr2026 18:54:49.788] [main/DEBUG] [net.minecraftforge.fml.loading.moddiscovery.ModFileInfo/LOADING]: Found valid mod file royal_variations_[Forge]_1.20.1_1.0.jar with {royalvariations} mods - versions {1.0.0}
[27Apr2026 18:54:49.789] [main/DEBUG] [net.minecraftforge.fml.loading.moddiscovery.ModFileParser/LOADING]: Considering mod file candidate /workspaces/Explorecraft/servidor_minecraft/mods/rubidium-extra-0.5.4.3+mc1.20.1-build.121.jar
[27Apr2026 18:54:49.790] [main/DEBUG] [net.minecraftforge.fml.loading.moddiscovery.ModFileInfo/LOADING]: Found valid mod file rubidium-extra-0.5.4.3+mc1.20.1-build.121.jar with {embeddium_extra} mods - versions {0.5.4.3+mc1.20.1-build.121}
[27Apr2026 18:54:49.791] [main/DEBUG] [net.minecraftforge.fml.loading.moddiscovery.ModFileParser/LOADING]: Considering mod file candidate /workspaces/Explorecraft/servidor_minecraft/mods/rusticdelight-forge-1.20.1-1.4.1.jar
[27Apr2026 18:54:49.792] [main/DEBUG] [net.minecraftforge.fml.loading.moddiscovery.ModFileInfo/LOADING]: Found valid mod file rusticdelight-forge-1.20.1-1.4.1.jar with {rusticdelight} mods - versions {1.4.1}
[27Apr2026 18:54:49.792] [main/DEBUG] [net.minecraftforge.fml.loading.moddiscovery.ModFileParser/LOADING]: Considering mod file candidate /workspaces/Explorecraft/servidor_minecraft/mods/Sitting+-2.0.1-forge-1.20.1.jar
[27Apr2026 18:54:49.793] [main/DEBUG] [net.minecraftforge.fml.loading.moddiscovery.ModFileInfo/LOADING]: Found valid mod file Sitting+-2.0.1-forge-1.20.1.jar with {sitmod} mods - versions {2.0.1}
[27Apr2026 18:54:49.794] [main/DEBUG] [net.minecraftforge.fml.loading.moddiscovery.ModFileParser/LOADING]: Considering mod file candidate /workspaces/Explorecraft/servidor_minecraft/mods/tameablebeasts-6.2.jar
[27Apr2026 18:54:49.794] [main/DEBUG] [net.minecraftforge.fml.loading.moddiscovery.ModFileInfo/LOADING]: Found valid mod file tameablebeasts-6.2.jar with {tameablebeasts} mods - versions {6.2}
[27Apr2026 18:54:49.796] [main/DEBUG] [net.minecraftforge.fml.loading.moddiscovery.ModFileParser/LOADING]: Considering mod file candidate /workspaces/Explorecraft/servidor_minecraft/mods/Terralith_1.20.x_v2.5.4.jar
[27Apr2026 18:54:49.797] [main/DEBUG] [net.minecraftforge.fml.loading.moddiscovery.ModFileInfo/LOADING]: Found valid mod file Terralith_1.20.x_v2.5.4.jar with {terralith} mods - versions {2.5.4}
[27Apr2026 18:54:49.808] [main/DEBUG] [net.minecraftforge.fml.loading.moddiscovery.ModFileParser/LOADING]: Considering mod file candidate /workspaces/Explorecraft/servidor_minecraft/mods/travelersbackpack-forge-1.20.1-9.1.33.jar
[27Apr2026 18:54:49.808] [main/DEBUG] [net.minecraftforge.fml.loading.moddiscovery.ModFileInfo/LOADING]: Found valid mod file travelersbackpack-forge-1.20.1-9.1.33.jar with {travelersbackpack} mods - versions {9.1.33}
[27Apr2026 18:54:49.809] [main/DEBUG] [net.minecraftforge.fml.loading.moddiscovery.ModFileParser/LOADING]: Considering mod file candidate /workspaces/Explorecraft/servidor_minecraft/mods/TreeChop-1.20.1-forge-0.19.0-fixed.jar
[27Apr2026 18:54:49.809] [main/DEBUG] [net.minecraftforge.fml.loading.moddiscovery.ModFileInfo/LOADING]: Found valid mod file TreeChop-1.20.1-forge-0.19.0-fixed.jar with {treechop} mods - versions {0.19.0}
[27Apr2026 18:54:49.810] [main/DEBUG] [net.minecraftforge.fml.loading.moddiscovery.ModFileParser/LOADING]: Considering mod file candidate /workspaces/Explorecraft/servidor_minecraft/mods/treeharvester-1.20.1-9.1.jar
[27Apr2026 18:54:49.811] [main/DEBUG] [net.minecraftforge.fml.loading.moddiscovery.ModFileInfo/LOADING]: Found valid mod file treeharvester-1.20.1-9.1.jar with {treeharvester} mods - versions {9.1}
[27Apr2026 18:54:49.814] [main/DEBUG] [net.minecraftforge.fml.loading.moddiscovery.ModFileParser/LOADING]: Considering mod file candidate /workspaces/Explorecraft/servidor_minecraft/mods/twilightforest-1.20.1-4.3.2508-universal.jar
[27Apr2026 18:54:49.815] [main/DEBUG] [net.minecraftforge.fml.loading.moddiscovery.ModFileInfo/LOADING]: Found valid mod file twilightforest-1.20.1-4.3.2508-universal.jar with {twilightforest} mods - versions {4.3.2508}
[27Apr2026 18:54:49.815] [main/DEBUG] [net.minecraftforge.fml.loading.moddiscovery.ModFileParser/LOADING]: Considering mod file candidate /workspaces/Explorecraft/servidor_minecraft/mods/veinminer-1.1.0.jar
[27Apr2026 18:54:49.816] [main/DEBUG] [net.minecraftforge.fml.loading.moddiscovery.ModFileInfo/LOADING]: Found valid mod file veinminer-1.1.0.jar with {mr_veinminer} mods - versions {1.1.0}
[27Apr2026 18:54:49.817] [main/DEBUG] [net.minecraftforge.fml.loading.moddiscovery.ModFileParser/LOADING]: Considering mod file candidate /workspaces/Explorecraft/servidor_minecraft/mods/voicechat-forge-1.20.1-2.5.28.jar
[27Apr2026 18:54:49.818] [main/DEBUG] [net.minecraftforge.fml.loading.moddiscovery.ModFileInfo/LOADING]: Found valid mod file voicechat-forge-1.20.1-2.5.28.jar with {voicechat} mods - versions {1.20.1-2.5.28}
[27Apr2026 18:54:49.818] [main/DEBUG] [net.minecraftforge.fml.loading.moddiscovery.ModFileParser/LOADING]: Considering mod file candidate /workspaces/Explorecraft/servidor_minecraft/mods/watut-forge-1.20.1-1.2.3.jar
[27Apr2026 18:54:49.819] [main/DEBUG] [net.minecraftforge.fml.loading.moddiscovery.ModFileInfo/LOADING]: Found valid mod file watut-forge-1.20.1-1.2.3.jar with {watut} mods - versions {1.20.1-1.2.3}
[27Apr2026 18:54:49.819] [main/DEBUG] [net.minecraftforge.fml.loading.moddiscovery.ModFileParser/LOADING]: Considering mod file candidate /workspaces/Explorecraft/servidor_minecraft/mods/waystones-forge-1.20.1-14.1.11.jar
[27Apr2026 18:54:49.820] [main/DEBUG] [net.minecraftforge.fml.loading.moddiscovery.ModFileInfo/LOADING]: Found valid mod file waystones-forge-1.20.1-14.1.11.jar with {waystones} mods - versions {14.1.11}
[27Apr2026 18:54:49.820] [main/DEBUG] [net.minecraftforge.fml.loading.moddiscovery.ModFileParser/LOADING]: Considering mod file candidate /workspaces/Explorecraft/servidor_minecraft/mods/wings-2.1.4-all.jar
[27Apr2026 18:54:49.821] [main/DEBUG] [net.minecraftforge.fml.loading.moddiscovery.ModFileInfo/LOADING]: Found valid mod file wings-2.1.4-all.jar with {wings} mods - versions {2.1.4}
[27Apr2026 18:54:49.822] [main/DEBUG] [net.minecraftforge.fml.loading.moddiscovery.ModFileParser/LOADING]: Considering mod file candidate /workspaces/Explorecraft/servidor_minecraft/mods/WWOO-FABRIC+FORGE+QUILT-2.0.0.jar
[27Apr2026 18:54:49.823] [main/DEBUG] [net.minecraftforge.fml.loading.moddiscovery.ModFileInfo/LOADING]: Found valid mod file WWOO-FABRIC+FORGE+QUILT-2.0.0.jar with {wwoo_forge} mods - versions {2.0.0}
[27Apr2026 18:54:49.824] [main/DEBUG] [net.minecraftforge.fml.loading.moddiscovery.ModFileParser/LOADING]: Considering mod file candidate /workspaces/Explorecraft/servidor_minecraft/mods/Xaeros_Minimap_25.1.0_Forge_1.20.jar
[27Apr2026 18:54:49.824] [main/DEBUG] [net.minecraftforge.fml.loading.moddiscovery.ModFileInfo/LOADING]: Found valid mod file Xaeros_Minimap_25.1.0_Forge_1.20.jar with {xaerominimap} mods - versions {25.1.0}
[27Apr2026 18:54:49.825] [main/DEBUG] [net.minecraftforge.fml.loading.moddiscovery.ModFileParser/LOADING]: Considering mod file candidate /workspaces/Explorecraft/servidor_minecraft/mods/XaerosWorldMap_1.39.4_Forge_1.20.jar
[27Apr2026 18:54:49.826] [main/DEBUG] [net.minecraftforge.fml.loading.moddiscovery.ModFileInfo/LOADING]: Found valid mod file XaerosWorldMap_1.39.4_Forge_1.20.jar with {xaeroworldmap} mods - versions {1.39.4}
[27Apr2026 18:54:49.826] [main/DEBUG] [net.minecraftforge.fml.loading.moddiscovery.ModFileParser/LOADING]: Considering mod file candidate /workspaces/Explorecraft/servidor_minecraft/mods/YungsApi-1.20-Forge-4.0.6.jar
[27Apr2026 18:54:49.827] [main/DEBUG] [net.minecraftforge.fml.loading.moddiscovery.ModFileInfo/LOADING]: Found valid mod file YungsApi-1.20-Forge-4.0.6.jar with {yungsapi} mods - versions {1.20-Forge-4.0.6}
[27Apr2026 18:54:49.827] [main/DEBUG] [net.minecraftforge.fml.loading.moddiscovery.ModFileParser/LOADING]: Considering mod file candidate /workspaces/Explorecraft/servidor_minecraft/mods/YungsBetterNetherFortresses-1.20-Forge-2.0.6.jar
[27Apr2026 18:54:49.828] [main/DEBUG] [net.minecraftforge.fml.loading.moddiscovery.ModFileInfo/LOADING]: Found valid mod file YungsBetterNetherFortresses-1.20-Forge-2.0.6.jar with {betterfortresses} mods - versions {1.20-Forge-2.0.6}
[27Apr2026 18:54:49.905] [main/DEBUG] [net.minecraftforge.fml.loading.moddiscovery.ModFileInfo/LOADING]: Found valid mod file server-1.20.1-20230612.114412-srg.jar with {minecraft} mods - versions {1.20.1}
[27Apr2026 18:54:49.912] [main/DEBUG] [net.minecraftforge.fml.loading.moddiscovery.ModFileParser/LOADING]: Considering mod file candidate /workspaces/Explorecraft/servidor_minecraft/libraries/net/minecraftforge/fmlcore/1.20.1-47.3.7/fmlcore-1.20.1-47.3.7.jar
[27Apr2026 18:54:49.912] [main/WARN] [net.minecraftforge.fml.loading.moddiscovery.ModFileParser/LOADING]: Mod file /workspaces/Explorecraft/servidor_minecraft/libraries/net/minecraftforge/fmlcore/1.20.1-47.3.7/fmlcore-1.20.1-47.3.7.jar is missing mods.toml file
[27Apr2026 18:54:49.914] [main/DEBUG] [net.minecraftforge.fml.loading.moddiscovery.ModFileParser/LOADING]: Considering mod file candidate /workspaces/Explorecraft/servidor_minecraft/libraries/net/minecraftforge/javafmllanguage/1.20.1-47.3.7/javafmllanguage-1.20.1-47.3.7.jar
[27Apr2026 18:54:49.914] [main/WARN] [net.minecraftforge.fml.loading.moddiscovery.ModFileParser/LOADING]: Mod file /workspaces/Explorecraft/servidor_minecraft/libraries/net/minecraftforge/javafmllanguage/1.20.1-47.3.7/javafmllanguage-1.20.1-47.3.7.jar is missing mods.toml file
[27Apr2026 18:54:49.915] [main/DEBUG] [net.minecraftforge.fml.loading.moddiscovery.ModFileParser/LOADING]: Considering mod file candidate /workspaces/Explorecraft/servidor_minecraft/libraries/net/minecraftforge/lowcodelanguage/1.20.1-47.3.7/lowcodelanguage-1.20.1-47.3.7.jar
[27Apr2026 18:54:49.915] [main/WARN] [net.minecraftforge.fml.loading.moddiscovery.ModFileParser/LOADING]: Mod file /workspaces/Explorecraft/servidor_minecraft/libraries/net/minecraftforge/lowcodelanguage/1.20.1-47.3.7/lowcodelanguage-1.20.1-47.3.7.jar is missing mods.toml file
[27Apr2026 18:54:49.916] [main/DEBUG] [net.minecraftforge.fml.loading.moddiscovery.ModFileParser/LOADING]: Considering mod file candidate /workspaces/Explorecraft/servidor_minecraft/libraries/net/minecraftforge/mclanguage/1.20.1-47.3.7/mclanguage-1.20.1-47.3.7.jar
[27Apr2026 18:54:49.916] [main/WARN] [net.minecraftforge.fml.loading.moddiscovery.ModFileParser/LOADING]: Mod file /workspaces/Explorecraft/servidor_minecraft/libraries/net/minecraftforge/mclanguage/1.20.1-47.3.7/mclanguage-1.20.1-47.3.7.jar is missing mods.toml file
[27Apr2026 18:54:49.942] [main/DEBUG] [net.minecraftforge.fml.loading.moddiscovery.ModFileParser/LOADING]: Considering mod file candidate /workspaces/Explorecraft/servidor_minecraft/libraries/net/minecraftforge/forge/1.20.1-47.3.7/forge-1.20.1-47.3.7-universal.jar
[27Apr2026 18:54:49.943] [main/DEBUG] [net.minecraftforge.fml.loading.moddiscovery.ModFileInfo/LOADING]: Found valid mod file forge-1.20.1-47.3.7-universal.jar with {forge} mods - versions {47.3.7}
[27Apr2026 18:54:49.955] [main/DEBUG] [net.minecraftforge.fml.loading.moddiscovery.AbstractJarFileDependencyLocator/]: Failed to load resource META-INF/jarjar/metadata.json from TreeChop-1.20.1-forge-0.19.0-fixed.jar, it does not contain dependency information.
[27Apr2026 18:54:49.956] [main/DEBUG] [net.minecraftforge.fml.loading.moddiscovery.AbstractJarFileDependencyLocator/]: Failed to load resource META-INF/jarjar/metadata.json from mowziesmobs-1.7.1.jar, it does not contain dependency information.
[27Apr2026 18:54:49.956] [main/DEBUG] [net.minecraftforge.fml.loading.moddiscovery.AbstractJarFileDependencyLocator/]: Failed to load resource META-INF/jarjar/metadata.json from ftb-essentials-forge-2001.2.4.jar, it does not contain dependency information.
[27Apr2026 18:54:49.956] [main/DEBUG] [net.minecraftforge.fml.loading.moddiscovery.AbstractJarFileDependencyLocator/]: Failed to load resource META-INF/jarjar/metadata.json from Fastload-Reforged-mc1.20.1-3.4.0.jar, it does not contain dependency information.
[27Apr2026 18:54:49.956] [main/DEBUG] [net.minecraftforge.fml.loading.moddiscovery.AbstractJarFileDependencyLocator/]: Failed to load resource META-INF/jarjar/metadata.json from tameablebeasts-6.2.jar, it does not contain dependency information.
[27Apr2026 18:54:49.956] [main/DEBUG] [net.minecraftforge.fml.loading.moddiscovery.AbstractJarFileDependencyLocator/]: Failed to load resource META-INF/jarjar/metadata.json from ftb-library-forge-2001.2.12.jar, it does not contain dependency information.
[27Apr2026 18:54:49.957] [main/DEBUG] [net.minecraftforge.fml.loading.moddiscovery.AbstractJarFileDependencyLocator/]: Failed to load resource META-INF/jarjar/metadata.json from alexsmobs-1.22.9.jar, it does not contain dependency information.
[27Apr2026 18:54:49.957] [main/DEBUG] [net.minecraftforge.fml.loading.moddiscovery.AbstractJarFileDependencyLocator/]: Failed to load resource META-INF/jarjar/metadata.json from player-animation-lib-forge-1.0.2-rc1+1.20.jar, it does not contain dependency information.
[27Apr2026 18:54:49.957] [main/DEBUG] [net.minecraftforge.fml.loading.moddiscovery.AbstractJarFileDependencyLocator/]: Failed to load resource META-INF/jarjar/metadata.json from treeharvester-1.20.1-9.1.jar, it does not contain dependency information.
[27Apr2026 18:54:49.957] [main/DEBUG] [net.minecraftforge.fml.loading.moddiscovery.AbstractJarFileDependencyLocator/]: Failed to load resource META-INF/jarjar/metadata.json from hamsters-forge-1.0.3-1.20.1.jar, it does not contain dependency information.
[27Apr2026 18:54:49.957] [main/DEBUG] [net.minecraftforge.fml.loading.moddiscovery.AbstractJarFileDependencyLocator/]: Failed to load resource META-INF/jarjar/metadata.json from libraryferret-forge-1.20.1-4.0.0.jar, it does not contain dependency information.
[27Apr2026 18:54:49.958] [main/DEBUG] [net.minecraftforge.fml.loading.moddiscovery.AbstractJarFileDependencyLocator/]: Failed to load resource META-INF/jarjar/metadata.json from goblintraders-forge-1.20.1-1.9.3.jar, it does not contain dependency information.
[27Apr2026 18:54:49.958] [main/DEBUG] [net.minecraftforge.fml.loading.moddiscovery.AbstractJarFileDependencyLocator/]: Failed to load resource META-INF/jarjar/metadata.json from connectivity-1.20.1-5.6.jar, it does not contain dependency information.
[27Apr2026 18:54:49.958] [main/DEBUG] [net.minecraftforge.fml.loading.moddiscovery.AbstractJarFileDependencyLocator/]: Failed to load resource META-INF/jarjar/metadata.json from dynamiclights-v1.8.2-mc1.17x-1.20x-mod.jar, it does not contain dependency information.
[27Apr2026 18:54:49.958] [main/DEBUG] [net.minecraftforge.fml.loading.moddiscovery.AbstractJarFileDependencyLocator/]: Failed to load resource META-INF/jarjar/metadata.json from waystones-forge-1.20.1-14.1.11.jar, it does not contain dependency information.
[27Apr2026 18:54:49.958] [main/DEBUG] [net.minecraftforge.fml.loading.moddiscovery.AbstractJarFileDependencyLocator/]: Failed to load resource META-INF/jarjar/metadata.json from XaerosWorldMap_1.39.4_Forge_1.20.jar, it does not contain dependency information.
[27Apr2026 18:54:49.958] [main/DEBUG] [net.minecraftforge.fml.loading.moddiscovery.AbstractJarFileDependencyLocator/]: Failed to load resource META-INF/jarjar/metadata.json from citadel-2.6.1-1.20.1.jar, it does not contain dependency information.
[27Apr2026 18:54:49.959] [main/DEBUG] [net.minecraftforge.fml.loading.moddiscovery.AbstractJarFileDependencyLocator/]: Failed to load resource META-INF/jarjar/metadata.json from travelersbackpack-forge-1.20.1-9.1.33.jar, it does not contain dependency information.
[27Apr2026 18:54:49.959] [main/DEBUG] [net.minecraftforge.fml.loading.moddiscovery.AbstractJarFileDependencyLocator/]: Failed to load resource META-INF/jarjar/metadata.json from YungsApi-1.20-Forge-4.0.6.jar, it does not contain dependency information.
[27Apr2026 18:54:49.959] [main/DEBUG] [net.minecraftforge.fml.loading.moddiscovery.AbstractJarFileDependencyLocator/]: Failed to load resource META-INF/jarjar/metadata.json from veinminer-1.1.0.jar, it does not contain dependency information.
[27Apr2026 18:54:49.959] [main/DEBUG] [net.minecraftforge.fml.loading.moddiscovery.AbstractJarFileDependencyLocator/]: Failed to load resource META-INF/jarjar/metadata.json from letsdo-vinery-forge-1.4.39.jar, it does not contain dependency information.
[27Apr2026 18:54:49.959] [main/DEBUG] [net.minecraftforge.fml.loading.moddiscovery.AbstractJarFileDependencyLocator/]: Failed to load resource META-INF/jarjar/metadata.json from royal_variations_[Forge]_1.20.1_1.0.jar, it does not contain dependency information.
[27Apr2026 18:54:49.959] [main/DEBUG] [net.minecraftforge.fml.loading.moddiscovery.AbstractJarFileDependencyLocator/]: Failed to load resource META-INF/jarjar/metadata.json from relics-1.20.1-0.8.0.9.jar, it does not contain dependency information.
[27Apr2026 18:54:49.960] [main/DEBUG] [net.minecraftforge.fml.loading.moddiscovery.AbstractJarFileDependencyLocator/]: Failed to load resource META-INF/jarjar/metadata.json from creature_compendium-1.3.1.jar, it does not contain dependency information.
[27Apr2026 18:54:49.960] [main/DEBUG] [net.minecraftforge.fml.loading.moddiscovery.AbstractJarFileDependencyLocator/]: Failed to load resource META-INF/jarjar/metadata.json from clickadv-1.20.1-3.8.jar, it does not contain dependency information.
[27Apr2026 18:54:49.960] [main/DEBUG] [net.minecraftforge.fml.loading.moddiscovery.AbstractJarFileDependencyLocator/]: Failed to load resource META-INF/jarjar/metadata.json from iceandfire-2.1.13-1.20.1-beta-5.jar, it does not contain dependency information.
[27Apr2026 18:54:49.960] [main/DEBUG] [net.minecraftforge.fml.loading.moddiscovery.AbstractJarFileDependencyLocator/]: Failed to load resource META-INF/jarjar/metadata.json from Terralith_1.20.x_v2.5.4.jar, it does not contain dependency information.
[27Apr2026 18:54:49.960] [main/DEBUG] [net.minecraftforge.fml.loading.moddiscovery.AbstractJarFileDependencyLocator/]: Failed to load resource META-INF/jarjar/metadata.json from blueprint-1.20.1-7.1.3.jar, it does not contain dependency information.
[27Apr2026 18:54:49.961] [main/DEBUG] [net.minecraftforge.fml.loading.moddiscovery.AbstractJarFileDependencyLocator/]: Failed to load resource META-INF/jarjar/metadata.json from watut-forge-1.20.1-1.2.3.jar, it does not contain dependency information.
[27Apr2026 18:54:49.961] [main/DEBUG] [net.minecraftforge.fml.loading.moddiscovery.AbstractJarFileDependencyLocator/]: Failed to load resource META-INF/jarjar/metadata.json from YungsBetterNetherFortresses-1.20-Forge-2.0.6.jar, it does not contain dependency information.
[27Apr2026 18:54:49.961] [main/DEBUG] [net.minecraftforge.fml.loading.moddiscovery.AbstractJarFileDependencyLocator/]: Failed to load resource META-INF/jarjar/metadata.json from cloth-config-11.1.118-forge.jar, it does not contain dependency information.
[27Apr2026 18:54:49.961] [main/DEBUG] [net.minecraftforge.fml.loading.moddiscovery.AbstractJarFileDependencyLocator/]: Failed to load resource META-INF/jarjar/metadata.json from forge-1.20.1-47.3.7-universal.jar, it does not contain dependency information.
[27Apr2026 18:54:49.961] [main/DEBUG] [net.minecraftforge.fml.loading.moddiscovery.AbstractJarFileDependencyLocator/]: Failed to load resource META-INF/jarjar/metadata.json from twilightforest-1.20.1-4.3.2508-universal.jar, it does not contain dependency information.
[27Apr2026 18:54:49.961] [main/DEBUG] [net.minecraftforge.fml.loading.moddiscovery.AbstractJarFileDependencyLocator/]: Failed to load resource META-INF/jarjar/metadata.json from Geophilic v3.4 f15-71.mod.jar, it does not contain dependency information.
[27Apr2026 18:54:49.962] [main/DEBUG] [net.minecraftforge.fml.loading.moddiscovery.AbstractJarFileDependencyLocator/]: Failed to load resource META-INF/jarjar/metadata.json from corpse-forge-1.20.1-1.0.20.jar, it does not contain dependency information.
[27Apr2026 18:54:49.962] [main/DEBUG] [net.minecraftforge.fml.loading.moddiscovery.AbstractJarFileDependencyLocator/]: Failed to load resource META-INF/jarjar/metadata.json from server-1.20.1-20230612.114412-srg.jar, it does not contain dependency information.
[27Apr2026 18:54:49.962] [main/DEBUG] [net.minecraftforge.fml.loading.moddiscovery.AbstractJarFileDependencyLocator/]: Failed to load resource META-INF/jarjar/metadata.json from FarmersDelight-1.20.1-1.2.7.jar, it does not contain dependency information.
[27Apr2026 18:54:49.962] [main/DEBUG] [net.minecraftforge.fml.loading.moddiscovery.AbstractJarFileDependencyLocator/]: Failed to load resource META-INF/jarjar/metadata.json from voicechat-forge-1.20.1-2.5.28.jar, it does not contain dependency information.
[27Apr2026 18:54:49.962] [main/DEBUG] [net.minecraftforge.fml.loading.moddiscovery.AbstractJarFileDependencyLocator/]: Failed to load resource META-INF/jarjar/metadata.json from Necronomicon-Forge-1.6.0+1.20.1.jar, it does not contain dependency information.
[27Apr2026 18:54:49.963] [main/DEBUG] [net.minecraftforge.fml.loading.moddiscovery.AbstractJarFileDependencyLocator/]: Failed to load resource META-INF/jarjar/metadata.json from Jade-1.20.1-forge-11.11.1.jar, it does not contain dependency information.
[27Apr2026 18:54:49.963] [main/DEBUG] [net.minecraftforge.fml.loading.moddiscovery.AbstractJarFileDependencyLocator/]: Failed to load resource META-INF/jarjar/metadata.json from another_furniture-forge-1.20.1-3.0.2.jar, it does not contain dependency information.
[27Apr2026 18:54:49.963] [main/DEBUG] [net.minecraftforge.fml.loading.moddiscovery.AbstractJarFileDependencyLocator/]: Failed to load resource META-INF/jarjar/metadata.json from CreativeCore_FORGE_v2.12.31_mc1.20.1.jar, it does not contain dependency information.
[27Apr2026 18:54:49.963] [main/DEBUG] [net.minecraftforge.fml.loading.moddiscovery.AbstractJarFileDependencyLocator/]: Failed to load resource META-INF/jarjar/metadata.json from curios-forge-5.12.1+1.20.1.jar, it does not contain dependency information.
[27Apr2026 18:54:49.963] [main/DEBUG] [net.minecraftforge.fml.loading.moddiscovery.AbstractJarFileDependencyLocator/]: Failed to load resource META-INF/jarjar/metadata.json from Patchouli-1.20.1-85-FORGE.jar, it does not contain dependency information.
[27Apr2026 18:54:49.963] [main/DEBUG] [net.minecraftforge.fml.loading.moddiscovery.AbstractJarFileDependencyLocator/]: Failed to load resource META-INF/jarjar/metadata.json from Xaeros_Minimap_25.1.0_Forge_1.20.jar, it does not contain dependency information.
[27Apr2026 18:54:49.963] [main/DEBUG] [net.minecraftforge.fml.loading.moddiscovery.AbstractJarFileDependencyLocator/]: Failed to load resource META-INF/jarjar/metadata.json from collective-1.20.1-7.94.jar, it does not contain dependency information.
[27Apr2026 18:54:49.963] [main/DEBUG] [net.minecraftforge.fml.loading.moddiscovery.AbstractJarFileDependencyLocator/]: Failed to load resource META-INF/jarjar/metadata.json from pet_cemetery-1.20.1-2.0.0.jar, it does not contain dependency information.
[27Apr2026 18:54:49.964] [main/DEBUG] [net.minecraftforge.fml.loading.moddiscovery.AbstractJarFileDependencyLocator/]: Failed to load resource META-INF/jarjar/metadata.json from MorePlayerModels-1.20.1.20240409.jar, it does not contain dependency information.
[27Apr2026 18:54:49.964] [main/DEBUG] [net.minecraftforge.fml.loading.moddiscovery.AbstractJarFileDependencyLocator/]: Failed to load resource META-INF/jarjar/metadata.json from Sitting+-2.0.1-forge-1.20.1.jar, it does not contain dependency information.
[27Apr2026 18:54:49.964] [main/DEBUG] [net.minecraftforge.fml.loading.moddiscovery.AbstractJarFileDependencyLocator/]: Failed to load resource META-INF/jarjar/metadata.json from ParCool-1.20.1-3.3.1.1.jar, it does not contain dependency information.
[27Apr2026 18:54:49.964] [main/DEBUG] [net.minecraftforge.fml.loading.moddiscovery.AbstractJarFileDependencyLocator/]: Failed to load resource META-INF/jarjar/metadata.json from crittersandcompanions-forge-2.2.2.jar, it does not contain dependency information.
[27Apr2026 18:54:49.964] [main/DEBUG] [net.minecraftforge.fml.loading.moddiscovery.AbstractJarFileDependencyLocator/]: Failed to load resource META-INF/jarjar/metadata.json from coroutil-forge-1.20.1-1.3.7.jar, it does not contain dependency information.
[27Apr2026 18:54:49.964] [main/DEBUG] [net.minecraftforge.fml.loading.moddiscovery.AbstractJarFileDependencyLocator/]: Failed to load resource META-INF/jarjar/metadata.json from rusticdelight-forge-1.20.1-1.4.1.jar, it does not contain dependency information.
[27Apr2026 18:54:49.964] [main/DEBUG] [net.minecraftforge.fml.loading.moddiscovery.AbstractJarFileDependencyLocator/]: Failed to load resource META-INF/jarjar/metadata.json from architectury-9.2.14-forge.jar, it does not contain dependency information.
[27Apr2026 18:54:49.965] [main/DEBUG] [net.minecraftforge.fml.loading.moddiscovery.AbstractJarFileDependencyLocator/]: Failed to load resource META-INF/jarjar/metadata.json from cupboard-1.20.1-2.7.jar, it does not contain dependency information.
[27Apr2026 18:54:49.965] [main/DEBUG] [net.minecraftforge.fml.loading.moddiscovery.AbstractJarFileDependencyLocator/]: Failed to load resource META-INF/jarjar/metadata.json from refurbished_furniture-forge-1.20.1-1.0.12.jar, it does not contain dependency information.
[27Apr2026 18:54:49.965] [main/DEBUG] [net.minecraftforge.fml.loading.moddiscovery.AbstractJarFileDependencyLocator/]: Failed to load resource META-INF/jarjar/metadata.json from ears-forge-1.19.4-1.4.7.jar, it does not contain dependency information.
[27Apr2026 18:54:49.965] [main/DEBUG] [net.minecraftforge.fml.loading.moddiscovery.AbstractJarFileDependencyLocator/]: Failed to load resource META-INF/jarjar/metadata.json from mns-1.0.3-1.20-forge.jar, it does not contain dependency information.
[27Apr2026 18:54:49.965] [main/DEBUG] [net.minecraftforge.fml.loading.moddiscovery.AbstractJarFileDependencyLocator/]: Failed to load resource META-INF/jarjar/metadata.json from framework-forge-1.20.1-0.8.0.jar, it does not contain dependency information.
[27Apr2026 18:54:49.965] [main/DEBUG] [net.minecraftforge.fml.loading.moddiscovery.AbstractJarFileDependencyLocator/]: Failed to load resource META-INF/jarjar/metadata.json from immersive_melodies-0.4.0+1.20.1-forge.jar, it does not contain dependency information.
[27Apr2026 18:54:49.965] [main/DEBUG] [net.minecraftforge.fml.loading.moddiscovery.AbstractJarFileDependencyLocator/]: Failed to load resource META-INF/jarjar/metadata.json from cosmeticarmorreworked-1.20.1-v1a.jar, it does not contain dependency information.
[27Apr2026 18:54:49.965] [main/DEBUG] [net.minecraftforge.fml.loading.moddiscovery.AbstractJarFileDependencyLocator/]: Failed to load resource META-INF/jarjar/metadata.json from MOAdecor ELECTRONICS 1.20.1.A.jar, it does not contain dependency information.
[27Apr2026 18:54:49.966] [main/DEBUG] [net.minecraftforge.fml.loading.moddiscovery.AbstractJarFileDependencyLocator/]: Failed to load resource META-INF/jarjar/metadata.json from PlayerRevive_FORGE_v2.0.31_mc1.20.1.jar, it does not contain dependency information.
[27Apr2026 18:54:49.966] [main/DEBUG] [net.minecraftforge.fml.loading.moddiscovery.AbstractJarFileDependencyLocator/]: Failed to load resource META-INF/jarjar/metadata.json from WWOO-FABRIC+FORGE+QUILT-2.0.0.jar, it does not contain dependency information.
[27Apr2026 18:54:49.966] [main/DEBUG] [net.minecraftforge.fml.loading.moddiscovery.AbstractJarFileDependencyLocator/]: Failed to load resource META-INF/jarjar/metadata.json from mclanguage-1.20.1-47.3.7.jar, it does not contain dependency information.
[27Apr2026 18:54:49.966] [main/DEBUG] [net.minecraftforge.fml.loading.moddiscovery.AbstractJarFileDependencyLocator/]: Failed to load resource META-INF/jarjar/metadata.json from javafmllanguage-1.20.1-47.3.7.jar, it does not contain dependency information.
[27Apr2026 18:54:49.966] [main/DEBUG] [net.minecraftforge.fml.loading.moddiscovery.AbstractJarFileDependencyLocator/]: Failed to load resource META-INF/jarjar/metadata.json from fmlcore-1.20.1-47.3.7.jar, it does not contain dependency information.
[27Apr2026 18:54:49.966] [main/DEBUG] [net.minecraftforge.fml.loading.moddiscovery.AbstractJarFileDependencyLocator/]: Failed to load resource META-INF/jarjar/metadata.json from lowcodelanguage-1.20.1-47.3.7.jar, it does not contain dependency information.
[27Apr2026 18:54:50.037] [main/DEBUG] [net.minecraftforge.fml.loading.moddiscovery.ModFileParser/LOADING]: Considering mod file candidate 
[27Apr2026 18:54:50.037] [main/DEBUG] [net.minecraftforge.fml.loading.moddiscovery.ModFileInfo/LOADING]: Found valid mod file mixinextras-forge-0.4.1.jar with {mixinextras} mods - versions {0.4.1}
[27Apr2026 18:54:50.040] [main/DEBUG] [net.minecraftforge.fml.loading.moddiscovery.ModFileParser/LOADING]: Considering mod file candidate 
[27Apr2026 18:54:50.040] [main/DEBUG] [net.minecraftforge.fml.loading.moddiscovery.ModFileInfo/LOADING]: Found valid mod file mixinextras-forge-0.2.0-beta.6.jar with {mixinextras} mods - versions {0.2.0-beta.6}
[27Apr2026 18:54:50.042] [main/DEBUG] [net.minecraftforge.fml.loading.moddiscovery.ModFileParser/LOADING]: Considering mod file candidate 
[27Apr2026 18:54:50.043] [main/DEBUG] [net.minecraftforge.fml.loading.moddiscovery.ModFileInfo/LOADING]: Found valid mod file spectrelib-forge-0.13.15+1.20.1.jar with {spectrelib} mods - versions {0.13.15+1.20.1}
[27Apr2026 18:54:50.046] [main/DEBUG] [net.minecraftforge.fml.loading.moddiscovery.ModFileParser/LOADING]: Considering mod file candidate 
[27Apr2026 18:54:50.046] [main/DEBUG] [net.minecraftforge.fml.loading.moddiscovery.ModFileInfo/LOADING]: Found valid mod file mixinextras-forge-0.4.1.jar with {mixinextras} mods - versions {0.4.1}
[27Apr2026 18:54:50.048] [main/DEBUG] [net.minecraftforge.fml.loading.moddiscovery.ModFileParser/LOADING]: Considering mod file candidate 
[27Apr2026 18:54:50.048] [main/DEBUG] [net.minecraftforge.fml.loading.moddiscovery.ModFileInfo/LOADING]: Found valid mod file expandability-forge-9.0.4.jar with {expandability} mods - versions {9.0.4}
[27Apr2026 18:54:50.050] [main/DEBUG] [net.minecraftforge.fml.loading.moddiscovery.ModFileParser/LOADING]: Considering mod file candidate 
[27Apr2026 18:54:50.050] [main/DEBUG] [net.minecraftforge.fml.loading.moddiscovery.ModFileInfo/LOADING]: Found valid mod file mixinextras-forge-0.3.5.jar with {mixinextras} mods - versions {0.3.5}
[27Apr2026 18:54:50.052] [main/DEBUG] [net.minecraftforge.fml.loading.moddiscovery.ModFileParser/LOADING]: Considering mod file candidate 
[27Apr2026 18:54:50.053] [main/DEBUG] [net.minecraftforge.fml.loading.moddiscovery.ModFileInfo/LOADING]: Found valid mod file puzzlesaccessapi-forge-20.1.1.jar with {puzzlesaccessapi} mods - versions {20.1.1}
[27Apr2026 18:54:50.054] [main/DEBUG] [net.minecraftforge.fml.loading.moddiscovery.ModFileParser/LOADING]: Considering mod file candidate 
[27Apr2026 18:54:50.054] [main/DEBUG] [net.minecraftforge.fml.loading.moddiscovery.ModFileInfo/LOADING]: Found valid mod file mixinextras-forge-0.4.1.jar with {mixinextras} mods - versions {0.4.1}
[27Apr2026 18:54:50.056] [main/DEBUG] [net.minecraftforge.fml.loading.moddiscovery.ModFileParser/LOADING]: Considering mod file candidate 
[27Apr2026 18:54:50.056] [main/DEBUG] [net.minecraftforge.fml.loading.moddiscovery.ModFileInfo/LOADING]: Found valid mod file mixinextras-forge-0.3.5.jar with {mixinextras} mods - versions {0.3.5}
[27Apr2026 18:54:50.058] [main/DEBUG] [net.minecraftforge.fml.loading.moddiscovery.ModFileParser/LOADING]: Considering mod file candidate 
[27Apr2026 18:54:50.059] [main/DEBUG] [net.minecraftforge.fml.loading.moddiscovery.ModFileInfo/LOADING]: Found valid mod file mixinextras-forge-0.3.5.jar with {mixinextras} mods - versions {0.3.5}
[27Apr2026 18:54:50.061] [main/DEBUG] [net.minecraftforge.fml.loading.moddiscovery.ModFileParser/LOADING]: Considering mod file candidate 
[27Apr2026 18:54:50.062] [main/DEBUG] [net.minecraftforge.fml.loading.moddiscovery.ModFileInfo/LOADING]: Found valid mod file kuma-api-forge-20.1.9-SNAPSHOT.jar with {kuma_api} mods - versions {20.1.9-SNAPSHOT}
[27Apr2026 18:54:50.062] [main/DEBUG] [net.minecraftforge.fml.loading.moddiscovery.AbstractJarFileDependencyLocator/]: Failed to load resource META-INF/jarjar/metadata.json from MathParser.org-mXparser-5.2.1.jar, it does not contain dependency information.
[27Apr2026 18:54:50.062] [main/DEBUG] [net.minecraftforge.fml.loading.moddiscovery.AbstractJarFileDependencyLocator/]: Failed to load resource META-INF/jarjar/metadata.json from NanoLiveConfig-1.2.0.jar, it does not contain dependency information.
[27Apr2026 18:54:50.062] [main/DEBUG] [net.minecraftforge.fml.loading.moddiscovery.AbstractJarFileDependencyLocator/]: Failed to load resource META-INF/jarjar/metadata.json from mclib-20.jar, it does not contain dependency information.
[27Apr2026 18:54:50.063] [main/DEBUG] [net.minecraftforge.fml.loading.moddiscovery.AbstractJarFileDependencyLocator/]: Failed to load resource META-INF/jarjar/metadata.json from snakeyaml-2.2.jar, it does not contain dependency information.
[27Apr2026 18:54:50.072] [main/DEBUG] [net.minecraftforge.fml.loading.moddiscovery.AbstractJarFileDependencyLocator/]: Failed to load resource META-INF/jarjar/metadata.json from spectrelib-forge-0.13.15+1.20.1.jar, it does not contain dependency information.
[27Apr2026 18:54:50.083] [main/DEBUG] [net.minecraftforge.fml.loading.moddiscovery.AbstractJarFileDependencyLocator/]: Failed to load resource META-INF/jarjar/metadata.json from puzzlesaccessapi-forge-20.1.1.jar, it does not contain dependency information.
[27Apr2026 18:54:50.097] [main/DEBUG] [net.minecraftforge.fml.loading.moddiscovery.AbstractJarFileDependencyLocator/]: Failed to load resource META-INF/jarjar/metadata.json from NanoLiveConfig-1.2.0.jar, it does not contain dependency information.
[27Apr2026 18:54:50.097] [main/DEBUG] [net.minecraftforge.fml.loading.moddiscovery.AbstractJarFileDependencyLocator/]: Failed to load resource META-INF/jarjar/metadata.json from kuma-api-forge-20.1.9-SNAPSHOT.jar, it does not contain dependency information.
[27Apr2026 18:54:50.097] [main/DEBUG] [net.minecraftforge.fml.loading.moddiscovery.AbstractJarFileDependencyLocator/]: Failed to load resource META-INF/jarjar/metadata.json from MixinExtras-0.4.1.jar, it does not contain dependency information.
[27Apr2026 18:54:50.097] [main/DEBUG] [net.minecraftforge.fml.loading.moddiscovery.AbstractJarFileDependencyLocator/]: Failed to load resource META-INF/jarjar/metadata.json from MixinExtras-0.2.0-beta.6.jar, it does not contain dependency information.
[27Apr2026 18:54:50.097] [main/DEBUG] [net.minecraftforge.fml.loading.moddiscovery.AbstractJarFileDependencyLocator/]: Failed to load resource META-INF/jarjar/metadata.json from MixinExtras-0.4.1.jar, it does not contain dependency information.
[27Apr2026 18:54:50.097] [main/DEBUG] [net.minecraftforge.fml.loading.moddiscovery.AbstractJarFileDependencyLocator/]: Failed to load resource META-INF/jarjar/metadata.json from MixinExtras-0.1.1.jar, it does not contain dependency information.
[27Apr2026 18:54:50.097] [main/DEBUG] [net.minecraftforge.fml.loading.moddiscovery.AbstractJarFileDependencyLocator/]: Failed to load resource META-INF/jarjar/metadata.json from MixinExtras-0.3.5.jar, it does not contain dependency information.
[27Apr2026 18:54:50.098] [main/DEBUG] [net.minecraftforge.fml.loading.moddiscovery.AbstractJarFileDependencyLocator/]: Failed to load resource META-INF/jarjar/metadata.json from MixinExtras-0.4.1.jar, it does not contain dependency information.
[27Apr2026 18:54:50.098] [main/DEBUG] [net.minecraftforge.fml.loading.moddiscovery.AbstractJarFileDependencyLocator/]: Failed to load resource META-INF/jarjar/metadata.json from MixinExtras-0.3.5.jar, it does not contain dependency information.
[27Apr2026 18:54:50.098] [main/DEBUG] [net.minecraftforge.fml.loading.moddiscovery.AbstractJarFileDependencyLocator/]: Failed to load resource META-INF/jarjar/metadata.json from MixinExtras-0.3.5.jar, it does not contain dependency information.
[27Apr2026 18:54:50.128] [main/DEBUG] [net.minecraftforge.fml.loading.moddiscovery.ModFileParser/LOADING]: Considering mod file candidate 
[27Apr2026 18:54:50.129] [main/DEBUG] [net.minecraftforge.fml.loading.moddiscovery.ModFileInfo/LOADING]: Found valid mod file puzzlesaccessapi-forge-20.1.1.jar with {puzzlesaccessapi} mods - versions {20.1.1}
[27Apr2026 18:54:50.137] [main/DEBUG] [net.minecraftforge.fml.loading.moddiscovery.ModFileParser/LOADING]: Considering mod file candidate 
[27Apr2026 18:54:50.138] [main/DEBUG] [net.minecraftforge.fml.loading.moddiscovery.ModFileInfo/LOADING]: Found valid mod file spectrelib-forge-0.13.15+1.20.1.jar with {spectrelib} mods - versions {0.13.15+1.20.1}
[27Apr2026 18:54:50.139] [main/DEBUG] [net.minecraftforge.fml.loading.moddiscovery.ModFileParser/LOADING]: Considering mod file candidate 
[27Apr2026 18:54:50.139] [main/DEBUG] [net.minecraftforge.fml.loading.moddiscovery.ModFileInfo/LOADING]: Found valid mod file mixinextras-forge-0.4.1.jar with {mixinextras} mods - versions {0.4.1}
[27Apr2026 18:54:50.143] [main/DEBUG] [net.minecraftforge.fml.loading.moddiscovery.ModFileParser/LOADING]: Considering mod file candidate 
[27Apr2026 18:54:50.144] [main/DEBUG] [net.minecraftforge.fml.loading.moddiscovery.ModFileInfo/LOADING]: Found valid mod file kuma-api-forge-20.1.9-SNAPSHOT.jar with {kuma_api} mods - versions {20.1.9-SNAPSHOT}
[27Apr2026 18:54:50.145] [main/DEBUG] [net.minecraftforge.fml.loading.moddiscovery.ModFileParser/LOADING]: Considering mod file candidate 
[27Apr2026 18:54:50.145] [main/DEBUG] [net.minecraftforge.fml.loading.moddiscovery.ModFileInfo/LOADING]: Found valid mod file expandability-forge-9.0.4.jar with {expandability} mods - versions {9.0.4}
[27Apr2026 18:54:50.147] [main/DEBUG] [net.minecraftforge.fml.loading.moddiscovery.ModFileParser/LOADING]: Considering mod file candidate 
[27Apr2026 18:54:50.147] [main/DEBUG] [net.minecraftforge.fml.loading.moddiscovery.ModFileInfo/LOADING]: Found valid mod file mixinextras-forge-0.2.0-beta.6.jar with {mixinextras} mods - versions {0.2.0-beta.6}
[27Apr2026 18:54:50.156] [main/WARN] [net.minecraftforge.jarjar.selection.JarSelector/]: Attempted to select two dependency jars from JarJar which have the same identification: Mod File:  and Mod File: . Using Mod File: 
[27Apr2026 18:54:50.157] [main/INFO] [net.minecraftforge.fml.loading.moddiscovery.JarInJarDependencyLocator/]: Found 10 dependencies adding them to mods collection
[27Apr2026 18:54:50.160] [main/DEBUG] [net.minecraftforge.fml.loading.moddiscovery.ModFileParser/LOADING]: Considering mod file candidate /workspaces/Explorecraft/servidor_minecraft/mods/radium-mc1.20.1-0.12.3+git.50c5c33.jar
[27Apr2026 18:54:50.160] [main/DEBUG] [net.minecraftforge.fml.loading.moddiscovery.ModFileInfo/LOADING]: Found valid mod file radium-mc1.20.1-0.12.3+git.50c5c33.jar with {radium} mods - versions {0.12.3+git.50c5c33}
[27Apr2026 18:54:50.163] [main/DEBUG] [net.minecraftforge.fml.loading.moddiscovery.ModFile/LOADING]: Loading mod file /workspaces/Explorecraft/servidor_minecraft/mods/radium-mc1.20.1-0.12.3+git.50c5c33.jar with languages [LanguageSpec[languageName=javafml, acceptedVersions=*]]
[27Apr2026 18:54:50.163] [main/DEBUG] [net.minecraftforge.fml.loading.moddiscovery.ModFileParser/LOADING]: Considering mod file candidate /workspaces/Explorecraft/servidor_minecraft/mods/TreeChop-1.20.1-forge-0.19.0-fixed.jar
[27Apr2026 18:54:50.164] [main/DEBUG] [net.minecraftforge.fml.loading.moddiscovery.ModFileInfo/LOADING]: Found valid mod file TreeChop-1.20.1-forge-0.19.0-fixed.jar with {treechop} mods - versions {0.19.0}
[27Apr2026 18:54:50.164] [main/DEBUG] [net.minecraftforge.fml.loading.moddiscovery.ModFile/LOADING]: Loading mod file /workspaces/Explorecraft/servidor_minecraft/mods/TreeChop-1.20.1-forge-0.19.0-fixed.jar with languages [LanguageSpec[languageName=javafml, acceptedVersions=[32,)]]
[27Apr2026 18:54:50.164] [main/DEBUG] [net.minecraftforge.fml.loading.moddiscovery.ModFileParser/LOADING]: Considering mod file candidate 
[27Apr2026 18:54:50.165] [main/DEBUG] [net.minecraftforge.fml.loading.moddiscovery.ModFileInfo/LOADING]: Found valid mod file kuma-api-forge-20.1.9-SNAPSHOT.jar with {kuma_api} mods - versions {20.1.9-SNAPSHOT}
[27Apr2026 18:54:50.165] [main/DEBUG] [net.minecraftforge.fml.loading.moddiscovery.ModFile/LOADING]: Loading mod file  with languages [LanguageSpec[languageName=javafml, acceptedVersions=[47,)]]
[27Apr2026 18:54:50.165] [main/DEBUG] [net.minecraftforge.fml.loading.moddiscovery.ModFileParser/LOADING]: Considering mod file candidate /workspaces/Explorecraft/servidor_minecraft/mods/mowziesmobs-1.7.1.jar
[27Apr2026 18:54:50.165] [main/DEBUG] [net.minecraftforge.fml.loading.moddiscovery.ModFileInfo/LOADING]: Found valid mod file mowziesmobs-1.7.1.jar with {mowziesmobs} mods - versions {1.7.1}
[27Apr2026 18:54:50.166] [main/DEBUG] [net.minecraftforge.fml.loading.moddiscovery.ModFile/LOADING]: Loading mod file /workspaces/Explorecraft/servidor_minecraft/mods/mowziesmobs-1.7.1.jar with languages [LanguageSpec[languageName=javafml, acceptedVersions=[43,)]]
[27Apr2026 18:54:50.166] [main/DEBUG] [net.minecraftforge.fml.loading.moddiscovery.ModFileParser/LOADING]: Considering mod file candidate /workspaces/Explorecraft/servidor_minecraft/mods/Fastload-Reforged-mc1.20.1-3.4.0.jar
[27Apr2026 18:54:50.166] [main/DEBUG] [net.minecraftforge.fml.loading.moddiscovery.ModFileInfo/LOADING]: Found valid mod file Fastload-Reforged-mc1.20.1-3.4.0.jar with {fastload} mods - versions {3.4.0}
[27Apr2026 18:54:50.166] [main/DEBUG] [net.minecraftforge.fml.loading.moddiscovery.ModFile/LOADING]: Loading mod file /workspaces/Explorecraft/servidor_minecraft/mods/Fastload-Reforged-mc1.20.1-3.4.0.jar with languages [LanguageSpec[languageName=javafml, acceptedVersions=[47,)]]
[27Apr2026 18:54:50.166] [main/DEBUG] [net.minecraftforge.fml.loading.moddiscovery.ModFileParser/LOADING]: Considering mod file candidate /workspaces/Explorecraft/servidor_minecraft/mods/ftb-essentials-forge-2001.2.4.jar
[27Apr2026 18:54:50.167] [main/DEBUG] [net.minecraftforge.fml.loading.moddiscovery.ModFileInfo/LOADING]: Found valid mod file ftb-essentials-forge-2001.2.4.jar with {ftbessentials} mods - versions {2001.2.4}
[27Apr2026 18:54:50.167] [main/DEBUG] [net.minecraftforge.fml.loading.moddiscovery.ModFile/LOADING]: Loading mod file /workspaces/Explorecraft/servidor_minecraft/mods/ftb-essentials-forge-2001.2.4.jar with languages [LanguageSpec[languageName=javafml, acceptedVersions=[47,)]]
[27Apr2026 18:54:50.167] [main/DEBUG] [net.minecraftforge.fml.loading.moddiscovery.ModFileParser/LOADING]: Considering mod file candidate /workspaces/Explorecraft/servidor_minecraft/mods/tameablebeasts-6.2.jar
[27Apr2026 18:54:50.168] [main/DEBUG] [net.minecraftforge.fml.loading.moddiscovery.ModFileInfo/LOADING]: Found valid mod file tameablebeasts-6.2.jar with {tameablebeasts} mods - versions {6.2}
[27Apr2026 18:54:50.168] [main/DEBUG] [net.minecraftforge.fml.loading.moddiscovery.ModFile/LOADING]: Loading mod file /workspaces/Explorecraft/servidor_minecraft/mods/tameablebeasts-6.2.jar with languages [LanguageSpec[languageName=javafml, acceptedVersions=[41,)]]
[27Apr2026 18:54:50.168] [main/DEBUG] [net.minecraftforge.fml.loading.moddiscovery.ModFileParser/LOADING]: Considering mod file candidate /workspaces/Explorecraft/servidor_minecraft/mods/alexsmobs-1.22.9.jar
[27Apr2026 18:54:50.168] [main/DEBUG] [net.minecraftforge.fml.loading.moddiscovery.ModFileInfo/LOADING]: Found valid mod file alexsmobs-1.22.9.jar with {alexsmobs} mods - versions {1.22.9}
[27Apr2026 18:54:50.169] [main/DEBUG] [net.minecraftforge.fml.loading.moddiscovery.ModFile/LOADING]: Loading mod file /workspaces/Explorecraft/servidor_minecraft/mods/alexsmobs-1.22.9.jar with languages [LanguageSpec[languageName=javafml, acceptedVersions=[46,)]]
[27Apr2026 18:54:50.169] [main/DEBUG] [net.minecraftforge.fml.loading.moddiscovery.ModFileParser/LOADING]: Considering mod file candidate /workspaces/Explorecraft/servidor_minecraft/mods/ftb-library-forge-2001.2.12.jar
[27Apr2026 18:54:50.169] [main/DEBUG] [net.minecraftforge.fml.loading.moddiscovery.ModFileInfo/LOADING]: Found valid mod file ftb-library-forge-2001.2.12.jar with {ftblibrary} mods - versions {2001.2.12}
[27Apr2026 18:54:50.169] [main/DEBUG] [net.minecraftforge.fml.loading.moddiscovery.ModFile/LOADING]: Loading mod file /workspaces/Explorecraft/servidor_minecraft/mods/ftb-library-forge-2001.2.12.jar with languages [LanguageSpec[languageName=javafml, acceptedVersions=[47,)]]
[27Apr2026 18:54:50.169] [main/DEBUG] [net.minecraftforge.fml.loading.moddiscovery.ModFileParser/LOADING]: Considering mod file candidate /workspaces/Explorecraft/servidor_minecraft/mods/geckolib-forge-1.20.1-4.7.1.2.jar
[27Apr2026 18:54:50.170] [main/DEBUG] [net.minecraftforge.fml.loading.moddiscovery.ModFileInfo/LOADING]: Found valid mod file geckolib-forge-1.20.1-4.7.1.2.jar with {geckolib} mods - versions {4.7.1.2}
[27Apr2026 18:54:50.170] [main/DEBUG] [net.minecraftforge.fml.loading.moddiscovery.ModFile/LOADING]: Loading mod file /workspaces/Explorecraft/servidor_minecraft/mods/geckolib-forge-1.20.1-4.7.1.2.jar with languages [LanguageSpec[languageName=javafml, acceptedVersions=[47,)]]
[27Apr2026 18:54:50.170] [main/DEBUG] [net.minecraftforge.fml.loading.moddiscovery.ModFileParser/LOADING]: Considering mod file candidate /workspaces/Explorecraft/servidor_minecraft/mods/OctoLib-FORGE-0.5.0.1+1.20.1.jar
[27Apr2026 18:54:50.170] [main/DEBUG] [net.minecraftforge.fml.loading.moddiscovery.ModFileInfo/LOADING]: Found valid mod file OctoLib-FORGE-0.5.0.1+1.20.1.jar with {octolib} mods - versions {0.5.0.1}
[27Apr2026 18:54:50.171] [main/DEBUG] [net.minecraftforge.fml.loading.moddiscovery.ModFile/LOADING]: Loading mod file /workspaces/Explorecraft/servidor_minecraft/mods/OctoLib-FORGE-0.5.0.1+1.20.1.jar with languages [LanguageSpec[languageName=javafml, acceptedVersions=[47,)]]
[27Apr2026 18:54:50.171] [main/DEBUG] [net.minecraftforge.fml.loading.moddiscovery.ModFileParser/LOADING]: Considering mod file candidate /workspaces/Explorecraft/servidor_minecraft/mods/player-animation-lib-forge-1.0.2-rc1+1.20.jar
[27Apr2026 18:54:50.171] [main/DEBUG] [net.minecraftforge.fml.loading.moddiscovery.ModFileInfo/LOADING]: Found valid mod file player-animation-lib-forge-1.0.2-rc1+1.20.jar with {playeranimator} mods - versions {1.0.2-rc1+1.20}
[27Apr2026 18:54:50.171] [main/DEBUG] [net.minecraftforge.fml.loading.moddiscovery.ModFile/LOADING]: Loading mod file /workspaces/Explorecraft/servidor_minecraft/mods/player-animation-lib-forge-1.0.2-rc1+1.20.jar with languages [LanguageSpec[languageName=javafml, acceptedVersions=[46.0.0,)]]
[27Apr2026 18:54:50.171] [main/DEBUG] [net.minecraftforge.fml.loading.moddiscovery.ModFileParser/LOADING]: Considering mod file candidate /workspaces/Explorecraft/servidor_minecraft/mods/treeharvester-1.20.1-9.1.jar
[27Apr2026 18:54:50.172] [main/DEBUG] [net.minecraftforge.fml.loading.moddiscovery.ModFileInfo/LOADING]: Found valid mod file treeharvester-1.20.1-9.1.jar with {treeharvester} mods - versions {9.1}
[27Apr2026 18:54:50.172] [main/DEBUG] [net.minecraftforge.fml.loading.moddiscovery.ModFile/LOADING]: Loading mod file /workspaces/Explorecraft/servidor_minecraft/mods/treeharvester-1.20.1-9.1.jar with languages [LanguageSpec[languageName=javafml, acceptedVersions=*]]
[27Apr2026 18:54:50.172] [main/DEBUG] [net.minecraftforge.fml.loading.moddiscovery.ModFileParser/LOADING]: Considering mod file candidate /workspaces/Explorecraft/servidor_minecraft/mods/hamsters-forge-1.0.3-1.20.1.jar
[27Apr2026 18:54:50.173] [main/DEBUG] [net.minecraftforge.fml.loading.moddiscovery.ModFileInfo/LOADING]: Found valid mod file hamsters-forge-1.0.3-1.20.1.jar with {hamsters} mods - versions {1.20.1-1.0.3}
[27Apr2026 18:54:50.173] [main/DEBUG] [net.minecraftforge.fml.loading.moddiscovery.ModFile/LOADING]: Loading mod file /workspaces/Explorecraft/servidor_minecraft/mods/hamsters-forge-1.0.3-1.20.1.jar with languages [LanguageSpec[languageName=javafml, acceptedVersions=[47,)]]
[27Apr2026 18:54:50.173] [main/DEBUG] [net.minecraftforge.fml.loading.moddiscovery.ModFileParser/LOADING]: Considering mod file candidate /workspaces/Explorecraft/servidor_minecraft/mods/connectivity-1.20.1-5.6.jar
[27Apr2026 18:54:50.173] [main/DEBUG] [net.minecraftforge.fml.loading.moddiscovery.ModFileInfo/LOADING]: Found valid mod file connectivity-1.20.1-5.6.jar with {connectivity} mods - versions {1.20.1-5.6}
[27Apr2026 18:54:50.174] [main/DEBUG] [net.minecraftforge.fml.loading.moddiscovery.ModFile/LOADING]: Loading mod file /workspaces/Explorecraft/servidor_minecraft/mods/connectivity-1.20.1-5.6.jar with languages [LanguageSpec[languageName=javafml, acceptedVersions=[28,)]]
[27Apr2026 18:54:50.174] [main/DEBUG] [net.minecraftforge.fml.loading.moddiscovery.ModFileParser/LOADING]: Considering mod file candidate /workspaces/Explorecraft/servidor_minecraft/mods/goblintraders-forge-1.20.1-1.9.3.jar
[27Apr2026 18:54:50.174] [main/DEBUG] [net.minecraftforge.fml.loading.moddiscovery.ModFileInfo/LOADING]: Found valid mod file goblintraders-forge-1.20.1-1.9.3.jar with {goblintraders} mods - versions {1.9.3}
[27Apr2026 18:54:50.174] [main/DEBUG] [net.minecraftforge.fml.loading.moddiscovery.ModFile/LOADING]: Loading mod file /workspaces/Explorecraft/servidor_minecraft/mods/goblintraders-forge-1.20.1-1.9.3.jar with languages [LanguageSpec[languageName=javafml, acceptedVersions=[39,)]]
[27Apr2026 18:54:50.174] [main/DEBUG] [net.minecraftforge.fml.loading.moddiscovery.ModFileParser/LOADING]: Considering mod file candidate /workspaces/Explorecraft/servidor_minecraft/mods/libraryferret-forge-1.20.1-4.0.0.jar
[27Apr2026 18:54:50.175] [main/DEBUG] [net.minecraftforge.fml.loading.moddiscovery.ModFileInfo/LOADING]: Found valid mod file libraryferret-forge-1.20.1-4.0.0.jar with {libraryferret} mods - versions {4.0.0}
[27Apr2026 18:54:50.175] [main/DEBUG] [net.minecraftforge.fml.loading.moddiscovery.ModFile/LOADING]: Loading mod file /workspaces/Explorecraft/servidor_minecraft/mods/libraryferret-forge-1.20.1-4.0.0.jar with languages [LanguageSpec[languageName=javafml, acceptedVersions=[47,)]]
[27Apr2026 18:54:50.175] [main/DEBUG] [net.minecraftforge.fml.loading.moddiscovery.ModFileParser/LOADING]: Considering mod file candidate /workspaces/Explorecraft/servidor_minecraft/mods/dynamiclights-v1.8.2-mc1.17x-1.20x-mod.jar
[27Apr2026 18:54:50.176] [main/DEBUG] [net.minecraftforge.fml.loading.moddiscovery.ModFileInfo/LOADING]: Found valid mod file dynamiclights-v1.8.2-mc1.17x-1.20x-mod.jar with {dynamiclights} mods - versions {1.8.2+mod}
[27Apr2026 18:54:50.176] [main/DEBUG] [net.minecraftforge.fml.loading.moddiscovery.ModFile/LOADING]: Loading mod file /workspaces/Explorecraft/servidor_minecraft/mods/dynamiclights-v1.8.2-mc1.17x-1.20x-mod.jar with languages [LanguageSpec[languageName=javafml, acceptedVersions=[35,)]]
[27Apr2026 18:54:50.176] [main/DEBUG] [net.minecraftforge.fml.loading.moddiscovery.ModFileParser/LOADING]: Considering mod file candidate /workspaces/Explorecraft/servidor_minecraft/mods/immersive_aircraft-1.2.2+1.20.1-forge.jar
[27Apr2026 18:54:50.176] [main/DEBUG] [net.minecraftforge.fml.loading.moddiscovery.ModFileInfo/LOADING]: Found valid mod file immersive_aircraft-1.2.2+1.20.1-forge.jar with {immersive_aircraft} mods - versions {1.2.2+1.20.1}
[27Apr2026 18:54:50.176] [main/DEBUG] [net.minecraftforge.fml.loading.moddiscovery.ModFile/LOADING]: Loading mod file /workspaces/Explorecraft/servidor_minecraft/mods/immersive_aircraft-1.2.2+1.20.1-forge.jar with languages [LanguageSpec[languageName=javafml, acceptedVersions=[47,)]]
[27Apr2026 18:54:50.176] [main/DEBUG] [net.minecraftforge.fml.loading.moddiscovery.ModFileParser/LOADING]: Considering mod file candidate /workspaces/Explorecraft/servidor_minecraft/mods/waystones-forge-1.20.1-14.1.11.jar
[27Apr2026 18:54:50.177] [main/DEBUG] [net.minecraftforge.fml.loading.moddiscovery.ModFileInfo/LOADING]: Found valid mod file waystones-forge-1.20.1-14.1.11.jar with {waystones} mods - versions {14.1.11}
[27Apr2026 18:54:50.177] [main/DEBUG] [net.minecraftforge.fml.loading.moddiscovery.ModFile/LOADING]: Loading mod file /workspaces/Explorecraft/servidor_minecraft/mods/waystones-forge-1.20.1-14.1.11.jar with languages [LanguageSpec[languageName=javafml, acceptedVersions=[46,)]]
[27Apr2026 18:54:50.177] [main/DEBUG] [net.minecraftforge.fml.loading.moddiscovery.ModFileParser/LOADING]: Considering mod file candidate /workspaces/Explorecraft/servidor_minecraft/mods/XaerosWorldMap_1.39.4_Forge_1.20.jar
[27Apr2026 18:54:50.178] [main/DEBUG] [net.minecraftforge.fml.loading.moddiscovery.ModFileInfo/LOADING]: Found valid mod file XaerosWorldMap_1.39.4_Forge_1.20.jar with {xaeroworldmap} mods - versions {1.39.4}
[27Apr2026 18:54:50.178] [main/DEBUG] [net.minecraftforge.fml.loading.moddiscovery.ModFile/LOADING]: Loading mod file /workspaces/Explorecraft/servidor_minecraft/mods/XaerosWorldMap_1.39.4_Forge_1.20.jar with languages [LanguageSpec[languageName=javafml, acceptedVersions=[46,48)]]
[27Apr2026 18:54:50.180] [main/DEBUG] [net.minecraftforge.fml.loading.moddiscovery.ModFileParser/LOADING]: Found coremod xaeroworldmap_core with Javascript path META-INF/xaeroworldmap_core.js
[27Apr2026 18:54:50.180] [main/DEBUG] [net.minecraftforge.fml.loading.moddiscovery.ModFile/LOADING]: Found coremod META-INF/xaeroworldmap_core.js
[27Apr2026 18:54:50.180] [main/DEBUG] [net.minecraftforge.fml.loading.moddiscovery.ModFileParser/LOADING]: Considering mod file candidate /workspaces/Explorecraft/servidor_minecraft/mods/citadel-2.6.1-1.20.1.jar
[27Apr2026 18:54:50.181] [main/DEBUG] [net.minecraftforge.fml.loading.moddiscovery.ModFileInfo/LOADING]: Found valid mod file citadel-2.6.1-1.20.1.jar with {citadel} mods - versions {2.6.1}
[27Apr2026 18:54:50.181] [main/DEBUG] [net.minecraftforge.fml.loading.moddiscovery.ModFile/LOADING]: Loading mod file /workspaces/Explorecraft/servidor_minecraft/mods/citadel-2.6.1-1.20.1.jar with languages [LanguageSpec[languageName=javafml, acceptedVersions=[47,)]]
[27Apr2026 18:54:50.181] [main/DEBUG] [net.minecraftforge.fml.loading.moddiscovery.ModFileParser/LOADING]: Considering mod file candidate /workspaces/Explorecraft/servidor_minecraft/mods/artifacts-forge-9.5.16.jar
[27Apr2026 18:54:50.182] [main/DEBUG] [net.minecraftforge.fml.loading.moddiscovery.ModFileInfo/LOADING]: Found valid mod file artifacts-forge-9.5.16.jar with {artifacts} mods - versions {9.5.16}
[27Apr2026 18:54:50.182] [main/DEBUG] [net.minecraftforge.fml.loading.moddiscovery.ModFile/LOADING]: Loading mod file /workspaces/Explorecraft/servidor_minecraft/mods/artifacts-forge-9.5.16.jar with languages [LanguageSpec[languageName=javafml, acceptedVersions=[47,)]]
[27Apr2026 18:54:50.182] [main/DEBUG] [net.minecraftforge.fml.loading.moddiscovery.ModFileParser/LOADING]: Considering mod file candidate /workspaces/Explorecraft/servidor_minecraft/mods/travelersbackpack-forge-1.20.1-9.1.33.jar
[27Apr2026 18:54:50.182] [main/DEBUG] [net.minecraftforge.fml.loading.moddiscovery.ModFileInfo/LOADING]: Found valid mod file travelersbackpack-forge-1.20.1-9.1.33.jar with {travelersbackpack} mods - versions {9.1.33}
[27Apr2026 18:54:50.182] [main/DEBUG] [net.minecraftforge.fml.loading.moddiscovery.ModFile/LOADING]: Loading mod file /workspaces/Explorecraft/servidor_minecraft/mods/travelersbackpack-forge-1.20.1-9.1.33.jar with languages [LanguageSpec[languageName=javafml, acceptedVersions=[46,)]]
[27Apr2026 18:54:50.182] [main/DEBUG] [net.minecraftforge.fml.loading.moddiscovery.ModFileParser/LOADING]: Considering mod file candidate /workspaces/Explorecraft/servidor_minecraft/mods/YungsApi-1.20-Forge-4.0.6.jar
[27Apr2026 18:54:50.183] [main/DEBUG] [net.minecraftforge.fml.loading.moddiscovery.ModFileInfo/LOADING]: Found valid mod file YungsApi-1.20-Forge-4.0.6.jar with {yungsapi} mods - versions {1.20-Forge-4.0.6}
[27Apr2026 18:54:50.183] [main/DEBUG] [net.minecraftforge.fml.loading.moddiscovery.ModFile/LOADING]: Loading mod file /workspaces/Explorecraft/servidor_minecraft/mods/YungsApi-1.20-Forge-4.0.6.jar with languages [LanguageSpec[languageName=javafml, acceptedVersions=[46,)]]
[27Apr2026 18:54:50.183] [main/DEBUG] [net.minecraftforge.fml.loading.moddiscovery.ModFileParser/LOADING]: Considering mod file candidate /workspaces/Explorecraft/servidor_minecraft/mods/veinminer-1.1.0.jar
[27Apr2026 18:54:50.183] [main/DEBUG] [net.minecraftforge.fml.loading.moddiscovery.ModFileInfo/LOADING]: Found valid mod file veinminer-1.1.0.jar with {mr_veinminer} mods - versions {1.1.0}
[27Apr2026 18:54:50.183] [main/DEBUG] [net.minecraftforge.fml.loading.moddiscovery.ModFile/LOADING]: Loading mod file /workspaces/Explorecraft/servidor_minecraft/mods/veinminer-1.1.0.jar with languages [LanguageSpec[languageName=javafml, acceptedVersions=[25,)]]
[27Apr2026 18:54:50.184] [main/DEBUG] [net.minecraftforge.fml.loading.moddiscovery.ModFileParser/LOADING]: Considering mod file candidate /workspaces/Explorecraft/servidor_minecraft/mods/letsdo-vinery-forge-1.4.39.jar
[27Apr2026 18:54:50.184] [main/DEBUG] [net.minecraftforge.fml.loading.moddiscovery.ModFileInfo/LOADING]: Found valid mod file letsdo-vinery-forge-1.4.39.jar with {vinery} mods - versions {1.4.39}
[27Apr2026 18:54:50.184] [main/DEBUG] [net.minecraftforge.fml.loading.moddiscovery.ModFile/LOADING]: Loading mod file /workspaces/Explorecraft/servidor_minecraft/mods/letsdo-vinery-forge-1.4.39.jar with languages [LanguageSpec[languageName=javafml, acceptedVersions=[47,)]]
[27Apr2026 18:54:50.184] [main/DEBUG] [net.minecraftforge.fml.loading.moddiscovery.ModFileParser/LOADING]: Considering mod file candidate /workspaces/Explorecraft/servidor_minecraft/mods/royal_variations_[Forge]_1.20.1_1.0.jar
[27Apr2026 18:54:50.185] [main/DEBUG] [net.minecraftforge.fml.loading.moddiscovery.ModFileInfo/LOADING]: Found valid mod file royal_variations_[Forge]_1.20.1_1.0.jar with {royalvariations} mods - versions {1.0.0}
[27Apr2026 18:54:50.185] [main/DEBUG] [net.minecraftforge.fml.loading.moddiscovery.ModFile/LOADING]: Loading mod file /workspaces/Explorecraft/servidor_minecraft/mods/royal_variations_[Forge]_1.20.1_1.0.jar with languages [LanguageSpec[languageName=javafml, acceptedVersions=[47,)]]
[27Apr2026 18:54:50.185] [main/DEBUG] [net.minecraftforge.fml.loading.moddiscovery.ModFileParser/LOADING]: Considering mod file candidate /workspaces/Explorecraft/servidor_minecraft/mods/relics-1.20.1-0.8.0.9.jar
[27Apr2026 18:54:50.185] [main/DEBUG] [net.minecraftforge.fml.loading.moddiscovery.ModFileInfo/LOADING]: Found valid mod file relics-1.20.1-0.8.0.9.jar with {relics} mods - versions {0.8.0.9}
[27Apr2026 18:54:50.185] [main/DEBUG] [net.minecraftforge.fml.loading.moddiscovery.ModFile/LOADING]: Loading mod file /workspaces/Explorecraft/servidor_minecraft/mods/relics-1.20.1-0.8.0.9.jar with languages [LanguageSpec[languageName=javafml, acceptedVersions=[47,)]]
[27Apr2026 18:54:50.186] [main/DEBUG] [net.minecraftforge.fml.loading.moddiscovery.ModFileParser/LOADING]: Considering mod file candidate /workspaces/Explorecraft/servidor_minecraft/mods/creature_compendium-1.3.1.jar
[27Apr2026 18:54:50.186] [main/DEBUG] [net.minecraftforge.fml.loading.moddiscovery.ModFileInfo/LOADING]: Found valid mod file creature_compendium-1.3.1.jar with {creature_compendium} mods - versions {1.3.1}
[27Apr2026 18:54:50.186] [main/DEBUG] [net.minecraftforge.fml.loading.moddiscovery.ModFile/LOADING]: Loading mod file /workspaces/Explorecraft/servidor_minecraft/mods/creature_compendium-1.3.1.jar with languages [LanguageSpec[languageName=javafml, acceptedVersions=[0,)]]
[27Apr2026 18:54:50.186] [main/DEBUG] [net.minecraftforge.fml.loading.moddiscovery.ModFileParser/LOADING]: Considering mod file candidate /workspaces/Explorecraft/servidor_minecraft/mods/clickadv-1.20.1-3.8.jar
[27Apr2026 18:54:50.187] [main/DEBUG] [net.minecraftforge.fml.loading.moddiscovery.ModFileInfo/LOADING]: Found valid mod file clickadv-1.20.1-3.8.jar with {clickadv} mods - versions {1.20.1-3.8}
[27Apr2026 18:54:50.187] [main/DEBUG] [net.minecraftforge.fml.loading.moddiscovery.ModFile/LOADING]: Loading mod file /workspaces/Explorecraft/servidor_minecraft/mods/clickadv-1.20.1-3.8.jar with languages [LanguageSpec[languageName=javafml, acceptedVersions=[36,)]]
[27Apr2026 18:54:50.187] [main/DEBUG] [net.minecraftforge.fml.loading.moddiscovery.ModFileParser/LOADING]: Considering mod file candidate /workspaces/Explorecraft/servidor_minecraft/mods/iceandfire-2.1.13-1.20.1-beta-5.jar
[27Apr2026 18:54:50.188] [main/DEBUG] [net.minecraftforge.fml.loading.moddiscovery.ModFileInfo/LOADING]: Found valid mod file iceandfire-2.1.13-1.20.1-beta-5.jar with {iceandfire} mods - versions {2.1.13-1.20.1}
[27Apr2026 18:54:50.188] [main/DEBUG] [net.minecraftforge.fml.loading.moddiscovery.ModFile/LOADING]: Loading mod file /workspaces/Explorecraft/servidor_minecraft/mods/iceandfire-2.1.13-1.20.1-beta-5.jar with languages [LanguageSpec[languageName=javafml, acceptedVersions=[37.0,)]]
[27Apr2026 18:54:50.188] [main/DEBUG] [net.minecraftforge.fml.loading.moddiscovery.ModFileParser/LOADING]: Considering mod file candidate /workspaces/Explorecraft/servidor_minecraft/mods/medieval_buildings-1.20.1-1.1.1-forge.jar
[27Apr2026 18:54:50.188] [main/DEBUG] [net.minecraftforge.fml.loading.moddiscovery.ModFileInfo/LOADING]: Found valid mod file medieval_buildings-1.20.1-1.1.1-forge.jar with {medieval_buildings} mods - versions {1.1.1}
[27Apr2026 18:54:50.189] [main/DEBUG] [net.minecraftforge.fml.loading.moddiscovery.ModFile/LOADING]: Loading mod file /workspaces/Explorecraft/servidor_minecraft/mods/medieval_buildings-1.20.1-1.1.1-forge.jar with languages [LanguageSpec[languageName=javafml, acceptedVersions=[40,)]]
[27Apr2026 18:54:50.189] [main/DEBUG] [net.minecraftforge.fml.loading.moddiscovery.ModFileParser/LOADING]: Considering mod file candidate /workspaces/Explorecraft/servidor_minecraft/mods/balm-forge-1.20.1-7.3.18-all.jar
[27Apr2026 18:54:50.189] [main/DEBUG] [net.minecraftforge.fml.loading.moddiscovery.ModFileInfo/LOADING]: Found valid mod file balm-forge-1.20.1-7.3.18-all.jar with {balm} mods - versions {7.3.18}
[27Apr2026 18:54:50.189] [main/DEBUG] [net.minecraftforge.fml.loading.moddiscovery.ModFile/LOADING]: Loading mod file /workspaces/Explorecraft/servidor_minecraft/mods/balm-forge-1.20.1-7.3.18-all.jar with languages [LanguageSpec[languageName=javafml, acceptedVersions=[46,)]]
[27Apr2026 18:54:50.189] [main/DEBUG] [net.minecraftforge.fml.loading.moddiscovery.ModFileParser/LOADING]: Considering mod file candidate /workspaces/Explorecraft/servidor_minecraft/mods/blueprint-1.20.1-7.1.3.jar
[27Apr2026 18:54:50.190] [main/DEBUG] [net.minecraftforge.fml.loading.moddiscovery.ModFileInfo/LOADING]: Found valid mod file blueprint-1.20.1-7.1.3.jar with {blueprint} mods - versions {7.1.3}
[27Apr2026 18:54:50.190] [main/DEBUG] [net.minecraftforge.fml.loading.moddiscovery.ModFile/LOADING]: Loading mod file /workspaces/Explorecraft/servidor_minecraft/mods/blueprint-1.20.1-7.1.3.jar with languages [LanguageSpec[languageName=javafml, acceptedVersions=[32,)]]
[27Apr2026 18:54:50.190] [main/DEBUG] [net.minecraftforge.fml.loading.moddiscovery.ModFileParser/LOADING]: Considering mod file candidate /workspaces/Explorecraft/servidor_minecraft/mods/Terralith_1.20.x_v2.5.4.jar
[27Apr2026 18:54:50.190] [main/DEBUG] [net.minecraftforge.fml.loading.moddiscovery.ModFileInfo/LOADING]: Found valid mod file Terralith_1.20.x_v2.5.4.jar with {terralith} mods - versions {2.5.4}
[27Apr2026 18:54:50.191] [main/DEBUG] [net.minecraftforge.fml.loading.moddiscovery.ModFile/LOADING]: Loading mod file /workspaces/Explorecraft/servidor_minecraft/mods/Terralith_1.20.x_v2.5.4.jar with languages [LanguageSpec[languageName=lowcodefml, acceptedVersions=[1,)]]
[27Apr2026 18:54:50.191] [main/DEBUG] [net.minecraftforge.fml.loading.moddiscovery.ModFileParser/LOADING]: Considering mod file candidate /workspaces/Explorecraft/servidor_minecraft/mods/carryon-forge-1.20.1-2.1.2.7.jar
[27Apr2026 18:54:50.191] [main/DEBUG] [net.minecraftforge.fml.loading.moddiscovery.ModFileInfo/LOADING]: Found valid mod file carryon-forge-1.20.1-2.1.2.7.jar with {carryon} mods - versions {2.1.2.7}
[27Apr2026 18:54:50.191] [main/DEBUG] [net.minecraftforge.fml.loading.moddiscovery.ModFile/LOADING]: Loading mod file /workspaces/Explorecraft/servidor_minecraft/mods/carryon-forge-1.20.1-2.1.2.7.jar with languages [LanguageSpec[languageName=javafml, acceptedVersions=[46,)]]
[27Apr2026 18:54:50.191] [main/DEBUG] [net.minecraftforge.fml.loading.moddiscovery.ModFileParser/LOADING]: Considering mod file candidate /workspaces/Explorecraft/servidor_minecraft/mods/watut-forge-1.20.1-1.2.3.jar
[27Apr2026 18:54:50.192] [main/DEBUG] [net.minecraftforge.fml.loading.moddiscovery.ModFileInfo/LOADING]: Found valid mod file watut-forge-1.20.1-1.2.3.jar with {watut} mods - versions {1.20.1-1.2.3}
[27Apr2026 18:54:50.192] [main/DEBUG] [net.minecraftforge.fml.loading.moddiscovery.ModFile/LOADING]: Loading mod file /workspaces/Explorecraft/servidor_minecraft/mods/watut-forge-1.20.1-1.2.3.jar with languages [LanguageSpec[languageName=javafml, acceptedVersions=[47,)]]
[27Apr2026 18:54:50.192] [main/DEBUG] [net.minecraftforge.fml.loading.moddiscovery.ModFileParser/LOADING]: Considering mod file candidate 
[27Apr2026 18:54:50.192] [main/DEBUG] [net.minecraftforge.fml.loading.moddiscovery.ModFileInfo/LOADING]: Found valid mod file puzzlesaccessapi-forge-20.1.1.jar with {puzzlesaccessapi} mods - versions {20.1.1}
[27Apr2026 18:54:50.193] [main/DEBUG] [net.minecraftforge.fml.loading.moddiscovery.ModFile/LOADING]: Loading mod file  with languages [LanguageSpec[languageName=javafml, acceptedVersions=*]]
[27Apr2026 18:54:50.193] [main/DEBUG] [net.minecraftforge.fml.loading.moddiscovery.ModFileParser/LOADING]: Considering mod file candidate /workspaces/Explorecraft/servidor_minecraft/mods/cloth-config-11.1.118-forge.jar
[27Apr2026 18:54:50.193] [main/DEBUG] [net.minecraftforge.fml.loading.moddiscovery.ModFileInfo/LOADING]: Found valid mod file cloth-config-11.1.118-forge.jar with {cloth_config} mods - versions {11.1.118}
[27Apr2026 18:54:50.193] [main/DEBUG] [net.minecraftforge.fml.loading.moddiscovery.ModFile/LOADING]: Loading mod file /workspaces/Explorecraft/servidor_minecraft/mods/cloth-config-11.1.118-forge.jar with languages [LanguageSpec[languageName=javafml, acceptedVersions=[34,)]]
[27Apr2026 18:54:50.193] [main/DEBUG] [net.minecraftforge.fml.loading.moddiscovery.ModFileParser/LOADING]: Considering mod file candidate /workspaces/Explorecraft/servidor_minecraft/mods/YungsBetterNetherFortresses-1.20-Forge-2.0.6.jar
[27Apr2026 18:54:50.194] [main/DEBUG] [net.minecraftforge.fml.loading.moddiscovery.ModFileInfo/LOADING]: Found valid mod file YungsBetterNetherFortresses-1.20-Forge-2.0.6.jar with {betterfortresses} mods - versions {1.20-Forge-2.0.6}
[27Apr2026 18:54:50.194] [main/DEBUG] [net.minecraftforge.fml.loading.moddiscovery.ModFile/LOADING]: Loading mod file /workspaces/Explorecraft/servidor_minecraft/mods/YungsBetterNetherFortresses-1.20-Forge-2.0.6.jar with languages [LanguageSpec[languageName=javafml, acceptedVersions=[46,)]]
[27Apr2026 18:54:50.194] [main/DEBUG] [net.minecraftforge.fml.loading.moddiscovery.ModFileParser/LOADING]: Considering mod file candidate /workspaces/Explorecraft/servidor_minecraft/libraries/net/minecraftforge/forge/1.20.1-47.3.7/forge-1.20.1-47.3.7-universal.jar
[27Apr2026 18:54:50.194] [main/DEBUG] [net.minecraftforge.fml.loading.moddiscovery.ModFileInfo/LOADING]: Found valid mod file forge-1.20.1-47.3.7-universal.jar with {forge} mods - versions {47.3.7}
[27Apr2026 18:54:50.194] [main/DEBUG] [net.minecraftforge.fml.loading.moddiscovery.ModFile/LOADING]: Loading mod file /workspaces/Explorecraft/servidor_minecraft/libraries/net/minecraftforge/forge/1.20.1-47.3.7/forge-1.20.1-47.3.7-universal.jar with languages [LanguageSpec[languageName=javafml, acceptedVersions=[24,]]]
[27Apr2026 18:54:50.196] [main/DEBUG] [net.minecraftforge.fml.loading.moddiscovery.ModFileParser/LOADING]: Found coremod field_to_method with Javascript path coremods/field_to_method.js
[27Apr2026 18:54:50.196] [main/DEBUG] [net.minecraftforge.fml.loading.moddiscovery.ModFileParser/LOADING]: Found coremod field_to_instanceof with Javascript path coremods/field_to_instanceof.js
[27Apr2026 18:54:50.196] [main/DEBUG] [net.minecraftforge.fml.loading.moddiscovery.ModFileParser/LOADING]: Found coremod add_bouncer_method with Javascript path coremods/add_bouncer_method.js
[27Apr2026 18:54:50.196] [main/DEBUG] [net.minecraftforge.fml.loading.moddiscovery.ModFileParser/LOADING]: Found coremod method_redirector with Javascript path coremods/method_redirector.js
[27Apr2026 18:54:50.196] [main/DEBUG] [net.minecraftforge.fml.loading.moddiscovery.ModFile/LOADING]: Found coremod coremods/field_to_method.js
[27Apr2026 18:54:50.196] [main/DEBUG] [net.minecraftforge.fml.loading.moddiscovery.ModFile/LOADING]: Found coremod coremods/field_to_instanceof.js
[27Apr2026 18:54:50.196] [main/DEBUG] [net.minecraftforge.fml.loading.moddiscovery.ModFile/LOADING]: Found coremod coremods/add_bouncer_method.js
[27Apr2026 18:54:50.196] [main/DEBUG] [net.minecraftforge.fml.loading.moddiscovery.ModFile/LOADING]: Found coremod coremods/method_redirector.js
[27Apr2026 18:54:50.196] [main/DEBUG] [net.minecraftforge.fml.loading.moddiscovery.ModFileParser/LOADING]: Considering mod file candidate /workspaces/Explorecraft/servidor_minecraft/mods/twilightforest-1.20.1-4.3.2508-universal.jar
[27Apr2026 18:54:50.197] [main/DEBUG] [net.minecraftforge.fml.loading.moddiscovery.ModFileInfo/LOADING]: Found valid mod file twilightforest-1.20.1-4.3.2508-universal.jar with {twilightforest} mods - versions {4.3.2508}
[27Apr2026 18:54:50.197] [main/DEBUG] [net.minecraftforge.fml.loading.moddiscovery.ModFile/LOADING]: Loading mod file /workspaces/Explorecraft/servidor_minecraft/mods/twilightforest-1.20.1-4.3.2508-universal.jar with languages [LanguageSpec[languageName=javafml, acceptedVersions=[47,)]]
[27Apr2026 18:54:50.197] [main/DEBUG] [net.minecraftforge.fml.loading.moddiscovery.ModFileParser/LOADING]: Found coremod seed with Javascript path META-INF/asm/seed.js
[27Apr2026 18:54:50.197] [main/DEBUG] [net.minecraftforge.fml.loading.moddiscovery.ModFileParser/LOADING]: Found coremod maprendercontext with Javascript path META-INF/asm/maprendercontext.js
[27Apr2026 18:54:50.197] [main/DEBUG] [net.minecraftforge.fml.loading.moddiscovery.ModFileParser/LOADING]: Found coremod music with Javascript path META-INF/asm/music.js
[27Apr2026 18:54:50.197] [main/DEBUG] [net.minecraftforge.fml.loading.moddiscovery.ModFileParser/LOADING]: Found coremod multipart with Javascript path META-INF/asm/multipart.js
[27Apr2026 18:54:50.197] [main/DEBUG] [net.minecraftforge.fml.loading.moddiscovery.ModFileParser/LOADING]: Found coremod foliage with Javascript path META-INF/asm/foliage.js
[27Apr2026 18:54:50.198] [main/DEBUG] [net.minecraftforge.fml.loading.moddiscovery.ModFileParser/LOADING]: Found coremod mount with Javascript path META-INF/asm/mount.js
[27Apr2026 18:54:50.198] [main/DEBUG] [net.minecraftforge.fml.loading.moddiscovery.ModFileParser/LOADING]: Found coremod book with Javascript path META-INF/asm/book.js
[27Apr2026 18:54:50.198] [main/DEBUG] [net.minecraftforge.fml.loading.moddiscovery.ModFileParser/LOADING]: Found coremod conquered with Javascript path META-INF/asm/conquered.js
[27Apr2026 18:54:50.198] [main/DEBUG] [net.minecraftforge.fml.loading.moddiscovery.ModFileParser/LOADING]: Found coremod reach with Javascript path META-INF/asm/reach.js
[27Apr2026 18:54:50.198] [main/DEBUG] [net.minecraftforge.fml.loading.moddiscovery.ModFileParser/LOADING]: Found coremod shroom with Javascript path META-INF/asm/shroom.js
[27Apr2026 18:54:50.198] [main/DEBUG] [net.minecraftforge.fml.loading.moddiscovery.ModFileParser/LOADING]: Found coremod cloud with Javascript path META-INF/asm/cloud.js
[27Apr2026 18:54:50.198] [main/DEBUG] [net.minecraftforge.fml.loading.moddiscovery.ModFileParser/LOADING]: Found coremod lead with Javascript path META-INF/asm/lead.js
[27Apr2026 18:54:50.198] [main/DEBUG] [net.minecraftforge.fml.loading.moddiscovery.ModFile/LOADING]: Found coremod META-INF/asm/seed.js
[27Apr2026 18:54:50.198] [main/DEBUG] [net.minecraftforge.fml.loading.moddiscovery.ModFile/LOADING]: Found coremod META-INF/asm/maprendercontext.js
[27Apr2026 18:54:50.198] [main/DEBUG] [net.minecraftforge.fml.loading.moddiscovery.ModFile/LOADING]: Found coremod META-INF/asm/music.js
[27Apr2026 18:54:50.198] [main/DEBUG] [net.minecraftforge.fml.loading.moddiscovery.ModFile/LOADING]: Found coremod META-INF/asm/multipart.js
[27Apr2026 18:54:50.198] [main/DEBUG] [net.minecraftforge.fml.loading.moddiscovery.ModFile/LOADING]: Found coremod META-INF/asm/foliage.js
[27Apr2026 18:54:50.198] [main/DEBUG] [net.minecraftforge.fml.loading.moddiscovery.ModFile/LOADING]: Found coremod META-INF/asm/mount.js
[27Apr2026 18:54:50.198] [main/DEBUG] [net.minecraftforge.fml.loading.moddiscovery.ModFile/LOADING]: Found coremod META-INF/asm/book.js
[27Apr2026 18:54:50.198] [main/DEBUG] [net.minecraftforge.fml.loading.moddiscovery.ModFile/LOADING]: Found coremod META-INF/asm/conquered.js
[27Apr2026 18:54:50.198] [main/DEBUG] [net.minecraftforge.fml.loading.moddiscovery.ModFile/LOADING]: Found coremod META-INF/asm/reach.js
[27Apr2026 18:54:50.198] [main/DEBUG] [net.minecraftforge.fml.loading.moddiscovery.ModFile/LOADING]: Found coremod META-INF/asm/shroom.js
[27Apr2026 18:54:50.198] [main/DEBUG] [net.minecraftforge.fml.loading.moddiscovery.ModFile/LOADING]: Found coremod META-INF/asm/cloud.js
[27Apr2026 18:54:50.198] [main/DEBUG] [net.minecraftforge.fml.loading.moddiscovery.ModFile/LOADING]: Found coremod META-INF/asm/lead.js
[27Apr2026 18:54:50.198] [main/DEBUG] [net.minecraftforge.fml.loading.moddiscovery.ModFileParser/LOADING]: Considering mod file candidate /workspaces/Explorecraft/servidor_minecraft/mods/Geophilic v3.4 f15-71.mod.jar
[27Apr2026 18:54:50.200] [main/DEBUG] [net.minecraftforge.fml.loading.moddiscovery.ModFileInfo/LOADING]: Found valid mod file Geophilic v3.4 f15-71.mod.jar with {geophilic} mods - versions {3.4}
[27Apr2026 18:54:50.200] [main/DEBUG] [net.minecraftforge.fml.loading.moddiscovery.ModFile/LOADING]: Loading mod file /workspaces/Explorecraft/servidor_minecraft/mods/Geophilic v3.4 f15-71.mod.jar with languages [LanguageSpec[languageName=lowcodefml, acceptedVersions=[1,)]]
[27Apr2026 18:54:50.200] [main/DEBUG] [net.minecraftforge.fml.loading.moddiscovery.ModFileParser/LOADING]: Considering mod file candidate /workspaces/Explorecraft/servidor_minecraft/mods/corpse-forge-1.20.1-1.0.20.jar
[27Apr2026 18:54:50.200] [main/DEBUG] [net.minecraftforge.fml.loading.moddiscovery.ModFileInfo/LOADING]: Found valid mod file corpse-forge-1.20.1-1.0.20.jar with {corpse} mods - versions {1.20.1-1.0.20}
[27Apr2026 18:54:50.201] [main/DEBUG] [net.minecraftforge.fml.loading.moddiscovery.ModFile/LOADING]: Loading mod file /workspaces/Explorecraft/servidor_minecraft/mods/corpse-forge-1.20.1-1.0.20.jar with languages [LanguageSpec[languageName=javafml, acceptedVersions=*]]
[27Apr2026 18:54:50.201] [main/DEBUG] [net.minecraftforge.fml.loading.moddiscovery.ModFileParser/LOADING]: Considering mod file candidate /workspaces/Explorecraft/servidor_minecraft/mods/FarmersDelight-1.20.1-1.2.7.jar
[27Apr2026 18:54:50.201] [main/DEBUG] [net.minecraftforge.fml.loading.moddiscovery.ModFileInfo/LOADING]: Found valid mod file FarmersDelight-1.20.1-1.2.7.jar with {farmersdelight} mods - versions {1.20.1-1.2.7}
[27Apr2026 18:54:50.201] [main/DEBUG] [net.minecraftforge.fml.loading.moddiscovery.ModFile/LOADING]: Loading mod file /workspaces/Explorecraft/servidor_minecraft/mods/FarmersDelight-1.20.1-1.2.7.jar with languages [LanguageSpec[languageName=javafml, acceptedVersions=[46,)]]
[27Apr2026 18:54:50.202] [main/DEBUG] [net.minecraftforge.fml.loading.moddiscovery.ModFileInfo/LOADING]: Found valid mod file server-1.20.1-20230612.114412-srg.jar with {minecraft} mods - versions {1.20.1}
[27Apr2026 18:54:50.202] [main/DEBUG] [net.minecraftforge.fml.loading.moddiscovery.ModFile/LOADING]: Loading mod file /workspaces/Explorecraft/servidor_minecraft/libraries/net/minecraft/server/1.20.1-20230612.114412/server-1.20.1-20230612.114412-srg.jar with languages [LanguageSpec[languageName=minecraft, acceptedVersions=1]]
[27Apr2026 18:54:50.202] [main/DEBUG] [net.minecraftforge.fml.loading.moddiscovery.ModFileParser/LOADING]: Considering mod file candidate /workspaces/Explorecraft/servidor_minecraft/mods/voicechat-forge-1.20.1-2.5.28.jar
[27Apr2026 18:54:50.202] [main/DEBUG] [net.minecraftforge.fml.loading.moddiscovery.ModFileInfo/LOADING]: Found valid mod file voicechat-forge-1.20.1-2.5.28.jar with {voicechat} mods - versions {1.20.1-2.5.28}
[27Apr2026 18:54:50.203] [main/DEBUG] [net.minecraftforge.fml.loading.moddiscovery.ModFile/LOADING]: Loading mod file /workspaces/Explorecraft/servidor_minecraft/mods/voicechat-forge-1.20.1-2.5.28.jar with languages [LanguageSpec[languageName=javafml, acceptedVersions=*]]
[27Apr2026 18:54:50.203] [main/DEBUG] [net.minecraftforge.fml.loading.moddiscovery.ModFileParser/LOADING]: Considering mod file candidate /workspaces/Explorecraft/servidor_minecraft/mods/Necronomicon-Forge-1.6.0+1.20.1.jar
[27Apr2026 18:54:50.203] [main/DEBUG] [net.minecraftforge.fml.loading.moddiscovery.ModFileInfo/LOADING]: Found valid mod file Necronomicon-Forge-1.6.0+1.20.1.jar with {necronomicon} mods - versions {1.6.0}
[27Apr2026 18:54:50.203] [main/DEBUG] [net.minecraftforge.fml.loading.moddiscovery.ModFile/LOADING]: Loading mod file /workspaces/Explorecraft/servidor_minecraft/mods/Necronomicon-Forge-1.6.0+1.20.1.jar with languages [LanguageSpec[languageName=javafml, acceptedVersions=*]]
[27Apr2026 18:54:50.203] [main/DEBUG] [net.minecraftforge.fml.loading.moddiscovery.ModFileParser/LOADING]: Considering mod file candidate /workspaces/Explorecraft/servidor_minecraft/mods/Jade-1.20.1-forge-11.11.1.jar
[27Apr2026 18:54:50.204] [main/DEBUG] [net.minecraftforge.fml.loading.moddiscovery.ModFileInfo/LOADING]: Found valid mod file Jade-1.20.1-forge-11.11.1.jar with {jade} mods - versions {11.11.1+forge}
[27Apr2026 18:54:50.204] [main/DEBUG] [net.minecraftforge.fml.loading.moddiscovery.ModFile/LOADING]: Loading mod file /workspaces/Explorecraft/servidor_minecraft/mods/Jade-1.20.1-forge-11.11.1.jar with languages [LanguageSpec[languageName=javafml, acceptedVersions=[46,)]]
[27Apr2026 18:54:50.204] [main/DEBUG] [net.minecraftforge.fml.loading.moddiscovery.ModFileParser/LOADING]: Considering mod file candidate /workspaces/Explorecraft/servidor_minecraft/mods/another_furniture-forge-1.20.1-3.0.2.jar
[27Apr2026 18:54:50.204] [main/DEBUG] [net.minecraftforge.fml.loading.moddiscovery.ModFileInfo/LOADING]: Found valid mod file another_furniture-forge-1.20.1-3.0.2.jar with {another_furniture} mods - versions {1.20.1-3.0.2}
[27Apr2026 18:54:50.204] [main/DEBUG] [net.minecraftforge.fml.loading.moddiscovery.ModFile/LOADING]: Loading mod file /workspaces/Explorecraft/servidor_minecraft/mods/another_furniture-forge-1.20.1-3.0.2.jar with languages [LanguageSpec[languageName=javafml, acceptedVersions=[43,)]]
[27Apr2026 18:54:50.205] [main/DEBUG] [net.minecraftforge.fml.loading.moddiscovery.ModFileParser/LOADING]: Considering mod file candidate /workspaces/Explorecraft/servidor_minecraft/mods/CreativeCore_FORGE_v2.12.31_mc1.20.1.jar
[27Apr2026 18:54:50.205] [main/DEBUG] [net.minecraftforge.fml.loading.moddiscovery.ModFileInfo/LOADING]: Found valid mod file CreativeCore_FORGE_v2.12.31_mc1.20.1.jar with {creativecore} mods - versions {2.12.31}
[27Apr2026 18:54:50.205] [main/DEBUG] [net.minecraftforge.fml.loading.moddiscovery.ModFile/LOADING]: Loading mod file /workspaces/Explorecraft/servidor_minecraft/mods/CreativeCore_FORGE_v2.12.31_mc1.20.1.jar with languages [LanguageSpec[languageName=javafml, acceptedVersions=[46,)]]
[27Apr2026 18:54:50.205] [main/DEBUG] [net.minecraftforge.fml.loading.moddiscovery.ModFileParser/LOADING]: Considering mod file candidate 
[27Apr2026 18:54:50.206] [main/DEBUG] [net.minecraftforge.fml.loading.moddiscovery.ModFileInfo/LOADING]: Found valid mod file spectrelib-forge-0.13.15+1.20.1.jar with {spectrelib} mods - versions {0.13.15+1.20.1}
[27Apr2026 18:54:50.206] [main/DEBUG] [net.minecraftforge.fml.loading.moddiscovery.ModFile/LOADING]: Loading mod file  with languages [LanguageSpec[languageName=javafml, acceptedVersions=[41,)]]
[27Apr2026 18:54:50.206] [main/DEBUG] [net.minecraftforge.fml.loading.moddiscovery.ModFileParser/LOADING]: Considering mod file candidate /workspaces/Explorecraft/servidor_minecraft/mods/HangGlider-v8.0.1-1.20.1-Forge.jar
[27Apr2026 18:54:50.206] [main/DEBUG] [net.minecraftforge.fml.loading.moddiscovery.ModFileInfo/LOADING]: Found valid mod file HangGlider-v8.0.1-1.20.1-Forge.jar with {hangglider} mods - versions {8.0.1}
[27Apr2026 18:54:50.206] [main/DEBUG] [net.minecraftforge.fml.loading.moddiscovery.ModFile/LOADING]: Loading mod file /workspaces/Explorecraft/servidor_minecraft/mods/HangGlider-v8.0.1-1.20.1-Forge.jar with languages [LanguageSpec[languageName=javafml, acceptedVersions=[47,)]]
[27Apr2026 18:54:50.207] [main/DEBUG] [net.minecraftforge.fml.loading.moddiscovery.ModFileParser/LOADING]: Considering mod file candidate /workspaces/Explorecraft/servidor_minecraft/mods/curios-forge-5.12.1+1.20.1.jar
[27Apr2026 18:54:50.207] [main/DEBUG] [net.minecraftforge.fml.loading.moddiscovery.ModFileInfo/LOADING]: Found valid mod file curios-forge-5.12.1+1.20.1.jar with {curios} mods - versions {5.12.1+1.20.1}
[27Apr2026 18:54:50.207] [main/DEBUG] [net.minecraftforge.fml.loading.moddiscovery.ModFile/LOADING]: Loading mod file /workspaces/Explorecraft/servidor_minecraft/mods/curios-forge-5.12.1+1.20.1.jar with languages [LanguageSpec[languageName=javafml, acceptedVersions=[41,)]]
[27Apr2026 18:54:50.207] [main/DEBUG] [net.minecraftforge.fml.loading.moddiscovery.ModFileParser/LOADING]: Considering mod file candidate /workspaces/Explorecraft/servidor_minecraft/mods/Patchouli-1.20.1-85-FORGE.jar
[27Apr2026 18:54:50.208] [main/DEBUG] [net.minecraftforge.fml.loading.moddiscovery.ModFileInfo/LOADING]: Found valid mod file Patchouli-1.20.1-85-FORGE.jar with {patchouli} mods - versions {1.20.1-85-FORGE}
[27Apr2026 18:54:50.208] [main/DEBUG] [net.minecraftforge.fml.loading.moddiscovery.ModFile/LOADING]: Loading mod file /workspaces/Explorecraft/servidor_minecraft/mods/Patchouli-1.20.1-85-FORGE.jar with languages [LanguageSpec[languageName=javafml, acceptedVersions=[47,)]]
[27Apr2026 18:54:50.208] [main/DEBUG] [net.minecraftforge.fml.loading.moddiscovery.ModFileParser/LOADING]: Considering mod file candidate /workspaces/Explorecraft/servidor_minecraft/mods/Xaeros_Minimap_25.1.0_Forge_1.20.jar
[27Apr2026 18:54:50.208] [main/DEBUG] [net.minecraftforge.fml.loading.moddiscovery.ModFileInfo/LOADING]: Found valid mod file Xaeros_Minimap_25.1.0_Forge_1.20.jar with {xaerominimap} mods - versions {25.1.0}
[27Apr2026 18:54:50.208] [main/DEBUG] [net.minecraftforge.fml.loading.moddiscovery.ModFile/LOADING]: Loading mod file /workspaces/Explorecraft/servidor_minecraft/mods/Xaeros_Minimap_25.1.0_Forge_1.20.jar with languages [LanguageSpec[languageName=javafml, acceptedVersions=[46,48)]]
[27Apr2026 18:54:50.209] [main/DEBUG] [net.minecraftforge.fml.loading.moddiscovery.ModFileParser/LOADING]: Found coremod xaerohud_core with Javascript path META-INF/xaerohud_core.js
[27Apr2026 18:54:50.209] [main/DEBUG] [net.minecraftforge.fml.loading.moddiscovery.ModFile/LOADING]: Found coremod META-INF/xaerohud_core.js
[27Apr2026 18:54:50.209] [main/DEBUG] [net.minecraftforge.fml.loading.moddiscovery.ModFileParser/LOADING]: Considering mod file candidate /workspaces/Explorecraft/servidor_minecraft/mods/collective-1.20.1-7.94.jar
[27Apr2026 18:54:50.209] [main/DEBUG] [net.minecraftforge.fml.loading.moddiscovery.ModFileInfo/LOADING]: Found valid mod file collective-1.20.1-7.94.jar with {collective} mods - versions {7.94}
[27Apr2026 18:54:50.209] [main/DEBUG] [net.minecraftforge.fml.loading.moddiscovery.ModFile/LOADING]: Loading mod file /workspaces/Explorecraft/servidor_minecraft/mods/collective-1.20.1-7.94.jar with languages [LanguageSpec[languageName=javafml, acceptedVersions=*]]
[27Apr2026 18:54:50.209] [main/DEBUG] [net.minecraftforge.fml.loading.moddiscovery.ModFileParser/LOADING]: Considering mod file candidate /workspaces/Explorecraft/servidor_minecraft/mods/MorePlayerModels-1.20.1.20240409.jar
[27Apr2026 18:54:50.210] [main/DEBUG] [net.minecraftforge.fml.loading.moddiscovery.ModFileInfo/LOADING]: Found valid mod file MorePlayerModels-1.20.1.20240409.jar with {moreplayermodels} mods - versions {1.20.1.20240409}
[27Apr2026 18:54:50.210] [main/DEBUG] [net.minecraftforge.fml.loading.moddiscovery.ModFile/LOADING]: Loading mod file /workspaces/Explorecraft/servidor_minecraft/mods/MorePlayerModels-1.20.1.20240409.jar with languages [LanguageSpec[languageName=javafml, acceptedVersions=[47,)]]
[27Apr2026 18:54:50.210] [main/DEBUG] [net.minecraftforge.fml.loading.moddiscovery.ModFileParser/LOADING]: Considering mod file candidate /workspaces/Explorecraft/servidor_minecraft/mods/pet_cemetery-1.20.1-2.0.0.jar
[27Apr2026 18:54:50.210] [main/DEBUG] [net.minecraftforge.fml.loading.moddiscovery.ModFileInfo/LOADING]: Found valid mod file pet_cemetery-1.20.1-2.0.0.jar with {pet_cemetery} mods - versions {2.0.0}
[27Apr2026 18:54:50.210] [main/DEBUG] [net.minecraftforge.fml.loading.moddiscovery.ModFile/LOADING]: Loading mod file /workspaces/Explorecraft/servidor_minecraft/mods/pet_cemetery-1.20.1-2.0.0.jar with languages [LanguageSpec[languageName=javafml, acceptedVersions=[32,)]]
[27Apr2026 18:54:50.210] [main/DEBUG] [net.minecraftforge.fml.loading.moddiscovery.ModFileParser/LOADING]: Considering mod file candidate /workspaces/Explorecraft/servidor_minecraft/mods/ParCool-1.20.1-3.3.1.1.jar
[27Apr2026 18:54:50.211] [main/DEBUG] [net.minecraftforge.fml.loading.moddiscovery.ModFileInfo/LOADING]: Found valid mod file ParCool-1.20.1-3.3.1.1.jar with {parcool} mods - versions {3.3.1.1}
[27Apr2026 18:54:50.211] [main/DEBUG] [net.minecraftforge.fml.loading.moddiscovery.ModFile/LOADING]: Loading mod file /workspaces/Explorecraft/servidor_minecraft/mods/ParCool-1.20.1-3.3.1.1.jar with languages [LanguageSpec[languageName=javafml, acceptedVersions=[43,)]]
[27Apr2026 18:54:50.211] [main/DEBUG] [net.minecraftforge.fml.loading.moddiscovery.ModFileParser/LOADING]: Considering mod file candidate /workspaces/Explorecraft/servidor_minecraft/mods/Sitting+-2.0.1-forge-1.20.1.jar
[27Apr2026 18:54:50.212] [main/DEBUG] [net.minecraftforge.fml.loading.moddiscovery.ModFileInfo/LOADING]: Found valid mod file Sitting+-2.0.1-forge-1.20.1.jar with {sitmod} mods - versions {2.0.1}
[27Apr2026 18:54:50.212] [main/DEBUG] [net.minecraftforge.fml.loading.moddiscovery.ModFile/LOADING]: Loading mod file /workspaces/Explorecraft/servidor_minecraft/mods/Sitting+-2.0.1-forge-1.20.1.jar with languages [LanguageSpec[languageName=javafml, acceptedVersions=[47,)]]
[27Apr2026 18:54:50.212] [main/DEBUG] [net.minecraftforge.fml.loading.moddiscovery.ModFileParser/LOADING]: Considering mod file candidate /workspaces/Explorecraft/servidor_minecraft/mods/bettervillage-forge-1.20.1-3.3.0-all.jar
[27Apr2026 18:54:50.212] [main/DEBUG] [net.minecraftforge.fml.loading.moddiscovery.ModFileInfo/LOADING]: Found valid mod file bettervillage-forge-1.20.1-3.3.0-all.jar with {bettervillage} mods - versions {3.3.0}
[27Apr2026 18:54:50.212] [main/DEBUG] [net.minecraftforge.fml.loading.moddiscovery.ModFile/LOADING]: Loading mod file /workspaces/Explorecraft/servidor_minecraft/mods/bettervillage-forge-1.20.1-3.3.0-all.jar with languages [LanguageSpec[languageName=javafml, acceptedVersions=[0,)]]
[27Apr2026 18:54:50.212] [main/DEBUG] [net.minecraftforge.fml.loading.moddiscovery.ModFileParser/LOADING]: Considering mod file candidate /workspaces/Explorecraft/servidor_minecraft/mods/crittersandcompanions-forge-2.2.2.jar
[27Apr2026 18:54:50.213] [main/DEBUG] [net.minecraftforge.fml.loading.moddiscovery.ModFileInfo/LOADING]: Found valid mod file crittersandcompanions-forge-2.2.2.jar with {crittersandcompanions} mods - versions {2.2.2}
[27Apr2026 18:54:50.213] [main/DEBUG] [net.minecraftforge.fml.loading.moddiscovery.ModFile/LOADING]: Loading mod file /workspaces/Explorecraft/servidor_minecraft/mods/crittersandcompanions-forge-2.2.2.jar with languages [LanguageSpec[languageName=javafml, acceptedVersions=[47,)]]
[27Apr2026 18:54:50.213] [main/DEBUG] [net.minecraftforge.fml.loading.moddiscovery.ModFileParser/LOADING]: Considering mod file candidate /workspaces/Explorecraft/servidor_minecraft/mods/coroutil-forge-1.20.1-1.3.7.jar
[27Apr2026 18:54:50.213] [main/DEBUG] [net.minecraftforge.fml.loading.moddiscovery.ModFileInfo/LOADING]: Found valid mod file coroutil-forge-1.20.1-1.3.7.jar with {coroutil} mods - versions {1.20.1-1.3.7}
[27Apr2026 18:54:50.213] [main/DEBUG] [net.minecraftforge.fml.loading.moddiscovery.ModFile/LOADING]: Loading mod file /workspaces/Explorecraft/servidor_minecraft/mods/coroutil-forge-1.20.1-1.3.7.jar with languages [LanguageSpec[languageName=javafml, acceptedVersions=[47,)]]
[27Apr2026 18:54:50.214] [main/DEBUG] [net.minecraftforge.fml.loading.moddiscovery.ModFileParser/LOADING]: Considering mod file candidate /workspaces/Explorecraft/servidor_minecraft/mods/rusticdelight-forge-1.20.1-1.4.1.jar
[27Apr2026 18:54:50.214] [main/DEBUG] [net.minecraftforge.fml.loading.moddiscovery.ModFileInfo/LOADING]: Found valid mod file rusticdelight-forge-1.20.1-1.4.1.jar with {rusticdelight} mods - versions {1.4.1}
[27Apr2026 18:54:50.214] [main/DEBUG] [net.minecraftforge.fml.loading.moddiscovery.ModFile/LOADING]: Loading mod file /workspaces/Explorecraft/servidor_minecraft/mods/rusticdelight-forge-1.20.1-1.4.1.jar with languages [LanguageSpec[languageName=javafml, acceptedVersions=[47,)]]
[27Apr2026 18:54:50.214] [main/DEBUG] [net.minecraftforge.fml.loading.moddiscovery.ModFileParser/LOADING]: Considering mod file candidate /workspaces/Explorecraft/servidor_minecraft/mods/architectury-9.2.14-forge.jar
[27Apr2026 18:54:50.215] [main/DEBUG] [net.minecraftforge.fml.loading.moddiscovery.ModFileInfo/LOADING]: Found valid mod file architectury-9.2.14-forge.jar with {architectury} mods - versions {9.2.14}
[27Apr2026 18:54:50.215] [main/DEBUG] [net.minecraftforge.fml.loading.moddiscovery.ModFile/LOADING]: Loading mod file /workspaces/Explorecraft/servidor_minecraft/mods/architectury-9.2.14-forge.jar with languages [LanguageSpec[languageName=javafml, acceptedVersions=[46,)]]
[27Apr2026 18:54:50.215] [main/DEBUG] [net.minecraftforge.fml.loading.moddiscovery.ModFileParser/LOADING]: Considering mod file candidate /workspaces/Explorecraft/servidor_minecraft/mods/cupboard-1.20.1-2.7.jar
[27Apr2026 18:54:50.216] [main/DEBUG] [net.minecraftforge.fml.loading.moddiscovery.ModFileInfo/LOADING]: Found valid mod file cupboard-1.20.1-2.7.jar with {cupboard} mods - versions {1.20.1-2.7}
[27Apr2026 18:54:50.216] [main/DEBUG] [net.minecraftforge.fml.loading.moddiscovery.ModFile/LOADING]: Loading mod file /workspaces/Explorecraft/servidor_minecraft/mods/cupboard-1.20.1-2.7.jar with languages [LanguageSpec[languageName=javafml, acceptedVersions=[36,)]]
[27Apr2026 18:54:50.216] [main/DEBUG] [net.minecraftforge.fml.loading.moddiscovery.ModFileParser/LOADING]: Considering mod file candidate /workspaces/Explorecraft/servidor_minecraft/mods/rubidium-extra-0.5.4.3+mc1.20.1-build.121.jar
[27Apr2026 18:54:50.216] [main/DEBUG] [net.minecraftforge.fml.loading.moddiscovery.ModFileInfo/LOADING]: Found valid mod file rubidium-extra-0.5.4.3+mc1.20.1-build.121.jar with {embeddium_extra} mods - versions {0.5.4.3+mc1.20.1-build.121}
[27Apr2026 18:54:50.216] [main/DEBUG] [net.minecraftforge.fml.loading.moddiscovery.ModFile/LOADING]: Loading mod file /workspaces/Explorecraft/servidor_minecraft/mods/rubidium-extra-0.5.4.3+mc1.20.1-build.121.jar with languages [LanguageSpec[languageName=javafml, acceptedVersions=*]]
[27Apr2026 18:54:50.216] [main/DEBUG] [net.minecraftforge.fml.loading.moddiscovery.ModFileParser/LOADING]: Considering mod file candidate /workspaces/Explorecraft/servidor_minecraft/mods/refurbished_furniture-forge-1.20.1-1.0.12.jar
[27Apr2026 18:54:50.217] [main/DEBUG] [net.minecraftforge.fml.loading.moddiscovery.ModFileInfo/LOADING]: Found valid mod file refurbished_furniture-forge-1.20.1-1.0.12.jar with {refurbished_furniture} mods - versions {1.0.12}
[27Apr2026 18:54:50.217] [main/DEBUG] [net.minecraftforge.fml.loading.moddiscovery.ModFile/LOADING]: Loading mod file /workspaces/Explorecraft/servidor_minecraft/mods/refurbished_furniture-forge-1.20.1-1.0.12.jar with languages [LanguageSpec[languageName=javafml, acceptedVersions=[39,)]]
[27Apr2026 18:54:50.217] [main/DEBUG] [net.minecraftforge.fml.loading.moddiscovery.ModFileParser/LOADING]: Considering mod file candidate /workspaces/Explorecraft/servidor_minecraft/mods/PuzzlesLib-v8.1.29-1.20.1-Forge.jar
[27Apr2026 18:54:50.217] [main/DEBUG] [net.minecraftforge.fml.loading.moddiscovery.ModFileInfo/LOADING]: Found valid mod file PuzzlesLib-v8.1.29-1.20.1-Forge.jar with {puzzleslib} mods - versions {8.1.29}
[27Apr2026 18:54:50.217] [main/DEBUG] [net.minecraftforge.fml.loading.moddiscovery.ModFile/LOADING]: Loading mod file /workspaces/Explorecraft/servidor_minecraft/mods/PuzzlesLib-v8.1.29-1.20.1-Forge.jar with languages [LanguageSpec[languageName=javafml, acceptedVersions=[47,)]]
[27Apr2026 18:54:50.217] [main/DEBUG] [net.minecraftforge.fml.loading.moddiscovery.ModFileParser/LOADING]: Considering mod file candidate /workspaces/Explorecraft/servidor_minecraft/mods/charmofundying-forge-6.5.0+1.20.1.jar
[27Apr2026 18:54:50.218] [main/DEBUG] [net.minecraftforge.fml.loading.moddiscovery.ModFileInfo/LOADING]: Found valid mod file charmofundying-forge-6.5.0+1.20.1.jar with {charmofundying} mods - versions {6.5.0+1.20.1}
[27Apr2026 18:54:50.218] [main/DEBUG] [net.minecraftforge.fml.loading.moddiscovery.ModFile/LOADING]: Loading mod file /workspaces/Explorecraft/servidor_minecraft/mods/charmofundying-forge-6.5.0+1.20.1.jar with languages [LanguageSpec[languageName=javafml, acceptedVersions=[41,)]]
[27Apr2026 18:54:50.218] [main/DEBUG] [net.minecraftforge.fml.loading.moddiscovery.ModFileParser/LOADING]: Considering mod file candidate /workspaces/Explorecraft/servidor_minecraft/mods/ears-forge-1.19.4-1.4.7.jar
[27Apr2026 18:54:50.218] [main/DEBUG] [net.minecraftforge.fml.loading.moddiscovery.ModFileInfo/LOADING]: Found valid mod file ears-forge-1.19.4-1.4.7.jar with {ears} mods - versions {1.4.7}
[27Apr2026 18:54:50.218] [main/DEBUG] [net.minecraftforge.fml.loading.moddiscovery.ModFile/LOADING]: Loading mod file /workspaces/Explorecraft/servidor_minecraft/mods/ears-forge-1.19.4-1.4.7.jar with languages [LanguageSpec[languageName=javafml, acceptedVersions=[41,)]]
[27Apr2026 18:54:50.218] [main/DEBUG] [net.minecraftforge.fml.loading.moddiscovery.ModFileParser/LOADING]: Considering mod file candidate /workspaces/Explorecraft/servidor_minecraft/mods/framework-forge-1.20.1-0.8.0.jar
[27Apr2026 18:54:50.219] [main/DEBUG] [net.minecraftforge.fml.loading.moddiscovery.ModFileInfo/LOADING]: Found valid mod file framework-forge-1.20.1-0.8.0.jar with {framework} mods - versions {0.8.0}
[27Apr2026 18:54:50.219] [main/DEBUG] [net.minecraftforge.fml.loading.moddiscovery.ModFile/LOADING]: Loading mod file /workspaces/Explorecraft/servidor_minecraft/mods/framework-forge-1.20.1-0.8.0.jar with languages [LanguageSpec[languageName=javafml, acceptedVersions=[39,)]]
[27Apr2026 18:54:50.219] [main/DEBUG] [net.minecraftforge.fml.loading.moddiscovery.ModFileParser/LOADING]: Considering mod file candidate /workspaces/Explorecraft/servidor_minecraft/mods/mns-1.0.3-1.20-forge.jar
[27Apr2026 18:54:50.219] [main/DEBUG] [net.minecraftforge.fml.loading.moddiscovery.ModFileInfo/LOADING]: Found valid mod file mns-1.0.3-1.20-forge.jar with {mns} mods - versions {1.0.3-1.20-forge}
[27Apr2026 18:54:50.219] [main/DEBUG] [net.minecraftforge.fml.loading.moddiscovery.ModFile/LOADING]: Loading mod file /workspaces/Explorecraft/servidor_minecraft/mods/mns-1.0.3-1.20-forge.jar with languages [LanguageSpec[languageName=javafml, acceptedVersions=[46,)]]
[27Apr2026 18:54:50.219] [main/DEBUG] [net.minecraftforge.fml.loading.moddiscovery.ModFileParser/LOADING]: Considering mod file candidate /workspaces/Explorecraft/servidor_minecraft/mods/immersive_melodies-0.4.0+1.20.1-forge.jar
[27Apr2026 18:54:50.220] [main/DEBUG] [net.minecraftforge.fml.loading.moddiscovery.ModFileInfo/LOADING]: Found valid mod file immersive_melodies-0.4.0+1.20.1-forge.jar with {immersive_melodies} mods - versions {0.4.0+1.20.1}
[27Apr2026 18:54:50.220] [main/DEBUG] [net.minecraftforge.fml.loading.moddiscovery.ModFile/LOADING]: Loading mod file /workspaces/Explorecraft/servidor_minecraft/mods/immersive_melodies-0.4.0+1.20.1-forge.jar with languages [LanguageSpec[languageName=javafml, acceptedVersions=[35,)]]
[27Apr2026 18:54:50.220] [main/DEBUG] [net.minecraftforge.fml.loading.moddiscovery.ModFileParser/LOADING]: Considering mod file candidate /workspaces/Explorecraft/servidor_minecraft/mods/wings-2.1.4-all.jar
[27Apr2026 18:54:50.220] [main/DEBUG] [net.minecraftforge.fml.loading.moddiscovery.ModFileInfo/LOADING]: Found valid mod file wings-2.1.4-all.jar with {wings} mods - versions {2.1.4}
[27Apr2026 18:54:50.220] [main/DEBUG] [net.minecraftforge.fml.loading.moddiscovery.ModFile/LOADING]: Loading mod file /workspaces/Explorecraft/servidor_minecraft/mods/wings-2.1.4-all.jar with languages [LanguageSpec[languageName=javafml, acceptedVersions=[47,)]]
[27Apr2026 18:54:50.221] [main/DEBUG] [net.minecraftforge.fml.loading.moddiscovery.ModFileParser/LOADING]: Found coremod wings with Javascript path wings_core.js
[27Apr2026 18:54:50.221] [main/DEBUG] [net.minecraftforge.fml.loading.moddiscovery.ModFile/LOADING]: Found coremod wings_core.js
[27Apr2026 18:54:50.221] [main/DEBUG] [net.minecraftforge.fml.loading.moddiscovery.ModFileParser/LOADING]: Considering mod file candidate 
[27Apr2026 18:54:50.221] [main/DEBUG] [net.minecraftforge.fml.loading.moddiscovery.ModFileInfo/LOADING]: Found valid mod file expandability-forge-9.0.4.jar with {expandability} mods - versions {9.0.4}
[27Apr2026 18:54:50.221] [main/DEBUG] [net.minecraftforge.fml.loading.moddiscovery.ModFile/LOADING]: Loading mod file  with languages [LanguageSpec[languageName=javafml, acceptedVersions=[46,)]]
[27Apr2026 18:54:50.222] [main/DEBUG] [net.minecraftforge.fml.loading.moddiscovery.ModFileParser/LOADING]: Considering mod file candidate /workspaces/Explorecraft/servidor_minecraft/mods/cosmeticarmorreworked-1.20.1-v1a.jar
[27Apr2026 18:54:50.222] [main/DEBUG] [net.minecraftforge.fml.loading.moddiscovery.ModFileInfo/LOADING]: Found valid mod file cosmeticarmorreworked-1.20.1-v1a.jar with {cosmeticarmorreworked} mods - versions {1.20.1-v1a}
[27Apr2026 18:54:50.222] [main/DEBUG] [net.minecraftforge.fml.loading.moddiscovery.ModFile/LOADING]: Loading mod file /workspaces/Explorecraft/servidor_minecraft/mods/cosmeticarmorreworked-1.20.1-v1a.jar with languages [LanguageSpec[languageName=javafml, acceptedVersions=[47,)]]
[27Apr2026 18:54:50.222] [main/DEBUG] [net.minecraftforge.fml.loading.moddiscovery.ModFileParser/LOADING]: Considering mod file candidate /workspaces/Explorecraft/servidor_minecraft/mods/MOAdecor ELECTRONICS 1.20.1.A.jar
[27Apr2026 18:54:50.223] [main/DEBUG] [net.minecraftforge.fml.loading.moddiscovery.ModFileInfo/LOADING]: Found valid mod file MOAdecor ELECTRONICS 1.20.1.A.jar with {moa_decor_electronics} mods - versions {1.20.1.}
[27Apr2026 18:54:50.223] [main/DEBUG] [net.minecraftforge.fml.loading.moddiscovery.ModFile/LOADING]: Loading mod file /workspaces/Explorecraft/servidor_minecraft/mods/MOAdecor ELECTRONICS 1.20.1.A.jar with languages [LanguageSpec[languageName=javafml, acceptedVersions=[47,)]]
[27Apr2026 18:54:50.223] [main/DEBUG] [net.minecraftforge.fml.loading.moddiscovery.ModFileParser/LOADING]: Considering mod file candidate /workspaces/Explorecraft/servidor_minecraft/mods/PlayerRevive_FORGE_v2.0.31_mc1.20.1.jar
[27Apr2026 18:54:50.223] [main/DEBUG] [net.minecraftforge.fml.loading.moddiscovery.ModFileInfo/LOADING]: Found valid mod file PlayerRevive_FORGE_v2.0.31_mc1.20.1.jar with {playerrevive} mods - versions {2.0.31}
[27Apr2026 18:54:50.224] [main/DEBUG] [net.minecraftforge.fml.loading.moddiscovery.ModFile/LOADING]: Loading mod file /workspaces/Explorecraft/servidor_minecraft/mods/PlayerRevive_FORGE_v2.0.31_mc1.20.1.jar with languages [LanguageSpec[languageName=javafml, acceptedVersions=[46,)]]
[27Apr2026 18:54:50.224] [main/DEBUG] [net.minecraftforge.fml.loading.moddiscovery.ModFileParser/LOADING]: Considering mod file candidate /workspaces/Explorecraft/servidor_minecraft/mods/WWOO-FABRIC+FORGE+QUILT-2.0.0.jar
[27Apr2026 18:54:50.224] [main/DEBUG] [net.minecraftforge.fml.loading.moddiscovery.ModFileInfo/LOADING]: Found valid mod file WWOO-FABRIC+FORGE+QUILT-2.0.0.jar with {wwoo_forge} mods - versions {2.0.0}
[27Apr2026 18:54:50.224] [main/DEBUG] [net.minecraftforge.fml.loading.moddiscovery.ModFile/LOADING]: Loading mod file /workspaces/Explorecraft/servidor_minecraft/mods/WWOO-FABRIC+FORGE+QUILT-2.0.0.jar with languages [LanguageSpec[languageName=javafml, acceptedVersions=[47,)]]
[27Apr2026 18:54:50.224] [main/DEBUG] [net.minecraftforge.fml.loading.moddiscovery.ModFile/LOADING]: Loading mod file  with languages []
[27Apr2026 18:54:50.224] [main/DEBUG] [net.minecraftforge.fml.loading.moddiscovery.ModFile/LOADING]: Loading mod file  with languages []
[27Apr2026 18:54:50.224] [main/DEBUG] [net.minecraftforge.fml.loading.moddiscovery.ModFileParser/LOADING]: Considering mod file candidate 
[27Apr2026 18:54:50.225] [main/DEBUG] [net.minecraftforge.fml.loading.moddiscovery.ModFileInfo/LOADING]: Found valid mod file mixinextras-forge-0.4.1.jar with {mixinextras} mods - versions {0.4.1}
[27Apr2026 18:54:50.225] [main/DEBUG] [net.minecraftforge.fml.loading.moddiscovery.ModFile/LOADING]: Loading mod file  with languages [LanguageSpec[languageName=javafml, acceptedVersions=*]]
[27Apr2026 18:54:50.225] [main/DEBUG] [net.minecraftforge.fml.loading.moddiscovery.ModFile/LOADING]: Loading mod file  with languages []
[27Apr2026 18:54:50.225] [main/DEBUG] [net.minecraftforge.fml.loading.moddiscovery.ModFile/LOADING]: Loading mod file  with languages []
[27Apr2026 18:54:50.225] [main/DEBUG] [net.minecraftforge.fml.loading.moddiscovery.ModFile/LOADING]: Loading mod file  with languages []
[27Apr2026 18:54:50.225] [main/DEBUG] [net.minecraftforge.fml.loading.moddiscovery.ModFile/LOADING]: Loading mod file  with languages []
[27Apr2026 18:54:50.225] [main/DEBUG] [net.minecraftforge.fml.loading.moddiscovery.ModFile/LOADING]: Loading mod file  with languages []
[27Apr2026 18:54:50.225] [main/DEBUG] [net.minecraftforge.fml.loading.moddiscovery.ModFileParser/LOADING]: Considering mod file candidate 
[27Apr2026 18:54:50.226] [main/DEBUG] [net.minecraftforge.fml.loading.moddiscovery.ModFileInfo/LOADING]: Found valid mod file mixinextras-forge-0.4.1.jar with {mixinextras} mods - versions {0.4.1}
[27Apr2026 18:54:50.226] [main/DEBUG] [net.minecraftforge.fml.loading.moddiscovery.ModFile/LOADING]: Loading mod file  with languages [LanguageSpec[languageName=javafml, acceptedVersions=*]]
[27Apr2026 18:54:50.226] [main/DEBUG] [net.minecraftforge.fml.loading.moddiscovery.ModFile/LOADING]: Loading mod file  with languages []
[27Apr2026 18:54:50.226] [main/DEBUG] [net.minecraftforge.fml.loading.moddiscovery.ModFile/LOADING]: Loading mod file  with languages []
[27Apr2026 18:54:50.226] [main/DEBUG] [net.minecraftforge.fml.loading.moddiscovery.ModFile/LOADING]: Loading mod file  with languages []
[27Apr2026 18:54:50.227] [main/DEBUG] [cpw.mods.modlauncher.TransformationServiceDecorator/MODLAUNCHER]: End scan trigger - transformation service fml
[27Apr2026 18:54:50.238] [main/DEBUG] [net.minecraftforge.fml.loading.LanguageLoadingProvider/CORE]: Found 3 language providers
[27Apr2026 18:54:50.239] [main/DEBUG] [net.minecraftforge.fml.loading.LanguageLoadingProvider/CORE]: Found language provider minecraft, version 1.0
[27Apr2026 18:54:50.239] [main/DEBUG] [net.minecraftforge.fml.loading.LanguageLoadingProvider/CORE]: Found language provider lowcodefml, version 47
[27Apr2026 18:54:50.240] [main/DEBUG] [net.minecraftforge.fml.loading.LanguageLoadingProvider/CORE]: Found language provider javafml, version 47
[27Apr2026 18:54:50.244] [main/DEBUG] [net.minecraftforge.fml.loading.UniqueModListBuilder/]: Found 2 mods for first modid mclib, selecting most recent based on version data
[27Apr2026 18:54:50.245] [main/DEBUG] [net.minecraftforge.fml.loading.UniqueModListBuilder/]: Selected file mclib-20.jar for modid mclib with version 0.0NONE
[27Apr2026 18:54:50.245] [main/DEBUG] [net.minecraftforge.fml.loading.UniqueModListBuilder/]: Found 2 mods for first modid NanoLiveConfig, selecting most recent based on version data
[27Apr2026 18:54:50.245] [main/DEBUG] [net.minecraftforge.fml.loading.UniqueModListBuilder/]: Selected file NanoLiveConfig-1.2.0.jar for modid NanoLiveConfig with version 0.0NONE
[27Apr2026 18:54:50.245] [main/DEBUG] [net.minecraftforge.fml.loading.UniqueModListBuilder/]: Found 2 mods for first modid mixinextras, selecting most recent based on version data
[27Apr2026 18:54:50.245] [main/DEBUG] [net.minecraftforge.fml.loading.UniqueModListBuilder/]: Selected file mixinextras-forge-0.4.1.jar for modid mixinextras with version 0.4.1
[27Apr2026 18:54:50.245] [main/DEBUG] [net.minecraftforge.fml.loading.UniqueModListBuilder/]: Found 2 mods for first modid org.yaml.snakeyaml, selecting most recent based on version data
[27Apr2026 18:54:50.245] [main/DEBUG] [net.minecraftforge.fml.loading.UniqueModListBuilder/]: Selected file snakeyaml-2.2.jar for modid org.yaml.snakeyaml with version 0.0NONE
[27Apr2026 18:54:50.245] [main/DEBUG] [net.minecraftforge.fml.loading.UniqueModListBuilder/]: Found 2 mods for first modid MathParser.org.mXparser, selecting most recent based on version data
[27Apr2026 18:54:50.245] [main/DEBUG] [net.minecraftforge.fml.loading.UniqueModListBuilder/]: Selected file MathParser.org-mXparser-5.2.1.jar for modid MathParser.org.mXparser with version 0.0NONE
[27Apr2026 18:54:50.245] [main/DEBUG] [net.minecraftforge.fml.loading.UniqueModListBuilder/]: Found 2 mods for first modid MixinExtras, selecting most recent based on version data
[27Apr2026 18:54:50.245] [main/DEBUG] [net.minecraftforge.fml.loading.UniqueModListBuilder/]: Selected file MixinExtras-0.4.1.jar for modid MixinExtras with version 0.0NONE
[27Apr2026 18:54:50.247] [main/DEBUG] [net.minecraftforge.fml.loading.ModSorter/]: Configured system mods: [minecraft, forge]
[27Apr2026 18:54:50.247] [main/DEBUG] [net.minecraftforge.fml.loading.ModSorter/]: Found system mod: minecraft
[27Apr2026 18:54:50.247] [main/DEBUG] [net.minecraftforge.fml.loading.ModSorter/]: Found system mod: forge
[27Apr2026 18:54:50.249] [main/DEBUG] [net.minecraftforge.fml.loading.ModSorter/LOADING]: Found 179 mod requirements (163 mandatory, 16 optional)
[27Apr2026 18:54:50.251] [main/DEBUG] [net.minecraftforge.fml.loading.ModSorter/LOADING]: Found 0 mod requirements missing (0 mandatory, 0 optional)
[27Apr2026 18:54:50.777] [main/DEBUG] [cpw.mods.modlauncher.TransformationServicesHandler/MODLAUNCHER]: Transformation services loading transformers
[27Apr2026 18:54:50.777] [main/DEBUG] [cpw.mods.modlauncher.TransformationServiceDecorator/MODLAUNCHER]: Initializing transformers for transformation service mixin
[27Apr2026 18:54:50.778] [main/DEBUG] [cpw.mods.modlauncher.TransformationServiceDecorator/MODLAUNCHER]: Initialized transformers for transformation service mixin
[27Apr2026 18:54:50.778] [main/DEBUG] [cpw.mods.modlauncher.TransformationServiceDecorator/MODLAUNCHER]: Initializing transformers for transformation service fml
[27Apr2026 18:54:50.778] [main/DEBUG] [net.minecraftforge.fml.loading.FMLServiceProvider/CORE]: Loading coremod transformers
[27Apr2026 18:54:50.778] [main/DEBUG] [net.minecraftforge.coremod.CoreModEngine/COREMOD]: Loading CoreMod from META-INF/xaeroworldmap_core.js
[27Apr2026 18:54:51.053] [main/DEBUG] [net.minecraftforge.coremod.CoreModEngine/COREMOD]: CoreMod loaded successfully
[27Apr2026 18:54:51.053] [main/DEBUG] [net.minecraftforge.coremod.CoreModEngine/COREMOD]: Loading CoreMod from coremods/field_to_method.js
[27Apr2026 18:54:51.073] [main/DEBUG] [net.minecraftforge.coremod.CoreModEngine/COREMOD]: CoreMod loaded successfully
[27Apr2026 18:54:51.074] [main/DEBUG] [net.minecraftforge.coremod.CoreModEngine/COREMOD]: Loading CoreMod from coremods/field_to_instanceof.js
[27Apr2026 18:54:51.129] [main/DEBUG] [net.minecraftforge.coremod.CoreModEngine/COREMOD]: CoreMod loaded successfully
[27Apr2026 18:54:51.130] [main/DEBUG] [net.minecraftforge.coremod.CoreModEngine/COREMOD]: Loading CoreMod from coremods/add_bouncer_method.js
[27Apr2026 18:54:51.168] [main/DEBUG] [net.minecraftforge.coremod.CoreModEngine/COREMOD]: CoreMod loaded successfully
[27Apr2026 18:54:51.168] [main/DEBUG] [net.minecraftforge.coremod.CoreModEngine/COREMOD]: Loading CoreMod from coremods/method_redirector.js
[27Apr2026 18:54:51.238] [main/DEBUG] [net.minecraftforge.coremod.CoreModEngine/COREMOD]: CoreMod loaded successfully
[27Apr2026 18:54:51.239] [main/DEBUG] [net.minecraftforge.coremod.CoreModEngine/COREMOD]: Loading CoreMod from META-INF/asm/seed.js
[27Apr2026 18:54:51.252] [main/DEBUG] [net.minecraftforge.coremod.CoreModEngine/COREMOD]: CoreMod loaded successfully
[27Apr2026 18:54:51.253] [main/DEBUG] [net.minecraftforge.coremod.CoreModEngine/COREMOD]: Loading CoreMod from META-INF/asm/maprendercontext.js
[27Apr2026 18:54:51.296] [main/DEBUG] [net.minecraftforge.coremod.CoreModEngine/COREMOD]: CoreMod loaded successfully
[27Apr2026 18:54:51.296] [main/DEBUG] [net.minecraftforge.coremod.CoreModEngine/COREMOD]: Loading CoreMod from META-INF/asm/music.js
[27Apr2026 18:54:51.307] [main/DEBUG] [net.minecraftforge.coremod.CoreModEngine/COREMOD]: CoreMod loaded successfully
[27Apr2026 18:54:51.308] [main/DEBUG] [net.minecraftforge.coremod.CoreModEngine/COREMOD]: Loading CoreMod from META-INF/asm/multipart.js
[27Apr2026 18:54:51.325] [main/DEBUG] [net.minecraftforge.coremod.CoreModEngine/COREMOD]: CoreMod loaded successfully
[27Apr2026 18:54:51.325] [main/DEBUG] [net.minecraftforge.coremod.CoreModEngine/COREMOD]: Loading CoreMod from META-INF/asm/foliage.js
[27Apr2026 18:54:51.335] [main/DEBUG] [net.minecraftforge.coremod.CoreModEngine/COREMOD]: CoreMod loaded successfully
[27Apr2026 18:54:51.335] [main/DEBUG] [net.minecraftforge.coremod.CoreModEngine/COREMOD]: Loading CoreMod from META-INF/asm/mount.js
[27Apr2026 18:54:51.347] [main/DEBUG] [net.minecraftforge.coremod.CoreModEngine/COREMOD]: CoreMod loaded successfully
[27Apr2026 18:54:51.347] [main/DEBUG] [net.minecraftforge.coremod.CoreModEngine/COREMOD]: Loading CoreMod from META-INF/asm/book.js
[27Apr2026 18:54:51.357] [main/DEBUG] [net.minecraftforge.coremod.CoreModEngine/COREMOD]: CoreMod loaded successfully
[27Apr2026 18:54:51.357] [main/DEBUG] [net.minecraftforge.coremod.CoreModEngine/COREMOD]: Loading CoreMod from META-INF/asm/conquered.js
[27Apr2026 18:54:51.367] [main/DEBUG] [net.minecraftforge.coremod.CoreModEngine/COREMOD]: CoreMod loaded successfully
[27Apr2026 18:54:51.368] [main/DEBUG] [net.minecraftforge.coremod.CoreModEngine/COREMOD]: Loading CoreMod from META-INF/asm/reach.js
[27Apr2026 18:54:51.378] [main/DEBUG] [net.minecraftforge.coremod.CoreModEngine/COREMOD]: CoreMod loaded successfully
[27Apr2026 18:54:51.378] [main/DEBUG] [net.minecraftforge.coremod.CoreModEngine/COREMOD]: Loading CoreMod from META-INF/asm/shroom.js
[27Apr2026 18:54:51.391] [main/DEBUG] [net.minecraftforge.coremod.CoreModEngine/COREMOD]: CoreMod loaded successfully
[27Apr2026 18:54:51.391] [main/DEBUG] [net.minecraftforge.coremod.CoreModEngine/COREMOD]: Loading CoreMod from META-INF/asm/cloud.js
[27Apr2026 18:54:51.404] [main/DEBUG] [net.minecraftforge.coremod.CoreModEngine/COREMOD]: CoreMod loaded successfully
[27Apr2026 18:54:51.405] [main/DEBUG] [net.minecraftforge.coremod.CoreModEngine/COREMOD]: Loading CoreMod from META-INF/asm/lead.js
[27Apr2026 18:54:51.420] [main/DEBUG] [net.minecraftforge.coremod.CoreModEngine/COREMOD]: CoreMod loaded successfully
[27Apr2026 18:54:51.421] [main/DEBUG] [net.minecraftforge.coremod.CoreModEngine/COREMOD]: Loading CoreMod from META-INF/xaerohud_core.js
[27Apr2026 18:54:51.496] [main/DEBUG] [net.minecraftforge.coremod.CoreModEngine/COREMOD]: CoreMod loaded successfully
[27Apr2026 18:54:51.496] [main/DEBUG] [net.minecraftforge.coremod.CoreModEngine/COREMOD]: Loading CoreMod from wings_core.js
[27Apr2026 18:54:52.301] [main/DEBUG] [net.minecraftforge.coremod.CoreModEngine/COREMOD]: CoreMod loaded successfully
[27Apr2026 18:54:52.327] [main/DEBUG] [cpw.mods.modlauncher.TransformStore/MODLAUNCHER]: Adding transformer net.minecraftforge.coremod.transformer.CoreModMethodTransformer@6c1b82cd to Target : METHOD {Lnet/minecraft/client/multiplayer/ClientPacketListener;} {m_6773_} {(Lnet/minecraft/network/protocol/game/ClientboundBlockUpdatePacket;)V}
[27Apr2026 18:54:52.328] [main/DEBUG] [cpw.mods.modlauncher.TransformStore/MODLAUNCHER]: Adding transformer net.minecraftforge.coremod.transformer.CoreModMethodTransformer@369a95a5 to Target : METHOD {Lnet/minecraft/client/multiplayer/ClientPacketListener;} {m_5771_} {(Lnet/minecraft/network/protocol/game/ClientboundSectionBlocksUpdatePacket;)V}
[27Apr2026 18:54:52.328] [main/DEBUG] [cpw.mods.modlauncher.TransformStore/MODLAUNCHER]: Adding transformer net.minecraftforge.coremod.transformer.CoreModMethodTransformer@543da15 to Target : METHOD {Lnet/minecraft/client/multiplayer/ClientPacketListener;} {m_194198_} {(IILnet/minecraft/network/protocol/game/ClientboundLevelChunkPacketData;)V}
[27Apr2026 18:54:52.329] [main/DEBUG] [cpw.mods.modlauncher.TransformStore/MODLAUNCHER]: Adding transformer net.minecraftforge.coremod.transformer.CoreModMethodTransformer@69d7bc1a to Target : METHOD {Lnet/minecraft/client/multiplayer/ClientPacketListener;} {m_183388_} {(Lnet/minecraft/network/protocol/game/ClientboundLevelChunkWithLightPacket;)V}
[27Apr2026 18:54:52.329] [main/DEBUG] [cpw.mods.modlauncher.TransformStore/MODLAUNCHER]: Adding transformer net.minecraftforge.coremod.transformer.CoreModMethodTransformer@cb318ac to Target : METHOD {Lnet/minecraft/client/multiplayer/ClientPacketListener;} {m_183514_} {(Lnet/minecraft/network/protocol/game/ClientboundLightUpdatePacket;)V}
[27Apr2026 18:54:52.329] [main/DEBUG] [cpw.mods.modlauncher.TransformStore/MODLAUNCHER]: Adding transformer net.minecraftforge.coremod.transformer.CoreModMethodTransformer@6e668322 to Target : METHOD {Lnet/minecraft/client/multiplayer/ClientPacketListener;} {m_194252_} {(Lnet/minecraft/network/protocol/game/ClientboundForgetLevelChunkPacket;)V}
[27Apr2026 18:54:52.329] [main/DEBUG] [cpw.mods.modlauncher.TransformStore/MODLAUNCHER]: Adding transformer net.minecraftforge.coremod.transformer.CoreModMethodTransformer@75ee6f89 to Target : METHOD {Lnet/minecraft/client/player/AbstractClientPlayer;} {m_108561_} {()Lnet/minecraft/resources/ResourceLocation;}
[27Apr2026 18:54:52.329] [main/DEBUG] [cpw.mods.modlauncher.TransformStore/MODLAUNCHER]: Adding transformer net.minecraftforge.coremod.transformer.CoreModMethodTransformer@210d3a42 to Target : METHOD {Lnet/minecraft/world/entity/player/Player;} {m_36170_} {(Lnet/minecraft/world/entity/player/PlayerModelPart;)Z}
[27Apr2026 18:54:52.329] [main/DEBUG] [cpw.mods.modlauncher.TransformStore/MODLAUNCHER]: Adding transformer net.minecraftforge.coremod.transformer.CoreModMethodTransformer@356f20b7 to Target : METHOD {Lnet/minecraft/client/multiplayer/ClientPacketListener;} {m_5998_} {(Lnet/minecraft/network/protocol/game/ClientboundLoginPacket;)V}
[27Apr2026 18:54:52.329] [main/DEBUG] [cpw.mods.modlauncher.TransformStore/MODLAUNCHER]: Adding transformer net.minecraftforge.coremod.transformer.CoreModMethodTransformer@6f4adaab to Target : METHOD {Lnet/minecraft/client/multiplayer/ClientPacketListener;} {m_261044_} {()V}
[27Apr2026 18:54:52.329] [main/DEBUG] [cpw.mods.modlauncher.TransformStore/MODLAUNCHER]: Adding transformer net.minecraftforge.coremod.transformer.CoreModMethodTransformer@69de72ec to Target : METHOD {Lnet/minecraft/server/players/PlayerList;} {m_11229_} {(Lnet/minecraft/server/level/ServerPlayer;Lnet/minecraft/server/level/ServerLevel;)V}
[27Apr2026 18:54:52.329] [main/DEBUG] [cpw.mods.modlauncher.TransformStore/MODLAUNCHER]: Adding transformer net.minecraftforge.coremod.transformer.CoreModMethodTransformer@21c99abf to Target : METHOD {Lnet/minecraft/world/level/storage/LevelStorageSource$LevelStorageAccess;} {m_78311_} {()V}
[27Apr2026 18:54:52.329] [main/DEBUG] [cpw.mods.modlauncher.TransformStore/MODLAUNCHER]: Adding transformer net.minecraftforge.coremod.transformer.CoreModMethodTransformer@6d6f6ca9 to Target : METHOD {Lnet/minecraft/client/Minecraft;} {m_91383_} {(Z)V}
[27Apr2026 18:54:52.329] [main/DEBUG] [cpw.mods.modlauncher.TransformStore/MODLAUNCHER]: Adding transformer net.minecraftforge.coremod.transformer.CoreModMethodTransformer@54496c2d to Target : METHOD {Lnet/minecraft/client/Minecraft;} {m_91383_} {(Z)V}
[27Apr2026 18:54:52.330] [main/DEBUG] [cpw.mods.modlauncher.TransformStore/MODLAUNCHER]: Adding transformer net.minecraftforge.coremod.transformer.CoreModMethodTransformer@4e1a3d5a to Target : METHOD {Lnet/minecraft/client/multiplayer/chat/ChatListener;} {m_240494_} {(Lnet/minecraft/network/chat/Component;Z)V}
[27Apr2026 18:54:52.330] [main/DEBUG] [cpw.mods.modlauncher.TransformStore/MODLAUNCHER]: Adding transformer net.minecraftforge.coremod.transformer.CoreModMethodTransformer@236b4a44 to Target : METHOD {Lnet/minecraft/client/multiplayer/chat/ChatListener;} {m_245141_} {(Lnet/minecraft/network/chat/Component;Lnet/minecraft/network/chat/ChatType$Bound;)V}
[27Apr2026 18:54:52.330] [main/DEBUG] [cpw.mods.modlauncher.TransformStore/MODLAUNCHER]: Adding transformer net.minecraftforge.coremod.transformer.CoreModMethodTransformer@35f760a4 to Target : METHOD {Lnet/minecraft/client/multiplayer/ClientPacketListener;} {m_6571_} {(Lnet/minecraft/network/protocol/game/ClientboundSetDefaultSpawnPositionPacket;)V}
[27Apr2026 18:54:52.330] [main/DEBUG] [cpw.mods.modlauncher.TransformStore/MODLAUNCHER]: Adding transformer net.minecraftforge.coremod.transformer.CoreModMethodTransformer@2ac05a33 to Target : METHOD {Lnet/minecraft/world/level/levelgen/WorldOptions;} {<init>} {(JZZLjava/util/Optional;)V}
[27Apr2026 18:54:52.330] [main/DEBUG] [cpw.mods.modlauncher.TransformStore/MODLAUNCHER]: Adding transformer net.minecraftforge.coremod.transformer.CoreModMethodTransformer@35af52dc to Target : METHOD {Lnet/minecraft/client/gui/MapRenderer$MapInstance;} {m_93291_} {(Lcom/mojang/blaze3d/vertex/PoseStack;Lnet/minecraft/client/renderer/MultiBufferSource;ZI)V}
[27Apr2026 18:54:52.330] [main/DEBUG] [cpw.mods.modlauncher.TransformStore/MODLAUNCHER]: Adding transformer net.minecraftforge.coremod.transformer.CoreModMethodTransformer@4cef0747 to Target : METHOD {Lnet/minecraft/client/renderer/ItemInHandRenderer;} {m_109371_} {(Lnet/minecraft/client/player/AbstractClientPlayer;FFLnet/minecraft/world/InteractionHand;FLnet/minecraft/world/item/ItemStack;FLcom/mojang/blaze3d/vertex/PoseStack;Lnet/minecraft/client/renderer/MultiBufferSource;I)V}
[27Apr2026 18:54:52.330] [main/DEBUG] [cpw.mods.modlauncher.TransformStore/MODLAUNCHER]: Adding transformer net.minecraftforge.coremod.transformer.CoreModMethodTransformer@4213bc3e to Target : METHOD {Lnet/minecraft/world/entity/decoration/ItemFrame;} {m_218868_} {()Ljava/util/OptionalInt;}
[27Apr2026 18:54:52.330] [main/DEBUG] [cpw.mods.modlauncher.TransformStore/MODLAUNCHER]: Adding transformer net.minecraftforge.coremod.transformer.CoreModMethodTransformer@6aaa678d to Target : METHOD {Lnet/minecraft/client/renderer/ItemInHandRenderer;} {m_109366_} {(Lcom/mojang/blaze3d/vertex/PoseStack;Lnet/minecraft/client/renderer/MultiBufferSource;ILnet/minecraft/world/item/ItemStack;)V}
[27Apr2026 18:54:52.330] [main/DEBUG] [cpw.mods.modlauncher.TransformStore/MODLAUNCHER]: Adding transformer net.minecraftforge.coremod.transformer.CoreModMethodTransformer@25dcf1b6 to Target : METHOD {Lnet/minecraft/world/item/MapItem;} {m_7373_} {(Lnet/minecraft/world/item/ItemStack;Lnet/minecraft/world/level/Level;Ljava/util/List;Lnet/minecraft/world/item/TooltipFlag;)V}
[27Apr2026 18:54:52.330] [main/DEBUG] [cpw.mods.modlauncher.TransformStore/MODLAUNCHER]: Adding transformer net.minecraftforge.coremod.transformer.CoreModMethodTransformer@113d0f75 to Target : METHOD {Lnet/minecraft/client/sounds/MusicManager;} {m_120183_} {()V}
[27Apr2026 18:54:52.331] [main/DEBUG] [cpw.mods.modlauncher.TransformStore/MODLAUNCHER]: Adding transformer net.minecraftforge.coremod.transformer.CoreModMethodTransformer@4e10a320 to Target : METHOD {Lnet/minecraft/server/level/ServerEntity;} {m_8543_} {()V}
[27Apr2026 18:54:52.331] [main/DEBUG] [cpw.mods.modlauncher.TransformStore/MODLAUNCHER]: Adding transformer net.minecraftforge.coremod.transformer.CoreModMethodTransformer@773f3360 to Target : METHOD {Lnet/minecraft/client/renderer/entity/EntityRenderDispatcher;} {m_6213_} {(Lnet/minecraft/server/packs/resources/ResourceManager;)V}
[27Apr2026 18:54:52.331] [main/DEBUG] [cpw.mods.modlauncher.TransformStore/MODLAUNCHER]: Adding transformer net.minecraftforge.coremod.transformer.CoreModMethodTransformer@352c3d70 to Target : METHOD {Lnet/minecraft/client/renderer/entity/EntityRenderDispatcher;} {m_114382_} {(Lnet/minecraft/world/entity/Entity;)Lnet/minecraft/client/renderer/entity/EntityRenderer;}
[27Apr2026 18:54:52.331] [main/DEBUG] [cpw.mods.modlauncher.TransformStore/MODLAUNCHER]: Adding transformer net.minecraftforge.coremod.transformer.CoreModMethodTransformer@4c13ca07 to Target : METHOD {Lnet/minecraft/client/renderer/LevelRenderer;} {m_109599_} {(Lcom/mojang/blaze3d/vertex/PoseStack;FJZLnet/minecraft/client/Camera;Lnet/minecraft/client/renderer/GameRenderer;Lnet/minecraft/client/renderer/LightTexture;Lorg/joml/Matrix4f;)V}
[27Apr2026 18:54:52.331] [main/DEBUG] [cpw.mods.modlauncher.TransformStore/MODLAUNCHER]: Adding transformer net.minecraftforge.coremod.transformer.CoreModMethodTransformer@7d17906 to Target : METHOD {Lnet/minecraft/client/renderer/BiomeColors;} {m_108807_} {(Lnet/minecraft/world/level/biome/Biome;DD)I}
[27Apr2026 18:54:52.332] [main/DEBUG] [cpw.mods.modlauncher.TransformStore/MODLAUNCHER]: Adding transformer net.minecraftforge.coremod.transformer.CoreModMethodTransformer@97beeaf to Target : METHOD {Lnet/minecraft/client/player/LocalPlayer;} {m_6083_} {()V}
[27Apr2026 18:54:52.332] [main/DEBUG] [cpw.mods.modlauncher.TransformStore/MODLAUNCHER]: Adding transformer net.minecraftforge.coremod.transformer.CoreModMethodTransformer@5d68954d to Target : METHOD {Lnet/minecraft/world/item/WrittenBookItem;} {m_7626_} {(Lnet/minecraft/world/item/ItemStack;)Lnet/minecraft/network/chat/Component;}
[27Apr2026 18:54:52.332] [main/DEBUG] [cpw.mods.modlauncher.TransformStore/MODLAUNCHER]: Adding transformer net.minecraftforge.coremod.transformer.CoreModMethodTransformer@f793f15 to Target : METHOD {Lnet/minecraft/world/level/levelgen/structure/StructureStart;} {m_226857_} {(Lnet/minecraft/world/level/levelgen/structure/pieces/StructurePieceSerializationContext;Lnet/minecraft/nbt/CompoundTag;J)Lnet/minecraft/world/level/levelgen/structure/StructureStart;}
[27Apr2026 18:54:52.333] [main/DEBUG] [cpw.mods.modlauncher.TransformStore/MODLAUNCHER]: Adding transformer net.minecraftforge.coremod.transformer.CoreModMethodTransformer@3ec7eb5 to Target : METHOD {Lnet/minecraft/world/item/Item;} {m_41435_} {(Lnet/minecraft/world/level/Level;Lnet/minecraft/world/entity/player/Player;Lnet/minecraft/world/level/ClipContext$Fluid;)Lnet/minecraft/world/phys/BlockHitResult;}
[27Apr2026 18:54:52.333] [main/DEBUG] [cpw.mods.modlauncher.TransformStore/MODLAUNCHER]: Adding transformer net.minecraftforge.coremod.transformer.CoreModMethodTransformer@5534e6f1 to Target : METHOD {Lnet/minecraft/world/level/block/MushroomBlock;} {m_7898_} {(Lnet/minecraft/world/level/block/state/BlockState;Lnet/minecraft/world/level/LevelReader;Lnet/minecraft/core/BlockPos;)Z}
[27Apr2026 18:54:52.333] [main/DEBUG] [cpw.mods.modlauncher.TransformStore/MODLAUNCHER]: Adding transformer net.minecraftforge.coremod.transformer.CoreModMethodTransformer@4c6fc3e7 to Target : METHOD {Lnet/minecraft/world/level/Level;} {m_46758_} {(Lnet/minecraft/core/BlockPos;)Z}
[27Apr2026 18:54:52.333] [main/DEBUG] [cpw.mods.modlauncher.TransformStore/MODLAUNCHER]: Adding transformer net.minecraftforge.coremod.transformer.CoreModMethodTransformer@aa8dce8 to Target : METHOD {Lnet/minecraft/world/entity/decoration/LeashFenceKnotEntity;} {m_7088_} {()Z}
[27Apr2026 18:54:52.334] [main/DEBUG] [cpw.mods.modlauncher.TransformStore/MODLAUNCHER]: Adding transformer net.minecraftforge.coremod.transformer.CoreModMethodTransformer@6ad112de to Target : METHOD {Lnet/minecraft/client/multiplayer/ClientPacketListener;} {m_6773_} {(Lnet/minecraft/network/protocol/game/ClientboundBlockUpdatePacket;)V}
[27Apr2026 18:54:52.334] [main/DEBUG] [cpw.mods.modlauncher.TransformStore/MODLAUNCHER]: Adding transformer net.minecraftforge.coremod.transformer.CoreModMethodTransformer@18a0721b to Target : METHOD {Lnet/minecraft/client/multiplayer/ClientPacketListener;} {m_5771_} {(Lnet/minecraft/network/protocol/game/ClientboundSectionBlocksUpdatePacket;)V}
[27Apr2026 18:54:52.334] [main/DEBUG] [cpw.mods.modlauncher.TransformStore/MODLAUNCHER]: Adding transformer net.minecraftforge.coremod.transformer.CoreModMethodTransformer@2ae2fa13 to Target : METHOD {Lnet/minecraft/client/multiplayer/ClientPacketListener;} {m_194198_} {(IILnet/minecraft/network/protocol/game/ClientboundLevelChunkPacketData;)V}
[27Apr2026 18:54:52.335] [main/DEBUG] [cpw.mods.modlauncher.TransformStore/MODLAUNCHER]: Adding transformer net.minecraftforge.coremod.transformer.CoreModMethodTransformer@66e12c3b to Target : METHOD {Lnet/minecraft/client/multiplayer/ClientPacketListener;} {m_183388_} {(Lnet/minecraft/network/protocol/game/ClientboundLevelChunkWithLightPacket;)V}
[27Apr2026 18:54:52.335] [main/DEBUG] [cpw.mods.modlauncher.TransformStore/MODLAUNCHER]: Adding transformer net.minecraftforge.coremod.transformer.CoreModMethodTransformer@44485db to Target : METHOD {Lnet/minecraft/client/multiplayer/ClientPacketListener;} {m_183514_} {(Lnet/minecraft/network/protocol/game/ClientboundLightUpdatePacket;)V}
[27Apr2026 18:54:52.335] [main/DEBUG] [cpw.mods.modlauncher.TransformStore/MODLAUNCHER]: Adding transformer net.minecraftforge.coremod.transformer.CoreModMethodTransformer@1f6f0fe2 to Target : METHOD {Lnet/minecraft/client/multiplayer/ClientPacketListener;} {m_194252_} {(Lnet/minecraft/network/protocol/game/ClientboundForgetLevelChunkPacket;)V}
[27Apr2026 18:54:52.335] [main/DEBUG] [cpw.mods.modlauncher.TransformStore/MODLAUNCHER]: Adding transformer net.minecraftforge.coremod.transformer.CoreModMethodTransformer@22604c7e to Target : METHOD {Lnet/minecraft/client/multiplayer/ClientPacketListener;} {m_6571_} {(Lnet/minecraft/network/protocol/game/ClientboundSetDefaultSpawnPositionPacket;)V}
[27Apr2026 18:54:52.336] [main/DEBUG] [cpw.mods.modlauncher.TransformStore/MODLAUNCHER]: Adding transformer net.minecraftforge.coremod.transformer.CoreModMethodTransformer@4d8f2cfd to Target : METHOD {Lnet/minecraft/client/player/AbstractClientPlayer;} {m_108561_} {()Lnet/minecraft/resources/ResourceLocation;}
[27Apr2026 18:54:52.336] [main/DEBUG] [cpw.mods.modlauncher.TransformStore/MODLAUNCHER]: Adding transformer net.minecraftforge.coremod.transformer.CoreModMethodTransformer@6d4502ca to Target : METHOD {Lnet/minecraft/world/entity/player/Player;} {m_36170_} {(Lnet/minecraft/world/entity/player/PlayerModelPart;)Z}
[27Apr2026 18:54:52.336] [main/DEBUG] [cpw.mods.modlauncher.TransformStore/MODLAUNCHER]: Adding transformer net.minecraftforge.coremod.transformer.CoreModMethodTransformer@ab2009f to Target : METHOD {Lnet/minecraft/client/multiplayer/ClientPacketListener;} {m_5998_} {(Lnet/minecraft/network/protocol/game/ClientboundLoginPacket;)V}
[27Apr2026 18:54:52.336] [main/DEBUG] [cpw.mods.modlauncher.TransformStore/MODLAUNCHER]: Adding transformer net.minecraftforge.coremod.transformer.CoreModMethodTransformer@2a11ae0b to Target : METHOD {Lnet/minecraft/client/multiplayer/ClientPacketListener;} {m_261044_} {()V}
[27Apr2026 18:54:52.336] [main/DEBUG] [cpw.mods.modlauncher.TransformStore/MODLAUNCHER]: Adding transformer net.minecraftforge.coremod.transformer.CoreModMethodTransformer@1e4d8770 to Target : METHOD {Lnet/minecraft/client/player/LocalPlayer;} {m_7583_} {()V}
[27Apr2026 18:54:52.336] [main/DEBUG] [cpw.mods.modlauncher.TransformStore/MODLAUNCHER]: Adding transformer net.minecraftforge.coremod.transformer.CoreModMethodTransformer@5b5b9521 to Target : METHOD {Lnet/minecraft/server/players/PlayerList;} {m_11229_} {(Lnet/minecraft/server/level/ServerPlayer;Lnet/minecraft/server/level/ServerLevel;)V}
[27Apr2026 18:54:52.337] [main/DEBUG] [cpw.mods.modlauncher.TransformStore/MODLAUNCHER]: Adding transformer net.minecraftforge.coremod.transformer.CoreModMethodTransformer@41f7c02d to Target : METHOD {Lnet/minecraft/client/gui/components/BossHealthOverlay;} {m_280652_} {(Lnet/minecraft/client/gui/GuiGraphics;)V}
[27Apr2026 18:54:52.337] [main/DEBUG] [cpw.mods.modlauncher.TransformStore/MODLAUNCHER]: Adding transformer net.minecraftforge.coremod.transformer.CoreModMethodTransformer@66314fee to Target : METHOD {Lnet/minecraft/client/model/ListModel;} {m_7695_} {(Lcom/mojang/blaze3d/vertex/PoseStack;Lcom/mojang/blaze3d/vertex/VertexConsumer;IIFFFF)V}
[27Apr2026 18:54:52.337] [main/DEBUG] [cpw.mods.modlauncher.TransformStore/MODLAUNCHER]: Adding transformer net.minecraftforge.coremod.transformer.CoreModMethodTransformer@14b5325f to Target : METHOD {Lnet/minecraft/client/model/AgeableListModel;} {m_7695_} {(Lcom/mojang/blaze3d/vertex/PoseStack;Lcom/mojang/blaze3d/vertex/VertexConsumer;IIFFFF)V}
[27Apr2026 18:54:52.337] [main/DEBUG] [cpw.mods.modlauncher.TransformStore/MODLAUNCHER]: Adding transformer net.minecraftforge.coremod.transformer.CoreModMethodTransformer@13404f75 to Target : METHOD {Lnet/minecraft/client/model/LlamaModel;} {m_7695_} {(Lcom/mojang/blaze3d/vertex/PoseStack;Lcom/mojang/blaze3d/vertex/VertexConsumer;IIFFFF)V}
[27Apr2026 18:54:52.337] [main/DEBUG] [cpw.mods.modlauncher.TransformStore/MODLAUNCHER]: Adding transformer net.minecraftforge.coremod.transformer.CoreModMethodTransformer@6cc90398 to Target : METHOD {Lnet/minecraft/client/model/RabbitModel;} {m_7695_} {(Lcom/mojang/blaze3d/vertex/PoseStack;Lcom/mojang/blaze3d/vertex/VertexConsumer;IIFFFF)V}
[27Apr2026 18:54:52.338] [main/DEBUG] [cpw.mods.modlauncher.TransformStore/MODLAUNCHER]: Adding transformer net.minecraftforge.coremod.transformer.CoreModMethodTransformer@6b6fd0 to Target : METHOD {Lnet/minecraft/client/renderer/entity/EnderDragonRenderer$DragonModel;} {m_7695_} {(Lcom/mojang/blaze3d/vertex/PoseStack;Lcom/mojang/blaze3d/vertex/VertexConsumer;IIFFFF)V}
[27Apr2026 18:54:52.338] [main/DEBUG] [cpw.mods.modlauncher.TransformStore/MODLAUNCHER]: Adding transformer net.minecraftforge.coremod.transformer.CoreModMethodTransformer@3d718248 to Target : METHOD {Lnet/minecraft/client/model/HierarchicalModel;} {m_7695_} {(Lcom/mojang/blaze3d/vertex/PoseStack;Lcom/mojang/blaze3d/vertex/VertexConsumer;IIFFFF)V}
[27Apr2026 18:54:52.338] [main/DEBUG] [cpw.mods.modlauncher.TransformStore/MODLAUNCHER]: Adding transformer net.minecraftforge.coremod.transformer.CoreModMethodTransformer@2cdb5974 to Target : METHOD {Lnet/minecraft/client/model/geom/ModelPart;} {m_104290_} {(Lcom/mojang/blaze3d/vertex/PoseStack$Pose;Lcom/mojang/blaze3d/vertex/VertexConsumer;IIFFFF)V}
[27Apr2026 18:54:52.338] [main/DEBUG] [cpw.mods.modlauncher.TransformStore/MODLAUNCHER]: Adding transformer net.minecraftforge.coremod.transformer.CoreModMethodTransformer@8aa5ab4 to Target : METHOD {Lnet/minecraft/world/level/storage/LevelStorageSource$LevelStorageAccess;} {m_78311_} {()V}
[27Apr2026 18:54:52.338] [main/DEBUG] [cpw.mods.modlauncher.TransformStore/MODLAUNCHER]: Adding transformer net.minecraftforge.coremod.transformer.CoreModMethodTransformer@53e4a19e to Target : METHOD {Lnet/minecraft/client/multiplayer/ClientPacketListener;} {m_246623_} {(Ljava/lang/String;)V}
[27Apr2026 18:54:52.339] [main/DEBUG] [cpw.mods.modlauncher.TransformStore/MODLAUNCHER]: Adding transformer net.minecraftforge.coremod.transformer.CoreModMethodTransformer@62360a68 to Target : METHOD {Lnet/minecraft/client/multiplayer/ClientPacketListener;} {m_246979_} {(Ljava/lang/String;)Z}
[27Apr2026 18:54:52.339] [main/DEBUG] [cpw.mods.modlauncher.TransformStore/MODLAUNCHER]: Adding transformer net.minecraftforge.coremod.transformer.CoreModMethodTransformer@1450ffa3 to Target : METHOD {Lnet/minecraft/client/multiplayer/chat/ChatListener;} {m_240494_} {(Lnet/minecraft/network/chat/Component;Z)V}
[27Apr2026 18:54:52.339] [main/DEBUG] [cpw.mods.modlauncher.TransformStore/MODLAUNCHER]: Adding transformer net.minecraftforge.coremod.transformer.CoreModMethodTransformer@4e756867 to Target : METHOD {Lnet/minecraft/client/multiplayer/chat/ChatListener;} {m_245141_} {(Lnet/minecraft/network/chat/Component;Lnet/minecraft/network/chat/ChatType$Bound;)V}
[27Apr2026 18:54:52.339] [main/DEBUG] [cpw.mods.modlauncher.TransformStore/MODLAUNCHER]: Adding transformer net.minecraftforge.coremod.transformer.CoreModClassTransformer@6adcf059 to Target : CLASS {Lnet/minecraft/world/level/chunk/LevelChunk;} {} {V}
[27Apr2026 18:54:52.339] [main/DEBUG] [cpw.mods.modlauncher.TransformStore/MODLAUNCHER]: Adding transformer net.minecraftforge.coremod.transformer.CoreModClassTransformer@7962a746 to Target : CLASS {Lnet/minecraft/client/multiplayer/ClientPacketListener;} {} {V}
[27Apr2026 18:54:52.339] [main/DEBUG] [cpw.mods.modlauncher.TransformStore/MODLAUNCHER]: Adding transformer net.minecraftforge.coremod.transformer.CoreModClassTransformer@1c31de5d to Target : CLASS {Lnet/minecraft/client/multiplayer/ClientLevel;} {} {V}
[27Apr2026 18:54:52.339] [main/DEBUG] [cpw.mods.modlauncher.TransformStore/MODLAUNCHER]: Adding transformer net.minecraftforge.coremod.transformer.CoreModClassTransformer@7a7f9d45 to Target : CLASS {Lnet/minecraft/network/protocol/game/ClientboundSectionBlocksUpdatePacket;} {} {V}
[27Apr2026 18:54:52.339] [main/DEBUG] [cpw.mods.modlauncher.TransformStore/MODLAUNCHER]: Adding transformer net.minecraftforge.coremod.transformer.CoreModClassTransformer@772cf46b to Target : CLASS {Lnet/minecraft/client/gui/components/CycleButton;} {} {V}
[27Apr2026 18:54:52.340] [main/DEBUG] [cpw.mods.modlauncher.TransformStore/MODLAUNCHER]: Adding transformer net.minecraftforge.coremod.transformer.CoreModClassTransformer@1b98355f to Target : CLASS {Lnet/minecraft/server/MinecraftServer;} {} {V}
[27Apr2026 18:54:52.340] [main/DEBUG] [cpw.mods.modlauncher.TransformStore/MODLAUNCHER]: Adding transformer net.minecraftforge.coremod.transformer.CoreModClassTransformer@949d347 to Target : CLASS {Lnet/minecraft/server/level/ServerPlayer;} {} {V}
[27Apr2026 18:54:52.340] [main/DEBUG] [cpw.mods.modlauncher.TransformStore/MODLAUNCHER]: Adding transformer net.minecraftforge.coremod.transformer.CoreModClassTransformer@f5ae29e to Target : CLASS {Lnet/minecraft/client/Minecraft;} {} {V}
[27Apr2026 18:54:52.340] [main/DEBUG] [cpw.mods.modlauncher.TransformStore/MODLAUNCHER]: Adding transformer net.minecraftforge.coremod.transformer.CoreModClassTransformer@1fc5c0b2 to Target : CLASS {Lnet/minecraft/server/level/ServerLevel;} {} {V}
[27Apr2026 18:54:52.340] [main/DEBUG] [cpw.mods.modlauncher.TransformStore/MODLAUNCHER]: Adding transformer net.minecraftforge.coremod.transformer.CoreModClassTransformer@45ad3cd8 to Target : CLASS {Lnet/minecraft/world/level/biome/Biome;} {} {V}
[27Apr2026 18:54:52.340] [main/DEBUG] [cpw.mods.modlauncher.TransformStore/MODLAUNCHER]: Adding transformer net.minecraftforge.coremod.transformer.CoreModClassTransformer@2b90cc1 to Target : CLASS {Lnet/minecraft/world/level/levelgen/structure/Structure;} {} {V}
[27Apr2026 18:54:52.340] [main/DEBUG] [cpw.mods.modlauncher.TransformStore/MODLAUNCHER]: Adding transformer net.minecraftforge.coremod.transformer.CoreModClassTransformer@5a2f401a to Target : CLASS {Lnet/minecraft/world/effect/MobEffectInstance;} {} {V}
[27Apr2026 18:54:52.340] [main/DEBUG] [cpw.mods.modlauncher.TransformStore/MODLAUNCHER]: Adding transformer net.minecraftforge.coremod.transformer.CoreModClassTransformer@6bdedbbd to Target : CLASS {Lnet/minecraft/world/level/block/LiquidBlock;} {} {V}
[27Apr2026 18:54:52.340] [main/DEBUG] [cpw.mods.modlauncher.TransformStore/MODLAUNCHER]: Adding transformer net.minecraftforge.coremod.transformer.CoreModClassTransformer@47b961e2 to Target : CLASS {Lnet/minecraft/world/item/BucketItem;} {} {V}
[27Apr2026 18:54:52.340] [main/DEBUG] [cpw.mods.modlauncher.TransformStore/MODLAUNCHER]: Adding transformer net.minecraftforge.coremod.transformer.CoreModClassTransformer@d2cb2d0 to Target : CLASS {Lnet/minecraft/world/level/block/StairBlock;} {} {V}
[27Apr2026 18:54:52.340] [main/DEBUG] [cpw.mods.modlauncher.TransformStore/MODLAUNCHER]: Adding transformer net.minecraftforge.coremod.transformer.CoreModClassTransformer@2d230cff to Target : CLASS {Lnet/minecraft/world/level/block/FlowerPotBlock;} {} {V}
[27Apr2026 18:54:52.341] [main/DEBUG] [cpw.mods.modlauncher.TransformStore/MODLAUNCHER]: Adding transformer net.minecraftforge.coremod.transformer.CoreModClassTransformer@30bd39d5 to Target : CLASS {Lnet/minecraft/world/item/ItemStack;} {} {V}
[27Apr2026 18:54:52.341] [main/DEBUG] [cpw.mods.modlauncher.TransformStore/MODLAUNCHER]: Adding transformer net.minecraftforge.coremod.transformer.CoreModClassTransformer@3c87e851 to Target : CLASS {Lnet/minecraft/network/play/client/CClientSettingsPacket;} {} {V}
[27Apr2026 18:54:52.341] [main/DEBUG] [cpw.mods.modlauncher.TransformStore/MODLAUNCHER]: Adding transformer net.minecraftforge.coremod.transformer.CoreModClassTransformer@54556723 to Target : CLASS {Lnet/minecraft/world/entity/EntityType;} {} {V}
[27Apr2026 18:54:52.341] [main/DEBUG] [cpw.mods.modlauncher.TransformStore/MODLAUNCHER]: Adding transformer net.minecraftforge.coremod.transformer.CoreModClassTransformer@54556723 to Target : CLASS {Lnet/minecraft/world/entity/monster/Zombie;} {} {V}
[27Apr2026 18:54:52.341] [main/DEBUG] [cpw.mods.modlauncher.TransformStore/MODLAUNCHER]: Adding transformer net.minecraftforge.coremod.transformer.CoreModClassTransformer@54556723 to Target : CLASS {Lnet/minecraft/server/commands/SummonCommand;} {} {V}
[27Apr2026 18:54:52.341] [main/DEBUG] [cpw.mods.modlauncher.TransformStore/MODLAUNCHER]: Adding transformer net.minecraftforge.coremod.transformer.CoreModClassTransformer@54556723 to Target : CLASS {Lnet/minecraft/world/entity/ai/village/VillageSiege;} {} {V}
[27Apr2026 18:54:52.341] [main/DEBUG] [cpw.mods.modlauncher.TransformStore/MODLAUNCHER]: Adding transformer net.minecraftforge.coremod.transformer.CoreModClassTransformer@54556723 to Target : CLASS {Lnet/minecraft/world/entity/monster/Evoker$EvokerSummonSpellGoal;} {} {V}
[27Apr2026 18:54:52.341] [main/DEBUG] [cpw.mods.modlauncher.TransformStore/MODLAUNCHER]: Adding transformer net.minecraftforge.coremod.transformer.CoreModClassTransformer@54556723 to Target : CLASS {Lnet/minecraft/world/level/NaturalSpawner;} {} {V}
[27Apr2026 18:54:52.341] [main/DEBUG] [cpw.mods.modlauncher.TransformStore/MODLAUNCHER]: Adding transformer net.minecraftforge.coremod.transformer.CoreModClassTransformer@54556723 to Target : CLASS {Lnet/minecraft/world/level/levelgen/structure/structures/OceanMonumentPieces$OceanMonumentPiece;} {} {V}
[27Apr2026 18:54:52.341] [main/DEBUG] [cpw.mods.modlauncher.TransformStore/MODLAUNCHER]: Adding transformer net.minecraftforge.coremod.transformer.CoreModClassTransformer@54556723 to Target : CLASS {Lnet/minecraft/world/entity/monster/Spider;} {} {V}
[27Apr2026 18:54:52.341] [main/DEBUG] [cpw.mods.modlauncher.TransformStore/MODLAUNCHER]: Adding transformer net.minecraftforge.coremod.transformer.CoreModClassTransformer@54556723 to Target : CLASS {Lnet/minecraft/world/level/levelgen/structure/structures/OceanRuinPieces$OceanRuinPiece;} {} {V}
[27Apr2026 18:54:52.341] [main/DEBUG] [cpw.mods.modlauncher.TransformStore/MODLAUNCHER]: Adding transformer net.minecraftforge.coremod.transformer.CoreModClassTransformer@54556723 to Target : CLASS {Lnet/minecraft/world/entity/npc/Villager;} {} {V}
[27Apr2026 18:54:52.341] [main/DEBUG] [cpw.mods.modlauncher.TransformStore/MODLAUNCHER]: Adding transformer net.minecraftforge.coremod.transformer.CoreModClassTransformer@54556723 to Target : CLASS {Lnet/minecraft/world/entity/animal/horse/SkeletonTrapGoal;} {} {V}
[27Apr2026 18:54:52.341] [main/DEBUG] [cpw.mods.modlauncher.TransformStore/MODLAUNCHER]: Adding transformer net.minecraftforge.coremod.transformer.CoreModClassTransformer@54556723 to Target : CLASS {Lnet/minecraft/world/entity/npc/CatSpawner;} {} {V}
[27Apr2026 18:54:52.341] [main/DEBUG] [cpw.mods.modlauncher.TransformStore/MODLAUNCHER]: Adding transformer net.minecraftforge.coremod.transformer.CoreModClassTransformer@54556723 to Target : CLASS {Lnet/minecraft/world/level/levelgen/structure/templatesystem/StructureTemplate;} {} {V}
[27Apr2026 18:54:52.341] [main/DEBUG] [cpw.mods.modlauncher.TransformStore/MODLAUNCHER]: Adding transformer net.minecraftforge.coremod.transformer.CoreModClassTransformer@54556723 to Target : CLASS {Lnet/minecraft/world/level/levelgen/PhantomSpawner;} {} {V}
[27Apr2026 18:54:52.341] [main/DEBUG] [cpw.mods.modlauncher.TransformStore/MODLAUNCHER]: Adding transformer net.minecraftforge.coremod.transformer.CoreModClassTransformer@54556723 to Target : CLASS {Lnet/minecraft/world/level/levelgen/structure/structures/WoodlandMansionPieces$WoodlandMansionPiece;} {} {V}
[27Apr2026 18:54:52.341] [main/DEBUG] [cpw.mods.modlauncher.TransformStore/MODLAUNCHER]: Adding transformer net.minecraftforge.coremod.transformer.CoreModClassTransformer@54556723 to Target : CLASS {Lnet/minecraft/world/level/levelgen/PatrolSpawner;} {} {V}
[27Apr2026 18:54:52.341] [main/DEBUG] [cpw.mods.modlauncher.TransformStore/MODLAUNCHER]: Adding transformer net.minecraftforge.coremod.transformer.CoreModClassTransformer@54556723 to Target : CLASS {Lnet/minecraft/world/entity/monster/Strider;} {} {V}
[27Apr2026 18:54:52.342] [main/DEBUG] [cpw.mods.modlauncher.TransformStore/MODLAUNCHER]: Adding transformer net.minecraftforge.coremod.transformer.CoreModClassTransformer@54556723 to Target : CLASS {Lnet/minecraft/world/entity/monster/ZombieVillager;} {} {V}
[27Apr2026 18:54:52.342] [main/DEBUG] [cpw.mods.modlauncher.TransformStore/MODLAUNCHER]: Adding transformer net.minecraftforge.coremod.transformer.CoreModClassTransformer@54556723 to Target : CLASS {Lnet/minecraft/world/entity/raid/Raid;} {} {V}
[27Apr2026 18:54:52.342] [main/DEBUG] [cpw.mods.modlauncher.TransformStore/MODLAUNCHER]: Adding transformer net.minecraftforge.coremod.transformer.CoreModClassTransformer@54556723 to Target : CLASS {Lnet/minecraft/server/commands/RaidCommand;} {} {V}
[27Apr2026 18:54:52.342] [main/DEBUG] [cpw.mods.modlauncher.TransformStore/MODLAUNCHER]: Adding transformer net.minecraftforge.coremod.transformer.CoreModClassTransformer@54556723 to Target : CLASS {Lnet/minecraft/world/entity/animal/frog/Tadpole;} {} {V}
[27Apr2026 18:54:52.342] [main/DEBUG] [cpw.mods.modlauncher.TransformStore/MODLAUNCHER]: Adding transformer net.minecraftforge.coremod.transformer.CoreModClassTransformer@54556723 to Target : CLASS {Lnet/minecraft/world/level/levelgen/structure/structures/SwampHutPiece;} {} {V}
[27Apr2026 18:54:52.342] [main/DEBUG] [cpw.mods.modlauncher.TransformStore/MODLAUNCHER]: Adding transformer net.minecraftforge.coremod.transformer.CoreModClassTransformer@6124dda2 to Target : CLASS {Lnet/minecraft/world/level/chunk/LevelChunk;} {} {V}
[27Apr2026 18:54:52.342] [main/DEBUG] [cpw.mods.modlauncher.TransformStore/MODLAUNCHER]: Adding transformer net.minecraftforge.coremod.transformer.CoreModClassTransformer@380e33c2 to Target : CLASS {Lnet/minecraft/client/multiplayer/ClientPacketListener;} {} {V}
[27Apr2026 18:54:52.342] [main/DEBUG] [cpw.mods.modlauncher.TransformStore/MODLAUNCHER]: Adding transformer net.minecraftforge.coremod.transformer.CoreModClassTransformer@3bc891f2 to Target : CLASS {Lnet/minecraft/client/multiplayer/ClientLevel;} {} {V}
[27Apr2026 18:54:52.342] [main/DEBUG] [cpw.mods.modlauncher.TransformStore/MODLAUNCHER]: Adding transformer net.minecraftforge.coremod.transformer.CoreModClassTransformer@445b85d7 to Target : CLASS {Lnet/minecraft/network/protocol/game/ClientboundSectionBlocksUpdatePacket;} {} {V}
[27Apr2026 18:54:52.342] [main/DEBUG] [cpw.mods.modlauncher.TransformStore/MODLAUNCHER]: Adding transformer net.minecraftforge.coremod.transformer.CoreModClassTransformer@3d59933 to Target : CLASS {Lnet/minecraft/client/gui/components/CycleButton;} {} {V}
[27Apr2026 18:54:52.342] [main/DEBUG] [cpw.mods.modlauncher.TransformStore/MODLAUNCHER]: Adding transformer net.minecraftforge.coremod.transformer.CoreModClassTransformer@4a0c3aa8 to Target : CLASS {Lnet/minecraft/server/MinecraftServer;} {} {V}
[27Apr2026 18:54:52.342] [main/DEBUG] [cpw.mods.modlauncher.TransformStore/MODLAUNCHER]: Adding transformer net.minecraftforge.coremod.transformer.CoreModClassTransformer@3534651a to Target : CLASS {Lnet/minecraft/server/level/ServerPlayer;} {} {V}
[27Apr2026 18:54:52.342] [main/DEBUG] [cpw.mods.modlauncher.TransformStore/MODLAUNCHER]: Adding transformer net.minecraftforge.coremod.transformer.CoreModClassTransformer@2d593b56 to Target : CLASS {Lnet/minecraft/client/Minecraft;} {} {V}
[27Apr2026 18:54:52.342] [main/DEBUG] [cpw.mods.modlauncher.TransformStore/MODLAUNCHER]: Adding transformer net.minecraftforge.coremod.transformer.CoreModClassTransformer@26a33cf to Target : CLASS {Lnet/minecraft/client/gui/components/AbstractSelectionList;} {} {V}
[27Apr2026 18:54:52.343] [main/DEBUG] [cpw.mods.modlauncher.TransformStore/MODLAUNCHER]: Adding transformer net.minecraftforge.coremod.transformer.CoreModClassTransformer@29188050 to Target : CLASS {Lnet/minecraft/world/entity/player/Player;} {} {V}
[27Apr2026 18:54:52.343] [main/DEBUG] [cpw.mods.modlauncher.TransformStore/MODLAUNCHER]: Adding transformer net.minecraftforge.coremod.transformer.CoreModClassTransformer@3f122cdc to Target : CLASS {Lnet/minecraft/server/network/ServerGamePacketListenerImpl;} {} {V}
[27Apr2026 18:54:52.343] [main/DEBUG] [cpw.mods.modlauncher.TransformStore/MODLAUNCHER]: Adding transformer net.minecraftforge.coremod.transformer.CoreModClassTransformer@5bf523e3 to Target : CLASS {Lnet/minecraft/client/Camera;} {} {V}
[27Apr2026 18:54:52.343] [main/DEBUG] [cpw.mods.modlauncher.TransformStore/MODLAUNCHER]: Adding transformer net.minecraftforge.coremod.transformer.CoreModClassTransformer@8d29719 to Target : CLASS {Lnet/minecraft/world/entity/LivingEntity;} {} {V}
[27Apr2026 18:54:52.343] [main/DEBUG] [cpw.mods.modlauncher.TransformStore/MODLAUNCHER]: Adding transformer net.minecraftforge.coremod.transformer.CoreModClassTransformer@65259c53 to Target : CLASS {Lnet/minecraft/client/renderer/ItemInHandRenderer;} {} {V}
[27Apr2026 18:54:52.343] [main/DEBUG] [cpw.mods.modlauncher.TransformStore/MODLAUNCHER]: Adding transformer net.minecraftforge.coremod.transformer.CoreModClassTransformer@4bff28e7 to Target : CLASS {Lnet/minecraftforge/client/ForgeHooksClient;} {} {V}
[27Apr2026 18:54:52.343] [main/DEBUG] [cpw.mods.modlauncher.TransformStore/MODLAUNCHER]: Adding transformer net.minecraftforge.coremod.transformer.CoreModClassTransformer@39e7e040 to Target : CLASS {Lnet/minecraft/client/model/PlayerModel;} {} {V}
[27Apr2026 18:54:52.343] [main/DEBUG] [cpw.mods.modlauncher.TransformStore/MODLAUNCHER]: Adding transformer net.minecraftforge.coremod.transformer.CoreModClassTransformer@2591d23a to Target : CLASS {Lnet/minecraft/client/renderer/entity/player/PlayerRenderer;} {} {V}
[27Apr2026 18:54:52.343] [main/DEBUG] [cpw.mods.modlauncher.TransformationServiceDecorator/MODLAUNCHER]: Initialized transformers for transformation service fml
[27Apr2026 18:54:53.858] [main/DEBUG] [mixin/]: Processing prepare() for PlatformAgent[MixinPlatformAgentDefault:ModLauncher Root Container(ModLauncher:4f56a0a2)]
[27Apr2026 18:54:53.859] [main/DEBUG] [mixin/]: Processing launch tasks for PlatformAgent[MixinPlatformAgentDefault:ModLauncher Root Container(ModLauncher:4f56a0a2)]
[27Apr2026 18:54:53.859] [main/DEBUG] [mixin/]: Adding mixin platform agents for container SecureJarResource(treechop)
[27Apr2026 18:54:53.859] [main/DEBUG] [mixin/]: Instancing new MixinPlatformAgentMinecraftForge for SecureJarResource(treechop)
[27Apr2026 18:54:53.859] [main/DEBUG] [mixin/]: MixinPlatformAgentMinecraftForge rejected container SecureJarResource(treechop)
[27Apr2026 18:54:53.859] [main/DEBUG] [mixin/]: Instancing new MixinPlatformAgentDefault for SecureJarResource(treechop)
[27Apr2026 18:54:53.859] [main/DEBUG] [mixin/]: MixinPlatformAgentDefault accepted container SecureJarResource(treechop)
[27Apr2026 18:54:53.859] [main/DEBUG] [mixin/]: Processing prepare() for PlatformAgent[MixinPlatformAgentDefault:SecureJarResource(treechop)]
[27Apr2026 18:54:53.859] [main/DEBUG] [mixin/]: Registering mixin config: treechop.mixins.json
[27Apr2026 18:54:53.878] [main/DEBUG] [mixin/]: Compatibility level JAVA_17 specified by treechop.mixins.json is higher than the maximum level supported by this version of mixin (JAVA_13).
[27Apr2026 18:54:53.883] [main/INFO] [mixin/]: Compatibility level set to JAVA_17
[27Apr2026 18:54:53.884] [main/DEBUG] [mixin/]: Adding mixin platform agents for container SecureJarResource(radium)
[27Apr2026 18:54:53.884] [main/DEBUG] [mixin/]: Instancing new MixinPlatformAgentMinecraftForge for SecureJarResource(radium)
[27Apr2026 18:54:53.884] [main/DEBUG] [mixin/]: MixinPlatformAgentMinecraftForge rejected container SecureJarResource(radium)
[27Apr2026 18:54:53.884] [main/DEBUG] [mixin/]: Instancing new MixinPlatformAgentDefault for SecureJarResource(radium)
[27Apr2026 18:54:53.884] [main/DEBUG] [mixin/]: MixinPlatformAgentDefault accepted container SecureJarResource(radium)
[27Apr2026 18:54:53.884] [main/DEBUG] [mixin/]: Processing prepare() for PlatformAgent[MixinPlatformAgentDefault:SecureJarResource(radium)]
[27Apr2026 18:54:53.884] [main/DEBUG] [mixin/]: Registering mixin config: lithium.mixins.json
[27Apr2026 18:54:53.888] [main/DEBUG] [mixin/]: Compatibility level JAVA_16 specified by lithium.mixins.json is higher than the maximum level supported by this version of mixin (JAVA_13).
[27Apr2026 18:54:53.888] [main/DEBUG] [mixin/]: Adding mixin platform agents for container SecureJarResource(mowziesmobs)
[27Apr2026 18:54:53.888] [main/DEBUG] [mixin/]: Instancing new MixinPlatformAgentMinecraftForge for SecureJarResource(mowziesmobs)
[27Apr2026 18:54:53.888] [main/DEBUG] [mixin/]: MixinPlatformAgentMinecraftForge rejected container SecureJarResource(mowziesmobs)
[27Apr2026 18:54:53.889] [main/DEBUG] [mixin/]: Instancing new MixinPlatformAgentDefault for SecureJarResource(mowziesmobs)
[27Apr2026 18:54:53.889] [main/DEBUG] [mixin/]: MixinPlatformAgentDefault accepted container SecureJarResource(mowziesmobs)
[27Apr2026 18:54:53.889] [main/DEBUG] [mixin/]: Processing prepare() for PlatformAgent[MixinPlatformAgentDefault:SecureJarResource(mowziesmobs)]
[27Apr2026 18:54:53.889] [main/DEBUG] [mixin/]: Registering mixin config: mowziesmobs.mixins.json
[27Apr2026 18:54:53.892] [main/DEBUG] [mixin/]: Adding mixin platform agents for container SecureJarResource(kuma_api)
[27Apr2026 18:54:53.892] [main/DEBUG] [mixin/]: Instancing new MixinPlatformAgentMinecraftForge for SecureJarResource(kuma_api)
[27Apr2026 18:54:53.892] [main/DEBUG] [mixin/]: MixinPlatformAgentMinecraftForge rejected container SecureJarResource(kuma_api)
[27Apr2026 18:54:53.892] [main/DEBUG] [mixin/]: Instancing new MixinPlatformAgentDefault for SecureJarResource(kuma_api)
[27Apr2026 18:54:53.892] [main/DEBUG] [mixin/]: MixinPlatformAgentDefault accepted container SecureJarResource(kuma_api)
[27Apr2026 18:54:53.892] [main/DEBUG] [mixin/]: Processing prepare() for PlatformAgent[MixinPlatformAgentDefault:SecureJarResource(kuma_api)]
[27Apr2026 18:54:53.893] [main/DEBUG] [mixin/]: Registering mixin config: kuma_api.mixins.json
[27Apr2026 18:54:53.896] [main/DEBUG] [mixin/]: Registering mixin config: kuma_api.forge.mixins.json
[27Apr2026 18:54:53.899] [main/DEBUG] [mixin/]: Adding mixin platform agents for container SecureJarResource(ftbessentials)
[27Apr2026 18:54:53.899] [main/DEBUG] [mixin/]: Instancing new MixinPlatformAgentMinecraftForge for SecureJarResource(ftbessentials)
[27Apr2026 18:54:53.899] [main/DEBUG] [mixin/]: MixinPlatformAgentMinecraftForge rejected container SecureJarResource(ftbessentials)
[27Apr2026 18:54:53.899] [main/DEBUG] [mixin/]: Instancing new MixinPlatformAgentDefault for SecureJarResource(ftbessentials)
[27Apr2026 18:54:53.899] [main/DEBUG] [mixin/]: MixinPlatformAgentDefault accepted container SecureJarResource(ftbessentials)
[27Apr2026 18:54:53.899] [main/DEBUG] [mixin/]: Processing prepare() for PlatformAgent[MixinPlatformAgentDefault:SecureJarResource(ftbessentials)]
[27Apr2026 18:54:53.900] [main/DEBUG] [mixin/]: Registering mixin config: ftbessentials-common.mixins.json
[27Apr2026 18:54:53.902] [main/DEBUG] [mixin/]: Adding mixin platform agents for container SecureJarResource(fastload)
[27Apr2026 18:54:53.903] [main/DEBUG] [mixin/]: Instancing new MixinPlatformAgentMinecraftForge for SecureJarResource(fastload)
[27Apr2026 18:54:53.903] [main/DEBUG] [mixin/]: MixinPlatformAgentMinecraftForge rejected container SecureJarResource(fastload)
[27Apr2026 18:54:53.903] [main/DEBUG] [mixin/]: Instancing new MixinPlatformAgentDefault for SecureJarResource(fastload)
[27Apr2026 18:54:53.903] [main/DEBUG] [mixin/]: MixinPlatformAgentDefault accepted container SecureJarResource(fastload)
[27Apr2026 18:54:53.903] [main/DEBUG] [mixin/]: Processing prepare() for PlatformAgent[MixinPlatformAgentDefault:SecureJarResource(fastload)]
[27Apr2026 18:54:53.903] [main/DEBUG] [mixin/]: Registering mixin config: fastload.mixins.json
[27Apr2026 18:54:53.905] [main/DEBUG] [mixin/]: Adding mixin platform agents for container SecureJarResource(tameablebeasts)
[27Apr2026 18:54:53.905] [main/DEBUG] [mixin/]: Instancing new MixinPlatformAgentMinecraftForge for SecureJarResource(tameablebeasts)
[27Apr2026 18:54:53.905] [main/DEBUG] [mixin/]: MixinPlatformAgentMinecraftForge rejected container SecureJarResource(tameablebeasts)
[27Apr2026 18:54:53.905] [main/DEBUG] [mixin/]: Instancing new MixinPlatformAgentDefault for SecureJarResource(tameablebeasts)
[27Apr2026 18:54:53.905] [main/DEBUG] [mixin/]: MixinPlatformAgentDefault accepted container SecureJarResource(tameablebeasts)
[27Apr2026 18:54:53.905] [main/DEBUG] [mixin/]: Processing prepare() for PlatformAgent[MixinPlatformAgentDefault:SecureJarResource(tameablebeasts)]
[27Apr2026 18:54:53.905] [main/DEBUG] [mixin/]: Registering mixin config: tameablebeasts.mixins.json
[27Apr2026 18:54:53.908] [main/DEBUG] [mixin/]: Adding mixin platform agents for container SecureJarResource(geckolib)
[27Apr2026 18:54:53.908] [main/DEBUG] [mixin/]: Instancing new MixinPlatformAgentMinecraftForge for SecureJarResource(geckolib)
[27Apr2026 18:54:53.908] [main/DEBUG] [mixin/]: MixinPlatformAgentMinecraftForge rejected container SecureJarResource(geckolib)
[27Apr2026 18:54:53.908] [main/DEBUG] [mixin/]: Instancing new MixinPlatformAgentDefault for SecureJarResource(geckolib)
[27Apr2026 18:54:53.908] [main/DEBUG] [mixin/]: MixinPlatformAgentDefault accepted container SecureJarResource(geckolib)
[27Apr2026 18:54:53.908] [main/DEBUG] [mixin/]: Processing prepare() for PlatformAgent[MixinPlatformAgentDefault:SecureJarResource(geckolib)]
[27Apr2026 18:54:53.908] [main/DEBUG] [mixin/]: Registering mixin config: geckolib.mixins.json
[27Apr2026 18:54:53.910] [main/DEBUG] [mixin/]: Adding mixin platform agents for container SecureJarResource(playeranimator)
[27Apr2026 18:54:53.910] [main/DEBUG] [mixin/]: Instancing new MixinPlatformAgentMinecraftForge for SecureJarResource(playeranimator)
[27Apr2026 18:54:53.910] [main/DEBUG] [mixin/]: MixinPlatformAgentMinecraftForge rejected container SecureJarResource(playeranimator)
[27Apr2026 18:54:53.910] [main/DEBUG] [mixin/]: Instancing new MixinPlatformAgentDefault for SecureJarResource(playeranimator)
[27Apr2026 18:54:53.910] [main/DEBUG] [mixin/]: MixinPlatformAgentDefault accepted container SecureJarResource(playeranimator)
[27Apr2026 18:54:53.910] [main/DEBUG] [mixin/]: Processing prepare() for PlatformAgent[MixinPlatformAgentDefault:SecureJarResource(playeranimator)]
[27Apr2026 18:54:53.910] [main/DEBUG] [mixin/]: Registering mixin config: playerAnimator-common.mixins.json
[27Apr2026 18:54:53.912] [main/DEBUG] [mixin/]: Compatibility level JAVA_16 specified by playerAnimator-common.mixins.json is higher than the maximum level supported by this version of mixin (JAVA_13).
[27Apr2026 18:54:53.912] [main/DEBUG] [mixin/]: Adding mixin platform agents for container SecureJarResource(treeharvester)
[27Apr2026 18:54:53.913] [main/DEBUG] [mixin/]: Instancing new MixinPlatformAgentMinecraftForge for SecureJarResource(treeharvester)
[27Apr2026 18:54:53.913] [main/DEBUG] [mixin/]: MixinPlatformAgentMinecraftForge rejected container SecureJarResource(treeharvester)
[27Apr2026 18:54:53.913] [main/DEBUG] [mixin/]: Instancing new MixinPlatformAgentDefault for SecureJarResource(treeharvester)
[27Apr2026 18:54:53.913] [main/DEBUG] [mixin/]: MixinPlatformAgentDefault accepted container SecureJarResource(treeharvester)
[27Apr2026 18:54:53.913] [main/DEBUG] [mixin/]: Processing prepare() for PlatformAgent[MixinPlatformAgentDefault:SecureJarResource(treeharvester)]
[27Apr2026 18:54:53.913] [main/DEBUG] [mixin/]: Registering mixin config: treeharvester_forge.mixins.json
[27Apr2026 18:54:53.915] [main/DEBUG] [mixin/]: Adding mixin platform agents for container SecureJarResource(hamsters)
[27Apr2026 18:54:53.915] [main/DEBUG] [mixin/]: Instancing new MixinPlatformAgentMinecraftForge for SecureJarResource(hamsters)
[27Apr2026 18:54:53.915] [main/DEBUG] [mixin/]: MixinPlatformAgentMinecraftForge rejected container SecureJarResource(hamsters)
[27Apr2026 18:54:53.916] [main/DEBUG] [mixin/]: Instancing new MixinPlatformAgentDefault for SecureJarResource(hamsters)
[27Apr2026 18:54:53.916] [main/DEBUG] [mixin/]: MixinPlatformAgentDefault accepted container SecureJarResource(hamsters)
[27Apr2026 18:54:53.916] [main/DEBUG] [mixin/]: Processing prepare() for PlatformAgent[MixinPlatformAgentDefault:SecureJarResource(hamsters)]
[27Apr2026 18:54:53.916] [main/DEBUG] [mixin/]: Registering mixin config: hamsters.mixins.json
[27Apr2026 18:54:53.918] [main/ERROR] [mixin/]: Mixin config hamsters.mixins.json does not specify "minVersion" property
[27Apr2026 18:54:53.918] [main/DEBUG] [mixin/]: Adding mixin platform agents for container SecureJarResource(libraryferret)
[27Apr2026 18:54:53.918] [main/DEBUG] [mixin/]: Instancing new MixinPlatformAgentMinecraftForge for SecureJarResource(libraryferret)
[27Apr2026 18:54:53.918] [main/DEBUG] [mixin/]: MixinPlatformAgentMinecraftForge rejected container SecureJarResource(libraryferret)
[27Apr2026 18:54:53.918] [main/DEBUG] [mixin/]: Instancing new MixinPlatformAgentDefault for SecureJarResource(libraryferret)
[27Apr2026 18:54:53.918] [main/DEBUG] [mixin/]: MixinPlatformAgentDefault accepted container SecureJarResource(libraryferret)
[27Apr2026 18:54:53.919] [main/DEBUG] [mixin/]: Processing prepare() for PlatformAgent[MixinPlatformAgentDefault:SecureJarResource(libraryferret)]
[27Apr2026 18:54:53.919] [main/DEBUG] [mixin/]: Adding mixin platform agents for container SecureJarResource(goblintraders)
[27Apr2026 18:54:53.919] [main/DEBUG] [mixin/]: Instancing new MixinPlatformAgentMinecraftForge for SecureJarResource(goblintraders)
[27Apr2026 18:54:53.919] [main/DEBUG] [mixin/]: MixinPlatformAgentMinecraftForge rejected container SecureJarResource(goblintraders)
[27Apr2026 18:54:53.919] [main/DEBUG] [mixin/]: Instancing new MixinPlatformAgentDefault for SecureJarResource(goblintraders)
[27Apr2026 18:54:53.919] [main/DEBUG] [mixin/]: MixinPlatformAgentDefault accepted container SecureJarResource(goblintraders)
[27Apr2026 18:54:53.919] [main/DEBUG] [mixin/]: Processing prepare() for PlatformAgent[MixinPlatformAgentDefault:SecureJarResource(goblintraders)]
[27Apr2026 18:54:53.919] [main/DEBUG] [mixin/]: Registering mixin config: goblintraders.common.mixins.json
[27Apr2026 18:54:53.921] [main/DEBUG] [mixin/]: Adding mixin platform agents for container SecureJarResource(connectivity)
[27Apr2026 18:54:53.921] [main/DEBUG] [mixin/]: Instancing new MixinPlatformAgentMinecraftForge for SecureJarResource(connectivity)
[27Apr2026 18:54:53.921] [main/DEBUG] [mixin/]: MixinPlatformAgentMinecraftForge rejected container SecureJarResource(connectivity)
[27Apr2026 18:54:53.922] [main/DEBUG] [mixin/]: Instancing new MixinPlatformAgentDefault for SecureJarResource(connectivity)
[27Apr2026 18:54:53.922] [main/DEBUG] [mixin/]: MixinPlatformAgentDefault accepted container SecureJarResource(connectivity)
[27Apr2026 18:54:53.922] [main/DEBUG] [mixin/]: Processing prepare() for PlatformAgent[MixinPlatformAgentDefault:SecureJarResource(connectivity)]
[27Apr2026 18:54:53.922] [main/DEBUG] [mixin/]: Registering mixin config: connectivity.mixins.json
[27Apr2026 18:54:53.924] [main/DEBUG] [mixin/]: Adding mixin platform agents for container SecureJarResource(dynamiclights)
[27Apr2026 18:54:53.924] [main/DEBUG] [mixin/]: Instancing new MixinPlatformAgentMinecraftForge for SecureJarResource(dynamiclights)
[27Apr2026 18:54:53.924] [main/DEBUG] [mixin/]: MixinPlatformAgentMinecraftForge rejected container SecureJarResource(dynamiclights)
[27Apr2026 18:54:53.924] [main/DEBUG] [mixin/]: Instancing new MixinPlatformAgentDefault for SecureJarResource(dynamiclights)
[27Apr2026 18:54:53.924] [main/DEBUG] [mixin/]: MixinPlatformAgentDefault accepted container SecureJarResource(dynamiclights)
[27Apr2026 18:54:53.924] [main/DEBUG] [mixin/]: Processing prepare() for PlatformAgent[MixinPlatformAgentDefault:SecureJarResource(dynamiclights)]
[27Apr2026 18:54:53.924] [main/DEBUG] [mixin/]: Adding mixin platform agents for container SecureJarResource(immersive_aircraft)
[27Apr2026 18:54:53.924] [main/DEBUG] [mixin/]: Instancing new MixinPlatformAgentMinecraftForge for SecureJarResource(immersive_aircraft)
[27Apr2026 18:54:53.924] [main/DEBUG] [mixin/]: MixinPlatformAgentMinecraftForge rejected container SecureJarResource(immersive_aircraft)
[27Apr2026 18:54:53.924] [main/DEBUG] [mixin/]: Instancing new MixinPlatformAgentDefault for SecureJarResource(immersive_aircraft)
[27Apr2026 18:54:53.924] [main/DEBUG] [mixin/]: MixinPlatformAgentDefault accepted container SecureJarResource(immersive_aircraft)
[27Apr2026 18:54:53.924] [main/DEBUG] [mixin/]: Processing prepare() for PlatformAgent[MixinPlatformAgentDefault:SecureJarResource(immersive_aircraft)]
[27Apr2026 18:54:53.924] [main/DEBUG] [mixin/]: Registering mixin config: immersive_aircraft.mixins.json
[27Apr2026 18:54:53.926] [main/DEBUG] [mixin/]: Adding mixin platform agents for container SecureJarResource(waystones)
[27Apr2026 18:54:53.927] [main/DEBUG] [mixin/]: Instancing new MixinPlatformAgentMinecraftForge for SecureJarResource(waystones)
[27Apr2026 18:54:53.927] [main/DEBUG] [mixin/]: MixinPlatformAgentMinecraftForge rejected container SecureJarResource(waystones)
[27Apr2026 18:54:53.927] [main/DEBUG] [mixin/]: Instancing new MixinPlatformAgentDefault for SecureJarResource(waystones)
[27Apr2026 18:54:53.927] [main/DEBUG] [mixin/]: MixinPlatformAgentDefault accepted container SecureJarResource(waystones)
[27Apr2026 18:54:53.927] [main/DEBUG] [mixin/]: Processing prepare() for PlatformAgent[MixinPlatformAgentDefault:SecureJarResource(waystones)]
[27Apr2026 18:54:53.927] [main/DEBUG] [mixin/]: Registering mixin config: waystones.mixins.json
[27Apr2026 18:54:53.929] [main/DEBUG] [mixin/]: Adding mixin platform agents for container SecureJarResource(xaeroworldmap)
[27Apr2026 18:54:53.929] [main/DEBUG] [mixin/]: Instancing new MixinPlatformAgentMinecraftForge for SecureJarResource(xaeroworldmap)
[27Apr2026 18:54:53.929] [main/DEBUG] [mixin/]: MixinPlatformAgentMinecraftForge rejected container SecureJarResource(xaeroworldmap)
[27Apr2026 18:54:53.929] [main/DEBUG] [mixin/]: Instancing new MixinPlatformAgentDefault for SecureJarResource(xaeroworldmap)
[27Apr2026 18:54:53.929] [main/DEBUG] [mixin/]: MixinPlatformAgentDefault accepted container SecureJarResource(xaeroworldmap)
[27Apr2026 18:54:53.929] [main/DEBUG] [mixin/]: Processing prepare() for PlatformAgent[MixinPlatformAgentDefault:SecureJarResource(xaeroworldmap)]
[27Apr2026 18:54:53.929] [main/DEBUG] [mixin/]: Adding mixin platform agents for container SecureJarResource(citadel)
[27Apr2026 18:54:53.929] [main/DEBUG] [mixin/]: Instancing new MixinPlatformAgentMinecraftForge for SecureJarResource(citadel)
[27Apr2026 18:54:53.929] [main/DEBUG] [mixin/]: MixinPlatformAgentMinecraftForge rejected container SecureJarResource(citadel)
[27Apr2026 18:54:53.929] [main/DEBUG] [mixin/]: Instancing new MixinPlatformAgentDefault for SecureJarResource(citadel)
[27Apr2026 18:54:53.929] [main/DEBUG] [mixin/]: MixinPlatformAgentDefault accepted container SecureJarResource(citadel)
[27Apr2026 18:54:53.929] [main/DEBUG] [mixin/]: Processing prepare() for PlatformAgent[MixinPlatformAgentDefault:SecureJarResource(citadel)]
[27Apr2026 18:54:53.929] [main/DEBUG] [mixin/]: Registering mixin config: citadel.mixins.json
[27Apr2026 18:54:53.934] [main/DEBUG] [mixin/]: Adding mixin platform agents for container SecureJarResource(alexsmobs)
[27Apr2026 18:54:53.935] [main/DEBUG] [mixin/]: Instancing new MixinPlatformAgentMinecraftForge for SecureJarResource(alexsmobs)
[27Apr2026 18:54:53.935] [main/DEBUG] [mixin/]: MixinPlatformAgentMinecraftForge rejected container SecureJarResource(alexsmobs)
[27Apr2026 18:54:53.935] [main/DEBUG] [mixin/]: Instancing new MixinPlatformAgentDefault for SecureJarResource(alexsmobs)
[27Apr2026 18:54:53.935] [main/DEBUG] [mixin/]: MixinPlatformAgentDefault accepted container SecureJarResource(alexsmobs)
[27Apr2026 18:54:53.935] [main/DEBUG] [mixin/]: Processing prepare() for PlatformAgent[MixinPlatformAgentDefault:SecureJarResource(alexsmobs)]
[27Apr2026 18:54:53.935] [main/DEBUG] [mixin/]: Registering mixin config: citadel.mixins.json
[27Apr2026 18:54:53.935] [main/DEBUG] [mixin/]: Adding mixin platform agents for container SecureJarResource(travelersbackpack)
[27Apr2026 18:54:53.936] [main/DEBUG] [mixin/]: Instancing new MixinPlatformAgentMinecraftForge for SecureJarResource(travelersbackpack)
[27Apr2026 18:54:53.936] [main/DEBUG] [mixin/]: MixinPlatformAgentMinecraftForge rejected container SecureJarResource(travelersbackpack)
[27Apr2026 18:54:53.936] [main/DEBUG] [mixin/]: Instancing new MixinPlatformAgentDefault for SecureJarResource(travelersbackpack)
[27Apr2026 18:54:53.936] [main/DEBUG] [mixin/]: MixinPlatformAgentDefault accepted container SecureJarResource(travelersbackpack)
[27Apr2026 18:54:53.936] [main/DEBUG] [mixin/]: Processing prepare() for PlatformAgent[MixinPlatformAgentDefault:SecureJarResource(travelersbackpack)]
[27Apr2026 18:54:53.936] [main/DEBUG] [mixin/]: Registering mixin config: mixins.travelersbackpack.json
[27Apr2026 18:54:53.938] [main/DEBUG] [mixin/]: Adding mixin platform agents for container SecureJarResource(artifacts)
[27Apr2026 18:54:53.939] [main/DEBUG] [mixin/]: Instancing new MixinPlatformAgentMinecraftForge for SecureJarResource(artifacts)
[27Apr2026 18:54:53.939] [main/DEBUG] [mixin/]: MixinPlatformAgentMinecraftForge rejected container SecureJarResource(artifacts)
[27Apr2026 18:54:53.939] [main/DEBUG] [mixin/]: Instancing new MixinPlatformAgentDefault for SecureJarResource(artifacts)
[27Apr2026 18:54:53.939] [main/DEBUG] [mixin/]: MixinPlatformAgentDefault accepted container SecureJarResource(artifacts)
[27Apr2026 18:54:53.939] [main/DEBUG] [mixin/]: Processing prepare() for PlatformAgent[MixinPlatformAgentDefault:SecureJarResource(artifacts)]
[27Apr2026 18:54:53.939] [main/DEBUG] [mixin/]: Registering mixin config: mixins.artifacts.common.json
[27Apr2026 18:54:53.941] [main/DEBUG] [mixin/]: Registering mixin config: mixins.artifacts.forge.json
[27Apr2026 18:54:53.943] [main/DEBUG] [mixin/]: Adding mixin platform agents for container SecureJarResource(yungsapi)
[27Apr2026 18:54:53.943] [main/DEBUG] [mixin/]: Instancing new MixinPlatformAgentMinecraftForge for SecureJarResource(yungsapi)
[27Apr2026 18:54:53.943] [main/DEBUG] [mixin/]: MixinPlatformAgentMinecraftForge rejected container SecureJarResource(yungsapi)
[27Apr2026 18:54:53.943] [main/DEBUG] [mixin/]: Instancing new MixinPlatformAgentDefault for SecureJarResource(yungsapi)
[27Apr2026 18:54:53.943] [main/DEBUG] [mixin/]: MixinPlatformAgentDefault accepted container SecureJarResource(yungsapi)
[27Apr2026 18:54:53.943] [main/DEBUG] [mixin/]: Processing prepare() for PlatformAgent[MixinPlatformAgentDefault:SecureJarResource(yungsapi)]
[27Apr2026 18:54:53.943] [main/DEBUG] [mixin/]: Registering mixin config: yungsapi.mixins.json
[27Apr2026 18:54:53.947] [main/DEBUG] [mixin/]: Registering mixin config: yungsapi_forge.mixins.json
[27Apr2026 18:54:53.949] [main/DEBUG] [mixin/]: Adding mixin platform agents for container SecureJarResource(mixinextras)
[27Apr2026 18:54:53.949] [main/DEBUG] [mixin/]: Instancing new MixinPlatformAgentMinecraftForge for SecureJarResource(mixinextras)
[27Apr2026 18:54:53.949] [main/DEBUG] [mixin/]: MixinPlatformAgentMinecraftForge rejected container SecureJarResource(mixinextras)
[27Apr2026 18:54:53.949] [main/DEBUG] [mixin/]: Instancing new MixinPlatformAgentDefault for SecureJarResource(mixinextras)
[27Apr2026 18:54:53.949] [main/DEBUG] [mixin/]: MixinPlatformAgentDefault accepted container SecureJarResource(mixinextras)
[27Apr2026 18:54:53.949] [main/DEBUG] [mixin/]: Processing prepare() for PlatformAgent[MixinPlatformAgentDefault:SecureJarResource(mixinextras)]
[27Apr2026 18:54:53.949] [main/DEBUG] [mixin/]: Registering mixin config: mixinextras.init.mixins.json
[27Apr2026 18:54:53.954] [main/DEBUG] [mixin/]: Adding mixin platform agents for container SecureJarResource(mr_veinminer)
[27Apr2026 18:54:53.954] [main/DEBUG] [mixin/]: Instancing new MixinPlatformAgentMinecraftForge for SecureJarResource(mr_veinminer)
[27Apr2026 18:54:53.954] [main/DEBUG] [mixin/]: MixinPlatformAgentMinecraftForge rejected container SecureJarResource(mr_veinminer)
[27Apr2026 18:54:53.954] [main/DEBUG] [mixin/]: Instancing new MixinPlatformAgentDefault for SecureJarResource(mr_veinminer)
[27Apr2026 18:54:53.954] [main/DEBUG] [mixin/]: MixinPlatformAgentDefault accepted container SecureJarResource(mr_veinminer)
[27Apr2026 18:54:53.954] [main/DEBUG] [mixin/]: Processing prepare() for PlatformAgent[MixinPlatformAgentDefault:SecureJarResource(mr_veinminer)]
[27Apr2026 18:54:53.954] [main/DEBUG] [mixin/]: Adding mixin platform agents for container SecureJarResource(royalvariations)
[27Apr2026 18:54:53.954] [main/DEBUG] [mixin/]: Instancing new MixinPlatformAgentMinecraftForge for SecureJarResource(royalvariations)
[27Apr2026 18:54:53.954] [main/DEBUG] [mixin/]: MixinPlatformAgentMinecraftForge rejected container SecureJarResource(royalvariations)
[27Apr2026 18:54:53.954] [main/DEBUG] [mixin/]: Instancing new MixinPlatformAgentDefault for SecureJarResource(royalvariations)
[27Apr2026 18:54:53.954] [main/DEBUG] [mixin/]: MixinPlatformAgentDefault accepted container SecureJarResource(royalvariations)
[27Apr2026 18:54:53.954] [main/DEBUG] [mixin/]: Processing prepare() for PlatformAgent[MixinPlatformAgentDefault:SecureJarResource(royalvariations)]
[27Apr2026 18:54:53.954] [main/DEBUG] [mixin/]: Adding mixin platform agents for container SecureJarResource(relics)
[27Apr2026 18:54:53.954] [main/DEBUG] [mixin/]: Instancing new MixinPlatformAgentMinecraftForge for SecureJarResource(relics)
[27Apr2026 18:54:53.954] [main/DEBUG] [mixin/]: MixinPlatformAgentMinecraftForge rejected container SecureJarResource(relics)
[27Apr2026 18:54:53.954] [main/DEBUG] [mixin/]: Instancing new MixinPlatformAgentDefault for SecureJarResource(relics)
[27Apr2026 18:54:53.954] [main/DEBUG] [mixin/]: MixinPlatformAgentDefault accepted container SecureJarResource(relics)
[27Apr2026 18:54:53.954] [main/DEBUG] [mixin/]: Processing prepare() for PlatformAgent[MixinPlatformAgentDefault:SecureJarResource(relics)]
[27Apr2026 18:54:53.954] [main/DEBUG] [mixin/]: Registering mixin config: relics.mixins.json
[27Apr2026 18:54:53.955] [main/DEBUG] [mixin/]: Compatibility level JAVA_8 specified by relics.mixins.json is lower than the default level supported by the current mixin service (JAVA_16).
[27Apr2026 18:54:53.957] [main/DEBUG] [mixin/]: Adding mixin platform agents for container SecureJarResource(creature_compendium)
[27Apr2026 18:54:53.957] [main/DEBUG] [mixin/]: Instancing new MixinPlatformAgentMinecraftForge for SecureJarResource(creature_compendium)
[27Apr2026 18:54:53.957] [main/DEBUG] [mixin/]: MixinPlatformAgentMinecraftForge rejected container SecureJarResource(creature_compendium)
[27Apr2026 18:54:53.957] [main/DEBUG] [mixin/]: Instancing new MixinPlatformAgentDefault for SecureJarResource(creature_compendium)
[27Apr2026 18:54:53.957] [main/DEBUG] [mixin/]: MixinPlatformAgentDefault accepted container SecureJarResource(creature_compendium)
[27Apr2026 18:54:53.958] [main/DEBUG] [mixin/]: Processing prepare() for PlatformAgent[MixinPlatformAgentDefault:SecureJarResource(creature_compendium)]
[27Apr2026 18:54:53.958] [main/DEBUG] [mixin/]: Registering mixin config: creature_compendium.mixins.json
[27Apr2026 18:54:53.959] [main/DEBUG] [mixin/]: Adding mixin platform agents for container SecureJarResource(clickadv)
[27Apr2026 18:54:53.959] [main/DEBUG] [mixin/]: Instancing new MixinPlatformAgentMinecraftForge for SecureJarResource(clickadv)
[27Apr2026 18:54:53.959] [main/DEBUG] [mixin/]: MixinPlatformAgentMinecraftForge rejected container SecureJarResource(clickadv)
[27Apr2026 18:54:53.959] [main/DEBUG] [mixin/]: Instancing new MixinPlatformAgentDefault for SecureJarResource(clickadv)
[27Apr2026 18:54:53.959] [main/DEBUG] [mixin/]: MixinPlatformAgentDefault accepted container SecureJarResource(clickadv)
[27Apr2026 18:54:53.959] [main/DEBUG] [mixin/]: Processing prepare() for PlatformAgent[MixinPlatformAgentDefault:SecureJarResource(clickadv)]
[27Apr2026 18:54:53.959] [main/DEBUG] [mixin/]: Registering mixin config: clickadv.mixins.json
[27Apr2026 18:54:53.961] [main/DEBUG] [mixin/]: Adding mixin platform agents for container SecureJarResource(medieval_buildings)
[27Apr2026 18:54:53.961] [main/DEBUG] [mixin/]: Instancing new MixinPlatformAgentMinecraftForge for SecureJarResource(medieval_buildings)
[27Apr2026 18:54:53.961] [main/DEBUG] [mixin/]: MixinPlatformAgentMinecraftForge rejected container SecureJarResource(medieval_buildings)
[27Apr2026 18:54:53.961] [main/DEBUG] [mixin/]: Instancing new MixinPlatformAgentDefault for SecureJarResource(medieval_buildings)
[27Apr2026 18:54:53.961] [main/DEBUG] [mixin/]: MixinPlatformAgentDefault accepted container SecureJarResource(medieval_buildings)
[27Apr2026 18:54:53.961] [main/DEBUG] [mixin/]: Processing prepare() for PlatformAgent[MixinPlatformAgentDefault:SecureJarResource(medieval_buildings)]
[27Apr2026 18:54:53.961] [main/DEBUG] [mixin/]: Registering mixin config: mixins.medieval_buildings.json
[27Apr2026 18:54:53.963] [main/DEBUG] [mixin/]: Compatibility level JAVA_16 specified by mixins.medieval_buildings.json is higher than the maximum level supported by this version of mixin (JAVA_13).
[27Apr2026 18:54:53.964] [main/DEBUG] [mixin/]: Adding mixin platform agents for container SecureJarResource(iceandfire)
[27Apr2026 18:54:53.964] [main/DEBUG] [mixin/]: Instancing new MixinPlatformAgentMinecraftForge for SecureJarResource(iceandfire)
[27Apr2026 18:54:53.964] [main/DEBUG] [mixin/]: MixinPlatformAgentMinecraftForge rejected container SecureJarResource(iceandfire)
[27Apr2026 18:54:53.964] [main/DEBUG] [mixin/]: Instancing new MixinPlatformAgentDefault for SecureJarResource(iceandfire)
[27Apr2026 18:54:53.964] [main/DEBUG] [mixin/]: MixinPlatformAgentDefault accepted container SecureJarResource(iceandfire)
[27Apr2026 18:54:53.964] [main/DEBUG] [mixin/]: Processing prepare() for PlatformAgent[MixinPlatformAgentDefault:SecureJarResource(iceandfire)]
[27Apr2026 18:54:53.964] [main/DEBUG] [mixin/]: Registering mixin config: iceandfire.mixins.json
[27Apr2026 18:54:53.966] [main/DEBUG] [mixin/]: Adding mixin platform agents for container SecureJarResource(balm)
[27Apr2026 18:54:53.966] [main/DEBUG] [mixin/]: Instancing new MixinPlatformAgentMinecraftForge for SecureJarResource(balm)
[27Apr2026 18:54:53.966] [main/DEBUG] [mixin/]: MixinPlatformAgentMinecraftForge rejected container SecureJarResource(balm)
[27Apr2026 18:54:53.966] [main/DEBUG] [mixin/]: Instancing new MixinPlatformAgentDefault for SecureJarResource(balm)
[27Apr2026 18:54:53.966] [main/DEBUG] [mixin/]: MixinPlatformAgentDefault accepted container SecureJarResource(balm)
[27Apr2026 18:54:53.967] [main/DEBUG] [mixin/]: Processing prepare() for PlatformAgent[MixinPlatformAgentDefault:SecureJarResource(balm)]
[27Apr2026 18:54:53.967] [main/DEBUG] [mixin/]: Registering mixin config: balm.mixins.json
[27Apr2026 18:54:53.969] [main/DEBUG] [mixin/]: Adding mixin platform agents for container SecureJarResource(terralith)
[27Apr2026 18:54:53.969] [main/DEBUG] [mixin/]: Instancing new MixinPlatformAgentMinecraftForge for SecureJarResource(terralith)
[27Apr2026 18:54:53.969] [main/DEBUG] [mixin/]: MixinPlatformAgentMinecraftForge rejected container SecureJarResource(terralith)
[27Apr2026 18:54:53.969] [main/DEBUG] [mixin/]: Instancing new MixinPlatformAgentDefault for SecureJarResource(terralith)
[27Apr2026 18:54:53.969] [main/DEBUG] [mixin/]: MixinPlatformAgentDefault accepted container SecureJarResource(terralith)
[27Apr2026 18:54:53.969] [main/DEBUG] [mixin/]: Processing prepare() for PlatformAgent[MixinPlatformAgentDefault:SecureJarResource(terralith)]
[27Apr2026 18:54:53.969] [main/DEBUG] [mixin/]: Adding mixin platform agents for container SecureJarResource(blueprint)
[27Apr2026 18:54:53.969] [main/DEBUG] [mixin/]: Instancing new MixinPlatformAgentMinecraftForge for SecureJarResource(blueprint)
[27Apr2026 18:54:53.969] [main/DEBUG] [mixin/]: MixinPlatformAgentMinecraftForge rejected container SecureJarResource(blueprint)
[27Apr2026 18:54:53.969] [main/DEBUG] [mixin/]: Instancing new MixinPlatformAgentDefault for SecureJarResource(blueprint)
[27Apr2026 18:54:53.969] [main/DEBUG] [mixin/]: MixinPlatformAgentDefault accepted container SecureJarResource(blueprint)
[27Apr2026 18:54:53.969] [main/DEBUG] [mixin/]: Processing prepare() for PlatformAgent[MixinPlatformAgentDefault:SecureJarResource(blueprint)]
[27Apr2026 18:54:53.969] [main/DEBUG] [mixin/]: Registering mixin config: blueprint.mixins.json
[27Apr2026 18:54:53.972] [main/DEBUG] [mixin/]: Adding mixin platform agents for container SecureJarResource(carryon)
[27Apr2026 18:54:53.972] [main/DEBUG] [mixin/]: Instancing new MixinPlatformAgentMinecraftForge for SecureJarResource(carryon)
[27Apr2026 18:54:53.973] [main/DEBUG] [mixin/]: MixinPlatformAgentMinecraftForge rejected container SecureJarResource(carryon)
[27Apr2026 18:54:53.973] [main/DEBUG] [mixin/]: Instancing new MixinPlatformAgentDefault for SecureJarResource(carryon)
[27Apr2026 18:54:53.973] [main/DEBUG] [mixin/]: MixinPlatformAgentDefault accepted container SecureJarResource(carryon)
[27Apr2026 18:54:53.973] [main/DEBUG] [mixin/]: Processing prepare() for PlatformAgent[MixinPlatformAgentDefault:SecureJarResource(carryon)]
[27Apr2026 18:54:53.973] [main/DEBUG] [mixin/]: Registering mixin config: carryon.mixins.json
[27Apr2026 18:54:53.975] [main/DEBUG] [mixin/]: Registering mixin config: carryon.forge.mixins.json
[27Apr2026 18:54:53.977] [main/DEBUG] [mixin/]: Adding mixin platform agents for container SecureJarResource(watut)
[27Apr2026 18:54:53.977] [main/DEBUG] [mixin/]: Instancing new MixinPlatformAgentMinecraftForge for SecureJarResource(watut)
[27Apr2026 18:54:53.978] [main/DEBUG] [mixin/]: MixinPlatformAgentMinecraftForge rejected container SecureJarResource(watut)
[27Apr2026 18:54:53.978] [main/DEBUG] [mixin/]: Instancing new MixinPlatformAgentDefault for SecureJarResource(watut)
[27Apr2026 18:54:53.978] [main/DEBUG] [mixin/]: MixinPlatformAgentDefault accepted container SecureJarResource(watut)
[27Apr2026 18:54:53.978] [main/DEBUG] [mixin/]: Processing prepare() for PlatformAgent[MixinPlatformAgentDefault:SecureJarResource(watut)]
[27Apr2026 18:54:53.978] [main/DEBUG] [mixin/]: Registering mixin config: watut.mixins.json
[27Apr2026 18:54:53.980] [main/DEBUG] [mixin/]: Adding mixin platform agents for container SecureJarResource(puzzlesaccessapi)
[27Apr2026 18:54:53.980] [main/DEBUG] [mixin/]: Instancing new MixinPlatformAgentMinecraftForge for SecureJarResource(puzzlesaccessapi)
[27Apr2026 18:54:53.981] [main/DEBUG] [mixin/]: MixinPlatformAgentMinecraftForge rejected container SecureJarResource(puzzlesaccessapi)
[27Apr2026 18:54:53.981] [main/DEBUG] [mixin/]: Instancing new MixinPlatformAgentDefault for SecureJarResource(puzzlesaccessapi)
[27Apr2026 18:54:53.981] [main/DEBUG] [mixin/]: MixinPlatformAgentDefault accepted container SecureJarResource(puzzlesaccessapi)
[27Apr2026 18:54:53.981] [main/DEBUG] [mixin/]: Processing prepare() for PlatformAgent[MixinPlatformAgentDefault:SecureJarResource(puzzlesaccessapi)]
[27Apr2026 18:54:53.982] [main/DEBUG] [mixin/]: Registering mixin config: puzzlesaccessapi.common.mixins.json
[27Apr2026 18:54:53.983] [main/DEBUG] [mixin/]: Registering mixin config: puzzlesaccessapi.forge.mixins.json
[27Apr2026 18:54:53.985] [main/DEBUG] [mixin/]: Adding mixin platform agents for container SecureJarResource(betterfortresses)
[27Apr2026 18:54:53.986] [main/DEBUG] [mixin/]: Instancing new MixinPlatformAgentMinecraftForge for SecureJarResource(betterfortresses)
[27Apr2026 18:54:53.986] [main/DEBUG] [mixin/]: MixinPlatformAgentMinecraftForge rejected container SecureJarResource(betterfortresses)
[27Apr2026 18:54:53.986] [main/DEBUG] [mixin/]: Instancing new MixinPlatformAgentDefault for SecureJarResource(betterfortresses)
[27Apr2026 18:54:53.986] [main/DEBUG] [mixin/]: MixinPlatformAgentDefault accepted container SecureJarResource(betterfortresses)
[27Apr2026 18:54:53.987] [main/DEBUG] [mixin/]: Processing prepare() for PlatformAgent[MixinPlatformAgentDefault:SecureJarResource(betterfortresses)]
[27Apr2026 18:54:53.987] [main/DEBUG] [mixin/]: Registering mixin config: betterfortresses.mixins.json
[27Apr2026 18:54:53.990] [main/DEBUG] [mixin/]: Registering mixin config: betterfortresses_forge.mixins.json
[27Apr2026 18:54:53.993] [main/DEBUG] [mixin/]: Adding mixin platform agents for container SecureJarResource(cloth_config)
[27Apr2026 18:54:53.993] [main/DEBUG] [mixin/]: Instancing new MixinPlatformAgentMinecraftForge for SecureJarResource(cloth_config)
[27Apr2026 18:54:53.993] [main/DEBUG] [mixin/]: MixinPlatformAgentMinecraftForge rejected container SecureJarResource(cloth_config)
[27Apr2026 18:54:53.993] [main/DEBUG] [mixin/]: Instancing new MixinPlatformAgentDefault for SecureJarResource(cloth_config)
[27Apr2026 18:54:53.993] [main/DEBUG] [mixin/]: MixinPlatformAgentDefault accepted container SecureJarResource(cloth_config)
[27Apr2026 18:54:53.993] [main/DEBUG] [mixin/]: Processing prepare() for PlatformAgent[MixinPlatformAgentDefault:SecureJarResource(cloth_config)]
[27Apr2026 18:54:53.993] [main/DEBUG] [mixin/]: Adding mixin platform agents for container SecureJarResource(forge)
[27Apr2026 18:54:53.993] [main/DEBUG] [mixin/]: Instancing new MixinPlatformAgentMinecraftForge for SecureJarResource(forge)
[27Apr2026 18:54:53.993] [main/DEBUG] [mixin/]: MixinPlatformAgentMinecraftForge rejected container SecureJarResource(forge)
[27Apr2026 18:54:53.993] [main/DEBUG] [mixin/]: Instancing new MixinPlatformAgentDefault for SecureJarResource(forge)
[27Apr2026 18:54:53.993] [main/DEBUG] [mixin/]: MixinPlatformAgentDefault accepted container SecureJarResource(forge)
[27Apr2026 18:54:53.994] [main/DEBUG] [mixin/]: Processing prepare() for PlatformAgent[MixinPlatformAgentDefault:SecureJarResource(forge)]
[27Apr2026 18:54:53.994] [main/DEBUG] [mixin/]: Adding mixin platform agents for container SecureJarResource(twilightforest)
[27Apr2026 18:54:53.994] [main/DEBUG] [mixin/]: Instancing new MixinPlatformAgentMinecraftForge for SecureJarResource(twilightforest)
[27Apr2026 18:54:53.994] [main/DEBUG] [mixin/]: MixinPlatformAgentMinecraftForge rejected container SecureJarResource(twilightforest)
[27Apr2026 18:54:53.994] [main/DEBUG] [mixin/]: Instancing new MixinPlatformAgentDefault for SecureJarResource(twilightforest)
[27Apr2026 18:54:53.994] [main/DEBUG] [mixin/]: MixinPlatformAgentDefault accepted container SecureJarResource(twilightforest)
[27Apr2026 18:54:53.994] [main/DEBUG] [mixin/]: Processing prepare() for PlatformAgent[MixinPlatformAgentDefault:SecureJarResource(twilightforest)]
[27Apr2026 18:54:53.994] [main/DEBUG] [mixin/]: Adding mixin platform agents for container SecureJarResource(geophilic)
[27Apr2026 18:54:53.994] [main/DEBUG] [mixin/]: Instancing new MixinPlatformAgentMinecraftForge for SecureJarResource(geophilic)
[27Apr2026 18:54:53.994] [main/DEBUG] [mixin/]: MixinPlatformAgentMinecraftForge rejected container SecureJarResource(geophilic)
[27Apr2026 18:54:53.994] [main/DEBUG] [mixin/]: Instancing new MixinPlatformAgentDefault for SecureJarResource(geophilic)
[27Apr2026 18:54:53.994] [main/DEBUG] [mixin/]: MixinPlatformAgentDefault accepted container SecureJarResource(geophilic)
[27Apr2026 18:54:53.994] [main/DEBUG] [mixin/]: Processing prepare() for PlatformAgent[MixinPlatformAgentDefault:SecureJarResource(geophilic)]
[27Apr2026 18:54:53.994] [main/DEBUG] [mixin/]: Adding mixin platform agents for container SecureJarResource(corpse)
[27Apr2026 18:54:53.994] [main/DEBUG] [mixin/]: Instancing new MixinPlatformAgentMinecraftForge for SecureJarResource(corpse)
[27Apr2026 18:54:53.994] [main/DEBUG] [mixin/]: MixinPlatformAgentMinecraftForge rejected container SecureJarResource(corpse)
[27Apr2026 18:54:53.994] [main/DEBUG] [mixin/]: Instancing new MixinPlatformAgentDefault for SecureJarResource(corpse)
[27Apr2026 18:54:53.994] [main/DEBUG] [mixin/]: MixinPlatformAgentDefault accepted container SecureJarResource(corpse)
[27Apr2026 18:54:53.994] [main/DEBUG] [mixin/]: Processing prepare() for PlatformAgent[MixinPlatformAgentDefault:SecureJarResource(corpse)]
[27Apr2026 18:54:53.994] [main/DEBUG] [mixin/]: Adding mixin platform agents for container SecureJarResource(minecraft)
[27Apr2026 18:54:53.994] [main/DEBUG] [mixin/]: Instancing new MixinPlatformAgentMinecraftForge for SecureJarResource(minecraft)
[27Apr2026 18:54:53.994] [main/DEBUG] [mixin/]: MixinPlatformAgentMinecraftForge rejected container SecureJarResource(minecraft)
[27Apr2026 18:54:53.994] [main/DEBUG] [mixin/]: Instancing new MixinPlatformAgentDefault for SecureJarResource(minecraft)
[27Apr2026 18:54:53.994] [main/DEBUG] [mixin/]: MixinPlatformAgentDefault accepted container SecureJarResource(minecraft)
[27Apr2026 18:54:53.994] [main/DEBUG] [mixin/]: Processing prepare() for PlatformAgent[MixinPlatformAgentDefault:SecureJarResource(minecraft)]
[27Apr2026 18:54:53.994] [main/DEBUG] [mixin/]: Adding mixin platform agents for container SecureJarResource(farmersdelight)
[27Apr2026 18:54:53.994] [main/DEBUG] [mixin/]: Instancing new MixinPlatformAgentMinecraftForge for SecureJarResource(farmersdelight)
[27Apr2026 18:54:53.994] [main/DEBUG] [mixin/]: MixinPlatformAgentMinecraftForge rejected container SecureJarResource(farmersdelight)
[27Apr2026 18:54:53.994] [main/DEBUG] [mixin/]: Instancing new MixinPlatformAgentDefault for SecureJarResource(farmersdelight)
[27Apr2026 18:54:53.994] [main/DEBUG] [mixin/]: MixinPlatformAgentDefault accepted container SecureJarResource(farmersdelight)
[27Apr2026 18:54:53.994] [main/DEBUG] [mixin/]: Processing prepare() for PlatformAgent[MixinPlatformAgentDefault:SecureJarResource(farmersdelight)]
[27Apr2026 18:54:53.995] [main/DEBUG] [mixin/]: Registering mixin config: farmersdelight.mixins.json
[27Apr2026 18:54:53.997] [main/DEBUG] [mixin/]: Adding mixin platform agents for container SecureJarResource(voicechat)
[27Apr2026 18:54:53.997] [main/DEBUG] [mixin/]: Instancing new MixinPlatformAgentMinecraftForge for SecureJarResource(voicechat)
[27Apr2026 18:54:53.997] [main/DEBUG] [mixin/]: MixinPlatformAgentMinecraftForge rejected container SecureJarResource(voicechat)
[27Apr2026 18:54:53.998] [main/DEBUG] [mixin/]: Instancing new MixinPlatformAgentDefault for SecureJarResource(voicechat)
[27Apr2026 18:54:53.998] [main/DEBUG] [mixin/]: MixinPlatformAgentDefault accepted container SecureJarResource(voicechat)
[27Apr2026 18:54:53.998] [main/DEBUG] [mixin/]: Processing prepare() for PlatformAgent[MixinPlatformAgentDefault:SecureJarResource(voicechat)]
[27Apr2026 18:54:53.998] [main/DEBUG] [mixin/]: Adding mixin platform agents for container SecureJarResource(necronomicon)
[27Apr2026 18:54:53.998] [main/DEBUG] [mixin/]: Instancing new MixinPlatformAgentMinecraftForge for SecureJarResource(necronomicon)
[27Apr2026 18:54:53.998] [main/DEBUG] [mixin/]: MixinPlatformAgentMinecraftForge rejected container SecureJarResource(necronomicon)
[27Apr2026 18:54:53.999] [main/DEBUG] [mixin/]: Instancing new MixinPlatformAgentDefault for SecureJarResource(necronomicon)
[27Apr2026 18:54:53.999] [main/DEBUG] [mixin/]: MixinPlatformAgentDefault accepted container SecureJarResource(necronomicon)
[27Apr2026 18:54:53.999] [main/DEBUG] [mixin/]: Processing prepare() for PlatformAgent[MixinPlatformAgentDefault:SecureJarResource(necronomicon)]
[27Apr2026 18:54:53.999] [main/DEBUG] [mixin/]: Registering mixin config: necronomicon-common.mixins.json
[27Apr2026 18:54:54.001] [main/DEBUG] [mixin/]: Adding mixin platform agents for container SecureJarResource(jade)
[27Apr2026 18:54:54.003] [main/DEBUG] [mixin/]: Instancing new MixinPlatformAgentMinecraftForge for SecureJarResource(jade)
[27Apr2026 18:54:54.003] [main/DEBUG] [mixin/]: MixinPlatformAgentMinecraftForge rejected container SecureJarResource(jade)
[27Apr2026 18:54:54.004] [main/DEBUG] [mixin/]: Instancing new MixinPlatformAgentDefault for SecureJarResource(jade)
[27Apr2026 18:54:54.004] [main/DEBUG] [mixin/]: MixinPlatformAgentDefault accepted container SecureJarResource(jade)
[27Apr2026 18:54:54.004] [main/DEBUG] [mixin/]: Processing prepare() for PlatformAgent[MixinPlatformAgentDefault:SecureJarResource(jade)]
[27Apr2026 18:54:54.004] [main/DEBUG] [mixin/]: Registering mixin config: jade.mixins.json
[27Apr2026 18:54:54.006] [main/DEBUG] [mixin/]: Compatibility level JAVA_16 specified by jade.mixins.json is higher than the maximum level supported by this version of mixin (JAVA_13).
[27Apr2026 18:54:54.009] [main/DEBUG] [mixin/]: Adding mixin platform agents for container SecureJarResource(another_furniture)
[27Apr2026 18:54:54.009] [main/DEBUG] [mixin/]: Instancing new MixinPlatformAgentMinecraftForge for SecureJarResource(another_furniture)
[27Apr2026 18:54:54.009] [main/DEBUG] [mixin/]: MixinPlatformAgentMinecraftForge rejected container SecureJarResource(another_furniture)
[27Apr2026 18:54:54.009] [main/DEBUG] [mixin/]: Instancing new MixinPlatformAgentDefault for SecureJarResource(another_furniture)
[27Apr2026 18:54:54.009] [main/DEBUG] [mixin/]: MixinPlatformAgentDefault accepted container SecureJarResource(another_furniture)
[27Apr2026 18:54:54.009] [main/DEBUG] [mixin/]: Processing prepare() for PlatformAgent[MixinPlatformAgentDefault:SecureJarResource(another_furniture)]
[27Apr2026 18:54:54.010] [main/DEBUG] [mixin/]: Registering mixin config: another_furniture-common.mixins.json
[27Apr2026 18:54:54.011] [main/DEBUG] [mixin/]: Registering mixin config: another_furniture.mixins.json
[27Apr2026 18:54:54.013] [main/DEBUG] [mixin/]: Adding mixin platform agents for container SecureJarResource(creativecore)
[27Apr2026 18:54:54.013] [main/DEBUG] [mixin/]: Instancing new MixinPlatformAgentMinecraftForge for SecureJarResource(creativecore)
[27Apr2026 18:54:54.013] [main/DEBUG] [mixin/]: MixinPlatformAgentMinecraftForge rejected container SecureJarResource(creativecore)
[27Apr2026 18:54:54.013] [main/DEBUG] [mixin/]: Instancing new MixinPlatformAgentDefault for SecureJarResource(creativecore)
[27Apr2026 18:54:54.013] [main/DEBUG] [mixin/]: MixinPlatformAgentDefault accepted container SecureJarResource(creativecore)
[27Apr2026 18:54:54.013] [main/DEBUG] [mixin/]: Processing prepare() for PlatformAgent[MixinPlatformAgentDefault:SecureJarResource(creativecore)]
[27Apr2026 18:54:54.013] [main/DEBUG] [mixin/]: Registering mixin config: creativecore.mixins.json
[27Apr2026 18:54:54.014] [main/DEBUG] [mixin/]: Registering mixin config: creativecore.forge.mixins.json
[27Apr2026 18:54:54.015] [main/DEBUG] [mixin/]: Adding mixin platform agents for container SecureJarResource(spectrelib)
[27Apr2026 18:54:54.015] [main/DEBUG] [mixin/]: Instancing new MixinPlatformAgentMinecraftForge for SecureJarResource(spectrelib)
[27Apr2026 18:54:54.015] [main/DEBUG] [mixin/]: MixinPlatformAgentMinecraftForge rejected container SecureJarResource(spectrelib)
[27Apr2026 18:54:54.015] [main/DEBUG] [mixin/]: Instancing new MixinPlatformAgentDefault for SecureJarResource(spectrelib)
[27Apr2026 18:54:54.015] [main/DEBUG] [mixin/]: MixinPlatformAgentDefault accepted container SecureJarResource(spectrelib)
[27Apr2026 18:54:54.016] [main/DEBUG] [mixin/]: Processing prepare() for PlatformAgent[MixinPlatformAgentDefault:SecureJarResource(spectrelib)]
[27Apr2026 18:54:54.016] [main/DEBUG] [mixin/]: Adding mixin platform agents for container SecureJarResource(hangglider)
[27Apr2026 18:54:54.016] [main/DEBUG] [mixin/]: Instancing new MixinPlatformAgentMinecraftForge for SecureJarResource(hangglider)
[27Apr2026 18:54:54.016] [main/DEBUG] [mixin/]: MixinPlatformAgentMinecraftForge rejected container SecureJarResource(hangglider)
[27Apr2026 18:54:54.016] [main/DEBUG] [mixin/]: Instancing new MixinPlatformAgentDefault for SecureJarResource(hangglider)
[27Apr2026 18:54:54.016] [main/DEBUG] [mixin/]: MixinPlatformAgentDefault accepted container SecureJarResource(hangglider)
[27Apr2026 18:54:54.016] [main/DEBUG] [mixin/]: Processing prepare() for PlatformAgent[MixinPlatformAgentDefault:SecureJarResource(hangglider)]
[27Apr2026 18:54:54.016] [main/DEBUG] [mixin/]: Registering mixin config: hangglider.common.mixins.json
[27Apr2026 18:54:54.018] [main/DEBUG] [mixin/]: Adding mixin platform agents for container SecureJarResource(curios)
[27Apr2026 18:54:54.018] [main/DEBUG] [mixin/]: Instancing new MixinPlatformAgentMinecraftForge for SecureJarResource(curios)
[27Apr2026 18:54:54.018] [main/DEBUG] [mixin/]: MixinPlatformAgentMinecraftForge rejected container SecureJarResource(curios)
[27Apr2026 18:54:54.018] [main/DEBUG] [mixin/]: Instancing new MixinPlatformAgentDefault for SecureJarResource(curios)
[27Apr2026 18:54:54.018] [main/DEBUG] [mixin/]: MixinPlatformAgentDefault accepted container SecureJarResource(curios)
[27Apr2026 18:54:54.018] [main/DEBUG] [mixin/]: Processing prepare() for PlatformAgent[MixinPlatformAgentDefault:SecureJarResource(curios)]
[27Apr2026 18:54:54.018] [main/DEBUG] [mixin/]: Registering mixin config: curios.mixins.json
[27Apr2026 18:54:54.019] [main/DEBUG] [mixin/]: Adding mixin platform agents for container SecureJarResource(patchouli)
[27Apr2026 18:54:54.019] [main/DEBUG] [mixin/]: Instancing new MixinPlatformAgentMinecraftForge for SecureJarResource(patchouli)
[27Apr2026 18:54:54.019] [main/DEBUG] [mixin/]: MixinPlatformAgentMinecraftForge rejected container SecureJarResource(patchouli)
[27Apr2026 18:54:54.019] [main/DEBUG] [mixin/]: Instancing new MixinPlatformAgentDefault for SecureJarResource(patchouli)
[27Apr2026 18:54:54.019] [main/DEBUG] [mixin/]: MixinPlatformAgentDefault accepted container SecureJarResource(patchouli)
[27Apr2026 18:54:54.019] [main/DEBUG] [mixin/]: Processing prepare() for PlatformAgent[MixinPlatformAgentDefault:SecureJarResource(patchouli)]
[27Apr2026 18:54:54.019] [main/DEBUG] [mixin/]: Registering mixin config: patchouli_xplat.mixins.json
[27Apr2026 18:54:54.020] [main/DEBUG] [mixin/]: Adding mixin platform agents for container SecureJarResource(xaerominimap)
[27Apr2026 18:54:54.020] [main/DEBUG] [mixin/]: Instancing new MixinPlatformAgentMinecraftForge for SecureJarResource(xaerominimap)
[27Apr2026 18:54:54.021] [main/DEBUG] [mixin/]: MixinPlatformAgentMinecraftForge rejected container SecureJarResource(xaerominimap)
[27Apr2026 18:54:54.021] [main/DEBUG] [mixin/]: Instancing new MixinPlatformAgentDefault for SecureJarResource(xaerominimap)
[27Apr2026 18:54:54.021] [main/DEBUG] [mixin/]: MixinPlatformAgentDefault accepted container SecureJarResource(xaerominimap)
[27Apr2026 18:54:54.021] [main/DEBUG] [mixin/]: Processing prepare() for PlatformAgent[MixinPlatformAgentDefault:SecureJarResource(xaerominimap)]
[27Apr2026 18:54:54.021] [main/DEBUG] [mixin/]: Adding mixin platform agents for container SecureJarResource(collective)
[27Apr2026 18:54:54.021] [main/DEBUG] [mixin/]: Instancing new MixinPlatformAgentMinecraftForge for SecureJarResource(collective)
[27Apr2026 18:54:54.021] [main/DEBUG] [mixin/]: MixinPlatformAgentMinecraftForge rejected container SecureJarResource(collective)
[27Apr2026 18:54:54.021] [main/DEBUG] [mixin/]: Instancing new MixinPlatformAgentDefault for SecureJarResource(collective)
[27Apr2026 18:54:54.021] [main/DEBUG] [mixin/]: MixinPlatformAgentDefault accepted container SecureJarResource(collective)
[27Apr2026 18:54:54.021] [main/DEBUG] [mixin/]: Processing prepare() for PlatformAgent[MixinPlatformAgentDefault:SecureJarResource(collective)]
[27Apr2026 18:54:54.021] [main/DEBUG] [mixin/]: Registering mixin config: collective_forge.mixins.json
[27Apr2026 18:54:54.022] [main/DEBUG] [mixin/]: Adding mixin platform agents for container SecureJarResource(pet_cemetery)
[27Apr2026 18:54:54.022] [main/DEBUG] [mixin/]: Instancing new MixinPlatformAgentMinecraftForge for SecureJarResource(pet_cemetery)
[27Apr2026 18:54:54.022] [main/DEBUG] [mixin/]: MixinPlatformAgentMinecraftForge rejected container SecureJarResource(pet_cemetery)
[27Apr2026 18:54:54.022] [main/DEBUG] [mixin/]: Instancing new MixinPlatformAgentDefault for SecureJarResource(pet_cemetery)
[27Apr2026 18:54:54.022] [main/DEBUG] [mixin/]: MixinPlatformAgentDefault accepted container SecureJarResource(pet_cemetery)
[27Apr2026 18:54:54.022] [main/DEBUG] [mixin/]: Processing prepare() for PlatformAgent[MixinPlatformAgentDefault:SecureJarResource(pet_cemetery)]
[27Apr2026 18:54:54.022] [main/DEBUG] [mixin/]: Registering mixin config: pet_cemetery.mixins.json
[27Apr2026 18:54:54.024] [main/DEBUG] [mixin/]: Adding mixin platform agents for container SecureJarResource(moreplayermodels)
[27Apr2026 18:54:54.024] [main/DEBUG] [mixin/]: Instancing new MixinPlatformAgentMinecraftForge for SecureJarResource(moreplayermodels)
[27Apr2026 18:54:54.024] [main/DEBUG] [mixin/]: MixinPlatformAgentMinecraftForge rejected container SecureJarResource(moreplayermodels)
[27Apr2026 18:54:54.024] [main/DEBUG] [mixin/]: Instancing new MixinPlatformAgentDefault for SecureJarResource(moreplayermodels)
[27Apr2026 18:54:54.024] [main/DEBUG] [mixin/]: MixinPlatformAgentDefault accepted container SecureJarResource(moreplayermodels)
[27Apr2026 18:54:54.024] [main/DEBUG] [mixin/]: Processing prepare() for PlatformAgent[MixinPlatformAgentDefault:SecureJarResource(moreplayermodels)]
[27Apr2026 18:54:54.024] [main/DEBUG] [mixin/]: Registering mixin config: moreplayermodels.mixins.json
[27Apr2026 18:54:54.026] [main/DEBUG] [mixin/]: Compatibility level JAVA_8 specified by moreplayermodels.mixins.json is lower than the default level supported by the current mixin service (JAVA_16).
[27Apr2026 18:54:54.026] [main/DEBUG] [mixin/]: Adding mixin platform agents for container SecureJarResource(sitmod)
[27Apr2026 18:54:54.026] [main/DEBUG] [mixin/]: Instancing new MixinPlatformAgentMinecraftForge for SecureJarResource(sitmod)
[27Apr2026 18:54:54.026] [main/DEBUG] [mixin/]: MixinPlatformAgentMinecraftForge rejected container SecureJarResource(sitmod)
[27Apr2026 18:54:54.026] [main/DEBUG] [mixin/]: Instancing new MixinPlatformAgentDefault for SecureJarResource(sitmod)
[27Apr2026 18:54:54.026] [main/DEBUG] [mixin/]: MixinPlatformAgentDefault accepted container SecureJarResource(sitmod)
[27Apr2026 18:54:54.026] [main/DEBUG] [mixin/]: Processing prepare() for PlatformAgent[MixinPlatformAgentDefault:SecureJarResource(sitmod)]
[27Apr2026 18:54:54.026] [main/DEBUG] [mixin/]: Adding mixin platform agents for container SecureJarResource(parcool)
[27Apr2026 18:54:54.026] [main/DEBUG] [mixin/]: Instancing new MixinPlatformAgentMinecraftForge for SecureJarResource(parcool)
[27Apr2026 18:54:54.026] [main/DEBUG] [mixin/]: MixinPlatformAgentMinecraftForge rejected container SecureJarResource(parcool)
[27Apr2026 18:54:54.026] [main/DEBUG] [mixin/]: Instancing new MixinPlatformAgentDefault for SecureJarResource(parcool)
[27Apr2026 18:54:54.026] [main/DEBUG] [mixin/]: MixinPlatformAgentDefault accepted container SecureJarResource(parcool)
[27Apr2026 18:54:54.026] [main/DEBUG] [mixin/]: Processing prepare() for PlatformAgent[MixinPlatformAgentDefault:SecureJarResource(parcool)]
[27Apr2026 18:54:54.026] [main/DEBUG] [mixin/]: Registering mixin config: parcool.mixins.json
[27Apr2026 18:54:54.028] [main/DEBUG] [mixin/]: Compatibility level JAVA_8 specified by parcool.mixins.json is lower than the default level supported by the current mixin service (JAVA_16).
[27Apr2026 18:54:54.028] [main/DEBUG] [mixin/]: Adding mixin platform agents for container SecureJarResource(crittersandcompanions)
[27Apr2026 18:54:54.028] [main/DEBUG] [mixin/]: Instancing new MixinPlatformAgentMinecraftForge for SecureJarResource(crittersandcompanions)
[27Apr2026 18:54:54.028] [main/DEBUG] [mixin/]: MixinPlatformAgentMinecraftForge rejected container SecureJarResource(crittersandcompanions)
[27Apr2026 18:54:54.028] [main/DEBUG] [mixin/]: Instancing new MixinPlatformAgentDefault for SecureJarResource(crittersandcompanions)
[27Apr2026 18:54:54.028] [main/DEBUG] [mixin/]: MixinPlatformAgentDefault accepted container SecureJarResource(crittersandcompanions)
[27Apr2026 18:54:54.028] [main/DEBUG] [mixin/]: Processing prepare() for PlatformAgent[MixinPlatformAgentDefault:SecureJarResource(crittersandcompanions)]
[27Apr2026 18:54:54.028] [main/DEBUG] [mixin/]: Registering mixin config: crittersandcompanions.mixins.json
[27Apr2026 18:54:54.030] [main/DEBUG] [mixin/]: Adding mixin platform agents for container SecureJarResource(bettervillage)
[27Apr2026 18:54:54.030] [main/DEBUG] [mixin/]: Instancing new MixinPlatformAgentMinecraftForge for SecureJarResource(bettervillage)
[27Apr2026 18:54:54.031] [main/DEBUG] [mixin/]: MixinPlatformAgentMinecraftForge rejected container SecureJarResource(bettervillage)
[27Apr2026 18:54:54.031] [main/DEBUG] [mixin/]: Instancing new MixinPlatformAgentDefault for SecureJarResource(bettervillage)
[27Apr2026 18:54:54.031] [main/DEBUG] [mixin/]: MixinPlatformAgentDefault accepted container SecureJarResource(bettervillage)
[27Apr2026 18:54:54.031] [main/DEBUG] [mixin/]: Processing prepare() for PlatformAgent[MixinPlatformAgentDefault:SecureJarResource(bettervillage)]
[27Apr2026 18:54:54.031] [main/DEBUG] [mixin/]: Registering mixin config: bettervillage.mixins.json
[27Apr2026 18:54:54.032] [main/DEBUG] [mixin/]: Adding mixin platform agents for container SecureJarResource(coroutil)
[27Apr2026 18:54:54.032] [main/DEBUG] [mixin/]: Instancing new MixinPlatformAgentMinecraftForge for SecureJarResource(coroutil)
[27Apr2026 18:54:54.032] [main/DEBUG] [mixin/]: MixinPlatformAgentMinecraftForge rejected container SecureJarResource(coroutil)
[27Apr2026 18:54:54.032] [main/DEBUG] [mixin/]: Instancing new MixinPlatformAgentDefault for SecureJarResource(coroutil)
[27Apr2026 18:54:54.032] [main/DEBUG] [mixin/]: MixinPlatformAgentDefault accepted container SecureJarResource(coroutil)
[27Apr2026 18:54:54.032] [main/DEBUG] [mixin/]: Processing prepare() for PlatformAgent[MixinPlatformAgentDefault:SecureJarResource(coroutil)]
[27Apr2026 18:54:54.032] [main/DEBUG] [mixin/]: Registering mixin config: coroutil.mixins.json
[27Apr2026 18:54:54.033] [main/DEBUG] [mixin/]: Adding mixin platform agents for container SecureJarResource(rusticdelight)
[27Apr2026 18:54:54.033] [main/DEBUG] [mixin/]: Instancing new MixinPlatformAgentMinecraftForge for SecureJarResource(rusticdelight)
[27Apr2026 18:54:54.033] [main/DEBUG] [mixin/]: MixinPlatformAgentMinecraftForge rejected container SecureJarResource(rusticdelight)
[27Apr2026 18:54:54.033] [main/DEBUG] [mixin/]: Instancing new MixinPlatformAgentDefault for SecureJarResource(rusticdelight)
[27Apr2026 18:54:54.033] [main/DEBUG] [mixin/]: MixinPlatformAgentDefault accepted container SecureJarResource(rusticdelight)
[27Apr2026 18:54:54.033] [main/DEBUG] [mixin/]: Processing prepare() for PlatformAgent[MixinPlatformAgentDefault:SecureJarResource(rusticdelight)]
[27Apr2026 18:54:54.033] [main/DEBUG] [mixin/]: Adding mixin platform agents for container SecureJarResource(architectury)
[27Apr2026 18:54:54.033] [main/DEBUG] [mixin/]: Instancing new MixinPlatformAgentMinecraftForge for SecureJarResource(architectury)
[27Apr2026 18:54:54.033] [main/DEBUG] [mixin/]: MixinPlatformAgentMinecraftForge rejected container SecureJarResource(architectury)
[27Apr2026 18:54:54.033] [main/DEBUG] [mixin/]: Instancing new MixinPlatformAgentDefault for SecureJarResource(architectury)
[27Apr2026 18:54:54.033] [main/DEBUG] [mixin/]: MixinPlatformAgentDefault accepted container SecureJarResource(architectury)
[27Apr2026 18:54:54.033] [main/DEBUG] [mixin/]: Processing prepare() for PlatformAgent[MixinPlatformAgentDefault:SecureJarResource(architectury)]
[27Apr2026 18:54:54.033] [main/DEBUG] [mixin/]: Registering mixin config: architectury.mixins.json
[27Apr2026 18:54:54.035] [main/DEBUG] [mixin/]: Compatibility level JAVA_16 specified by architectury.mixins.json is higher than the maximum level supported by this version of mixin (JAVA_13).
[27Apr2026 18:54:54.035] [main/DEBUG] [mixin/]: Registering mixin config: architectury-common.mixins.json
[27Apr2026 18:54:54.036] [main/DEBUG] [mixin/]: Compatibility level JAVA_16 specified by architectury-common.mixins.json is higher than the maximum level supported by this version of mixin (JAVA_13).
[27Apr2026 18:54:54.036] [main/DEBUG] [mixin/]: Adding mixin platform agents for container SecureJarResource(ftblibrary)
[27Apr2026 18:54:54.037] [main/DEBUG] [mixin/]: Instancing new MixinPlatformAgentMinecraftForge for SecureJarResource(ftblibrary)
[27Apr2026 18:54:54.037] [main/DEBUG] [mixin/]: MixinPlatformAgentMinecraftForge rejected container SecureJarResource(ftblibrary)
[27Apr2026 18:54:54.037] [main/DEBUG] [mixin/]: Instancing new MixinPlatformAgentDefault for SecureJarResource(ftblibrary)
[27Apr2026 18:54:54.037] [main/DEBUG] [mixin/]: MixinPlatformAgentDefault accepted container SecureJarResource(ftblibrary)
[27Apr2026 18:54:54.037] [main/DEBUG] [mixin/]: Processing prepare() for PlatformAgent[MixinPlatformAgentDefault:SecureJarResource(ftblibrary)]
[27Apr2026 18:54:54.037] [main/DEBUG] [mixin/]: Registering mixin config: ftblibrary-common.mixins.json
[27Apr2026 18:54:54.038] [main/DEBUG] [mixin/]: Compatibility level JAVA_8 specified by ftblibrary-common.mixins.json is lower than the default level supported by the current mixin service (JAVA_16).
[27Apr2026 18:54:54.038] [main/DEBUG] [mixin/]: Adding mixin platform agents for container SecureJarResource(octolib)
[27Apr2026 18:54:54.038] [main/DEBUG] [mixin/]: Instancing new MixinPlatformAgentMinecraftForge for SecureJarResource(octolib)
[27Apr2026 18:54:54.038] [main/DEBUG] [mixin/]: MixinPlatformAgentMinecraftForge rejected container SecureJarResource(octolib)
[27Apr2026 18:54:54.038] [main/DEBUG] [mixin/]: Instancing new MixinPlatformAgentDefault for SecureJarResource(octolib)
[27Apr2026 18:54:54.038] [main/DEBUG] [mixin/]: MixinPlatformAgentDefault accepted container SecureJarResource(octolib)
[27Apr2026 18:54:54.038] [main/DEBUG] [mixin/]: Processing prepare() for PlatformAgent[MixinPlatformAgentDefault:SecureJarResource(octolib)]
[27Apr2026 18:54:54.038] [main/DEBUG] [mixin/]: Adding mixin platform agents for container SecureJarResource(vinery)
[27Apr2026 18:54:54.038] [main/DEBUG] [mixin/]: Instancing new MixinPlatformAgentMinecraftForge for SecureJarResource(vinery)
[27Apr2026 18:54:54.038] [main/DEBUG] [mixin/]: MixinPlatformAgentMinecraftForge rejected container SecureJarResource(vinery)
[27Apr2026 18:54:54.038] [main/DEBUG] [mixin/]: Instancing new MixinPlatformAgentDefault for SecureJarResource(vinery)
[27Apr2026 18:54:54.038] [main/DEBUG] [mixin/]: MixinPlatformAgentDefault accepted container SecureJarResource(vinery)
[27Apr2026 18:54:54.038] [main/DEBUG] [mixin/]: Processing prepare() for PlatformAgent[MixinPlatformAgentDefault:SecureJarResource(vinery)]
[27Apr2026 18:54:54.038] [main/DEBUG] [mixin/]: Registering mixin config: vinery-common.mixins.json
[27Apr2026 18:54:54.039] [main/DEBUG] [mixin/]: Registering mixin config: vinery.mixins.json
[27Apr2026 18:54:54.040] [main/DEBUG] [mixin/]: Adding mixin platform agents for container SecureJarResource(embeddium_extra)
[27Apr2026 18:54:54.040] [main/DEBUG] [mixin/]: Instancing new MixinPlatformAgentMinecraftForge for SecureJarResource(embeddium_extra)
[27Apr2026 18:54:54.040] [main/DEBUG] [mixin/]: MixinPlatformAgentMinecraftForge rejected container SecureJarResource(embeddium_extra)
[27Apr2026 18:54:54.040] [main/DEBUG] [mixin/]: Instancing new MixinPlatformAgentDefault for SecureJarResource(embeddium_extra)
[27Apr2026 18:54:54.040] [main/DEBUG] [mixin/]: MixinPlatformAgentDefault accepted container SecureJarResource(embeddium_extra)
[27Apr2026 18:54:54.040] [main/DEBUG] [mixin/]: Processing prepare() for PlatformAgent[MixinPlatformAgentDefault:SecureJarResource(embeddium_extra)]
[27Apr2026 18:54:54.040] [main/DEBUG] [mixin/]: Registering mixin config: sodium-extra.mixins.json
[27Apr2026 18:54:54.042] [main/DEBUG] [mixin/]: Adding mixin platform agents for container SecureJarResource(cupboard)
[27Apr2026 18:54:54.042] [main/DEBUG] [mixin/]: Instancing new MixinPlatformAgentMinecraftForge for SecureJarResource(cupboard)
[27Apr2026 18:54:54.042] [main/DEBUG] [mixin/]: MixinPlatformAgentMinecraftForge rejected container SecureJarResource(cupboard)
[27Apr2026 18:54:54.042] [main/DEBUG] [mixin/]: Instancing new MixinPlatformAgentDefault for SecureJarResource(cupboard)
[27Apr2026 18:54:54.042] [main/DEBUG] [mixin/]: MixinPlatformAgentDefault accepted container SecureJarResource(cupboard)
[27Apr2026 18:54:54.042] [main/DEBUG] [mixin/]: Processing prepare() for PlatformAgent[MixinPlatformAgentDefault:SecureJarResource(cupboard)]
[27Apr2026 18:54:54.042] [main/DEBUG] [mixin/]: Registering mixin config: cupboard.mixins.json
[27Apr2026 18:54:54.044] [main/DEBUG] [mixin/]: Adding mixin platform agents for container SecureJarResource(refurbished_furniture)
[27Apr2026 18:54:54.044] [main/DEBUG] [mixin/]: Instancing new MixinPlatformAgentMinecraftForge for SecureJarResource(refurbished_furniture)
[27Apr2026 18:54:54.044] [main/DEBUG] [mixin/]: MixinPlatformAgentMinecraftForge rejected container SecureJarResource(refurbished_furniture)
[27Apr2026 18:54:54.044] [main/DEBUG] [mixin/]: Instancing new MixinPlatformAgentDefault for SecureJarResource(refurbished_furniture)
[27Apr2026 18:54:54.044] [main/DEBUG] [mixin/]: MixinPlatformAgentDefault accepted container SecureJarResource(refurbished_furniture)
[27Apr2026 18:54:54.044] [main/DEBUG] [mixin/]: Processing prepare() for PlatformAgent[MixinPlatformAgentDefault:SecureJarResource(refurbished_furniture)]
[27Apr2026 18:54:54.044] [main/DEBUG] [mixin/]: Registering mixin config: refurbished_furniture.common.mixins.json
[27Apr2026 18:54:54.045] [main/DEBUG] [mixin/]: Adding mixin platform agents for container SecureJarResource(puzzleslib)
[27Apr2026 18:54:54.045] [main/DEBUG] [mixin/]: Instancing new MixinPlatformAgentMinecraftForge for SecureJarResource(puzzleslib)
[27Apr2026 18:54:54.045] [main/DEBUG] [mixin/]: MixinPlatformAgentMinecraftForge rejected container SecureJarResource(puzzleslib)
[27Apr2026 18:54:54.046] [main/DEBUG] [mixin/]: Instancing new MixinPlatformAgentDefault for SecureJarResource(puzzleslib)
[27Apr2026 18:54:54.046] [main/DEBUG] [mixin/]: MixinPlatformAgentDefault accepted container SecureJarResource(puzzleslib)
[27Apr2026 18:54:54.046] [main/DEBUG] [mixin/]: Processing prepare() for PlatformAgent[MixinPlatformAgentDefault:SecureJarResource(puzzleslib)]
[27Apr2026 18:54:54.046] [main/DEBUG] [mixin/]: Registering mixin config: puzzleslib.common.mixins.json
[27Apr2026 18:54:54.047] [main/DEBUG] [mixin/]: Registering mixin config: puzzleslib.forge.mixins.json
[27Apr2026 18:54:54.048] [main/DEBUG] [mixin/]: Adding mixin platform agents for container SecureJarResource(charmofundying)
[27Apr2026 18:54:54.048] [main/DEBUG] [mixin/]: Instancing new MixinPlatformAgentMinecraftForge for SecureJarResource(charmofundying)
[27Apr2026 18:54:54.048] [main/DEBUG] [mixin/]: MixinPlatformAgentMinecraftForge rejected container SecureJarResource(charmofundying)
[27Apr2026 18:54:54.048] [main/DEBUG] [mixin/]: Instancing new MixinPlatformAgentDefault for SecureJarResource(charmofundying)
[27Apr2026 18:54:54.048] [main/DEBUG] [mixin/]: MixinPlatformAgentDefault accepted container SecureJarResource(charmofundying)
[27Apr2026 18:54:54.048] [main/DEBUG] [mixin/]: Processing prepare() for PlatformAgent[MixinPlatformAgentDefault:SecureJarResource(charmofundying)]
[27Apr2026 18:54:54.048] [main/DEBUG] [mixin/]: Registering mixin config: charmofundying.mixins.json
[27Apr2026 18:54:54.050] [main/DEBUG] [mixin/]: Adding mixin platform agents for container SecureJarResource(ears)
[27Apr2026 18:54:54.050] [main/DEBUG] [mixin/]: Instancing new MixinPlatformAgentMinecraftForge for SecureJarResource(ears)
[27Apr2026 18:54:54.050] [main/DEBUG] [mixin/]: MixinPlatformAgentMinecraftForge rejected container SecureJarResource(ears)
[27Apr2026 18:54:54.050] [main/DEBUG] [mixin/]: Instancing new MixinPlatformAgentDefault for SecureJarResource(ears)
[27Apr2026 18:54:54.050] [main/DEBUG] [mixin/]: MixinPlatformAgentDefault accepted container SecureJarResource(ears)
[27Apr2026 18:54:54.050] [main/DEBUG] [mixin/]: Processing prepare() for PlatformAgent[MixinPlatformAgentDefault:SecureJarResource(ears)]
[27Apr2026 18:54:54.050] [main/DEBUG] [mixin/]: Registering mixin config: ears.mixins.json
[27Apr2026 18:54:54.051] [main/DEBUG] [mixin/]: Compatibility level JAVA_16 specified by ears.mixins.json is higher than the maximum level supported by this version of mixin (JAVA_13).
[27Apr2026 18:54:54.051] [main/DEBUG] [mixin/]: Adding mixin platform agents for container SecureJarResource(mns)
[27Apr2026 18:54:54.051] [main/DEBUG] [mixin/]: Instancing new MixinPlatformAgentMinecraftForge for SecureJarResource(mns)
[27Apr2026 18:54:54.051] [main/DEBUG] [mixin/]: MixinPlatformAgentMinecraftForge rejected container SecureJarResource(mns)
[27Apr2026 18:54:54.051] [main/DEBUG] [mixin/]: Instancing new MixinPlatformAgentDefault for SecureJarResource(mns)
[27Apr2026 18:54:54.051] [main/DEBUG] [mixin/]: MixinPlatformAgentDefault accepted container SecureJarResource(mns)
[27Apr2026 18:54:54.051] [main/DEBUG] [mixin/]: Processing prepare() for PlatformAgent[MixinPlatformAgentDefault:SecureJarResource(mns)]
[27Apr2026 18:54:54.051] [main/DEBUG] [mixin/]: Registering mixin config: mns-common.mixins.json
[27Apr2026 18:54:54.052] [main/DEBUG] [mixin/]: Registering mixin config: mns-forge.mixins.json
[27Apr2026 18:54:54.056] [main/DEBUG] [mixin/]: Adding mixin platform agents for container SecureJarResource(framework)
[27Apr2026 18:54:54.056] [main/DEBUG] [mixin/]: Instancing new MixinPlatformAgentMinecraftForge for SecureJarResource(framework)
[27Apr2026 18:54:54.056] [main/DEBUG] [mixin/]: MixinPlatformAgentMinecraftForge rejected container SecureJarResource(framework)
[27Apr2026 18:54:54.056] [main/DEBUG] [mixin/]: Instancing new MixinPlatformAgentDefault for SecureJarResource(framework)
[27Apr2026 18:54:54.056] [main/DEBUG] [mixin/]: MixinPlatformAgentDefault accepted container SecureJarResource(framework)
[27Apr2026 18:54:54.056] [main/DEBUG] [mixin/]: Processing prepare() for PlatformAgent[MixinPlatformAgentDefault:SecureJarResource(framework)]
[27Apr2026 18:54:54.056] [main/DEBUG] [mixin/]: Adding mixin platform agents for container SecureJarResource(immersive_melodies)
[27Apr2026 18:54:54.056] [main/DEBUG] [mixin/]: Instancing new MixinPlatformAgentMinecraftForge for SecureJarResource(immersive_melodies)
[27Apr2026 18:54:54.056] [main/DEBUG] [mixin/]: MixinPlatformAgentMinecraftForge rejected container SecureJarResource(immersive_melodies)
[27Apr2026 18:54:54.056] [main/DEBUG] [mixin/]: Instancing new MixinPlatformAgentDefault for SecureJarResource(immersive_melodies)
[27Apr2026 18:54:54.056] [main/DEBUG] [mixin/]: MixinPlatformAgentDefault accepted container SecureJarResource(immersive_melodies)
[27Apr2026 18:54:54.056] [main/DEBUG] [mixin/]: Processing prepare() for PlatformAgent[MixinPlatformAgentDefault:SecureJarResource(immersive_melodies)]
[27Apr2026 18:54:54.056] [main/DEBUG] [mixin/]: Registering mixin config: immersive_melodies.mixin.json
[27Apr2026 18:54:54.057] [main/DEBUG] [mixin/]: Compatibility level JAVA_16 specified by immersive_melodies.mixin.json is higher than the maximum level supported by this version of mixin (JAVA_13).
[27Apr2026 18:54:54.057] [main/DEBUG] [mixin/]: Adding mixin platform agents for container SecureJarResource(wings)
[27Apr2026 18:54:54.058] [main/DEBUG] [mixin/]: Instancing new MixinPlatformAgentMinecraftForge for SecureJarResource(wings)
[27Apr2026 18:54:54.058] [main/DEBUG] [mixin/]: MixinPlatformAgentMinecraftForge rejected container SecureJarResource(wings)
[27Apr2026 18:54:54.058] [main/DEBUG] [mixin/]: Instancing new MixinPlatformAgentDefault for SecureJarResource(wings)
[27Apr2026 18:54:54.058] [main/DEBUG] [mixin/]: MixinPlatformAgentDefault accepted container SecureJarResource(wings)
[27Apr2026 18:54:54.058] [main/DEBUG] [mixin/]: Processing prepare() for PlatformAgent[MixinPlatformAgentDefault:SecureJarResource(wings)]
[27Apr2026 18:54:54.058] [main/DEBUG] [mixin/]: Registering mixin config: mixins.wings.json
[27Apr2026 18:54:54.059] [main/DEBUG] [mixin/]: Adding mixin platform agents for container SecureJarResource(cosmeticarmorreworked)
[27Apr2026 18:54:54.059] [main/DEBUG] [mixin/]: Instancing new MixinPlatformAgentMinecraftForge for SecureJarResource(cosmeticarmorreworked)
[27Apr2026 18:54:54.059] [main/DEBUG] [mixin/]: MixinPlatformAgentMinecraftForge rejected container SecureJarResource(cosmeticarmorreworked)
[27Apr2026 18:54:54.059] [main/DEBUG] [mixin/]: Instancing new MixinPlatformAgentDefault for SecureJarResource(cosmeticarmorreworked)
[27Apr2026 18:54:54.059] [main/DEBUG] [mixin/]: MixinPlatformAgentDefault accepted container SecureJarResource(cosmeticarmorreworked)
[27Apr2026 18:54:54.059] [main/DEBUG] [mixin/]: Processing prepare() for PlatformAgent[MixinPlatformAgentDefault:SecureJarResource(cosmeticarmorreworked)]
[27Apr2026 18:54:54.059] [main/DEBUG] [mixin/]: Adding mixin platform agents for container SecureJarResource(expandability)
[27Apr2026 18:54:54.059] [main/DEBUG] [mixin/]: Instancing new MixinPlatformAgentMinecraftForge for SecureJarResource(expandability)
[27Apr2026 18:54:54.059] [main/DEBUG] [mixin/]: MixinPlatformAgentMinecraftForge rejected container SecureJarResource(expandability)
[27Apr2026 18:54:54.059] [main/DEBUG] [mixin/]: Instancing new MixinPlatformAgentDefault for SecureJarResource(expandability)
[27Apr2026 18:54:54.060] [main/DEBUG] [mixin/]: MixinPlatformAgentDefault accepted container SecureJarResource(expandability)
[27Apr2026 18:54:54.060] [main/DEBUG] [mixin/]: Processing prepare() for PlatformAgent[MixinPlatformAgentDefault:SecureJarResource(expandability)]
[27Apr2026 18:54:54.060] [main/DEBUG] [mixin/]: Registering mixin config: expandability.mixins.json
[27Apr2026 18:54:54.061] [main/DEBUG] [mixin/]: Registering mixin config: expandability-common.mixins.json
[27Apr2026 18:54:54.062] [main/DEBUG] [mixin/]: Adding mixin platform agents for container SecureJarResource(moa_decor_electronics)
[27Apr2026 18:54:54.062] [main/DEBUG] [mixin/]: Instancing new MixinPlatformAgentMinecraftForge for SecureJarResource(moa_decor_electronics)
[27Apr2026 18:54:54.062] [main/DEBUG] [mixin/]: MixinPlatformAgentMinecraftForge rejected container SecureJarResource(moa_decor_electronics)
[27Apr2026 18:54:54.062] [main/DEBUG] [mixin/]: Instancing new MixinPlatformAgentDefault for SecureJarResource(moa_decor_electronics)
[27Apr2026 18:54:54.062] [main/DEBUG] [mixin/]: MixinPlatformAgentDefault accepted container SecureJarResource(moa_decor_electronics)
[27Apr2026 18:54:54.062] [main/DEBUG] [mixin/]: Processing prepare() for PlatformAgent[MixinPlatformAgentDefault:SecureJarResource(moa_decor_electronics)]
[27Apr2026 18:54:54.062] [main/DEBUG] [mixin/]: Adding mixin platform agents for container SecureJarResource(playerrevive)
[27Apr2026 18:54:54.062] [main/DEBUG] [mixin/]: Instancing new MixinPlatformAgentMinecraftForge for SecureJarResource(playerrevive)
[27Apr2026 18:54:54.062] [main/DEBUG] [mixin/]: MixinPlatformAgentMinecraftForge rejected container SecureJarResource(playerrevive)
[27Apr2026 18:54:54.062] [main/DEBUG] [mixin/]: Instancing new MixinPlatformAgentDefault for SecureJarResource(playerrevive)
[27Apr2026 18:54:54.062] [main/DEBUG] [mixin/]: MixinPlatformAgentDefault accepted container SecureJarResource(playerrevive)
[27Apr2026 18:54:54.062] [main/DEBUG] [mixin/]: Processing prepare() for PlatformAgent[MixinPlatformAgentDefault:SecureJarResource(playerrevive)]
[27Apr2026 18:54:54.062] [main/DEBUG] [mixin/]: Registering mixin config: playerrevive.mixins.json
[27Apr2026 18:54:54.064] [main/DEBUG] [mixin/]: Adding mixin platform agents for container SecureJarResource(wwoo_forge)
[27Apr2026 18:54:54.064] [main/DEBUG] [mixin/]: Instancing new MixinPlatformAgentMinecraftForge for SecureJarResource(wwoo_forge)
[27Apr2026 18:54:54.064] [main/DEBUG] [mixin/]: MixinPlatformAgentMinecraftForge rejected container SecureJarResource(wwoo_forge)
[27Apr2026 18:54:54.064] [main/DEBUG] [mixin/]: Instancing new MixinPlatformAgentDefault for SecureJarResource(wwoo_forge)
[27Apr2026 18:54:54.064] [main/DEBUG] [mixin/]: MixinPlatformAgentDefault accepted container SecureJarResource(wwoo_forge)
[27Apr2026 18:54:54.064] [main/DEBUG] [mixin/]: Processing prepare() for PlatformAgent[MixinPlatformAgentDefault:SecureJarResource(wwoo_forge)]
[27Apr2026 18:54:54.064] [main/DEBUG] [mixin/]: Adding mixin platform agents for container SecureJarResource(mclib)
[27Apr2026 18:54:54.064] [main/DEBUG] [mixin/]: Instancing new MixinPlatformAgentMinecraftForge for SecureJarResource(mclib)
[27Apr2026 18:54:54.064] [main/DEBUG] [mixin/]: MixinPlatformAgentMinecraftForge rejected container SecureJarResource(mclib)
[27Apr2026 18:54:54.064] [main/DEBUG] [mixin/]: Instancing new MixinPlatformAgentDefault for SecureJarResource(mclib)
[27Apr2026 18:54:54.064] [main/DEBUG] [mixin/]: MixinPlatformAgentDefault accepted container SecureJarResource(mclib)
[27Apr2026 18:54:54.064] [main/DEBUG] [mixin/]: Processing prepare() for PlatformAgent[MixinPlatformAgentDefault:SecureJarResource(mclib)]
[27Apr2026 18:54:54.064] [main/DEBUG] [mixin/]: Adding mixin platform agents for container SecureJarResource(NanoLiveConfig)
[27Apr2026 18:54:54.064] [main/DEBUG] [mixin/]: Instancing new MixinPlatformAgentMinecraftForge for SecureJarResource(NanoLiveConfig)
[27Apr2026 18:54:54.064] [main/DEBUG] [mixin/]: MixinPlatformAgentMinecraftForge rejected container SecureJarResource(NanoLiveConfig)
[27Apr2026 18:54:54.064] [main/DEBUG] [mixin/]: Instancing new MixinPlatformAgentDefault for SecureJarResource(NanoLiveConfig)
[27Apr2026 18:54:54.064] [main/DEBUG] [mixin/]: MixinPlatformAgentDefault accepted container SecureJarResource(NanoLiveConfig)
[27Apr2026 18:54:54.064] [main/DEBUG] [mixin/]: Processing prepare() for PlatformAgent[MixinPlatformAgentDefault:SecureJarResource(NanoLiveConfig)]
[27Apr2026 18:54:54.064] [main/DEBUG] [mixin/]: Adding mixin platform agents for container SecureJarResource(org.yaml.snakeyaml)
[27Apr2026 18:54:54.064] [main/DEBUG] [mixin/]: Instancing new MixinPlatformAgentMinecraftForge for SecureJarResource(org.yaml.snakeyaml)
[27Apr2026 18:54:54.064] [main/DEBUG] [mixin/]: MixinPlatformAgentMinecraftForge rejected container SecureJarResource(org.yaml.snakeyaml)
[27Apr2026 18:54:54.064] [main/DEBUG] [mixin/]: Instancing new MixinPlatformAgentDefault for SecureJarResource(org.yaml.snakeyaml)
[27Apr2026 18:54:54.064] [main/DEBUG] [mixin/]: MixinPlatformAgentDefault accepted container SecureJarResource(org.yaml.snakeyaml)
[27Apr2026 18:54:54.064] [main/DEBUG] [mixin/]: Processing prepare() for PlatformAgent[MixinPlatformAgentDefault:SecureJarResource(org.yaml.snakeyaml)]
[27Apr2026 18:54:54.064] [main/DEBUG] [mixin/]: Adding mixin platform agents for container SecureJarResource(MathParser.org.mXparser)
[27Apr2026 18:54:54.064] [main/DEBUG] [mixin/]: Instancing new MixinPlatformAgentMinecraftForge for SecureJarResource(MathParser.org.mXparser)
[27Apr2026 18:54:54.064] [main/DEBUG] [mixin/]: MixinPlatformAgentMinecraftForge rejected container SecureJarResource(MathParser.org.mXparser)
[27Apr2026 18:54:54.064] [main/DEBUG] [mixin/]: Instancing new MixinPlatformAgentDefault for SecureJarResource(MathParser.org.mXparser)
[27Apr2026 18:54:54.064] [main/DEBUG] [mixin/]: MixinPlatformAgentDefault accepted container SecureJarResource(MathParser.org.mXparser)
[27Apr2026 18:54:54.065] [main/DEBUG] [mixin/]: Processing prepare() for PlatformAgent[MixinPlatformAgentDefault:SecureJarResource(MathParser.org.mXparser)]
[27Apr2026 18:54:54.065] [main/DEBUG] [mixin/]: Adding mixin platform agents for container SecureJarResource(MixinExtras)
[27Apr2026 18:54:54.065] [main/DEBUG] [mixin/]: Instancing new MixinPlatformAgentMinecraftForge for SecureJarResource(MixinExtras)
[27Apr2026 18:54:54.065] [main/DEBUG] [mixin/]: MixinPlatformAgentMinecraftForge rejected container SecureJarResource(MixinExtras)
[27Apr2026 18:54:54.065] [main/DEBUG] [mixin/]: Instancing new MixinPlatformAgentDefault for SecureJarResource(MixinExtras)
[27Apr2026 18:54:54.065] [main/DEBUG] [mixin/]: MixinPlatformAgentDefault accepted container SecureJarResource(MixinExtras)
[27Apr2026 18:54:54.065] [main/DEBUG] [mixin/]: Processing prepare() for PlatformAgent[MixinPlatformAgentDefault:SecureJarResource(MixinExtras)]
[27Apr2026 18:54:54.065] [main/DEBUG] [mixin/]: inject() running with 89 agents
[27Apr2026 18:54:54.065] [main/DEBUG] [mixin/]: Processing inject() for PlatformAgent[MixinPlatformAgentDefault:ModLauncher Root Container(ModLauncher:4f56a0a2)]
[27Apr2026 18:54:54.065] [main/DEBUG] [mixin/]: Processing inject() for PlatformAgent[MixinPlatformAgentDefault:SecureJarResource(treechop)]
[27Apr2026 18:54:54.065] [main/DEBUG] [mixin/]: Processing inject() for PlatformAgent[MixinPlatformAgentDefault:SecureJarResource(radium)]
[27Apr2026 18:54:54.065] [main/DEBUG] [mixin/]: Processing inject() for PlatformAgent[MixinPlatformAgentDefault:SecureJarResource(mowziesmobs)]
[27Apr2026 18:54:54.065] [main/DEBUG] [mixin/]: Processing inject() for PlatformAgent[MixinPlatformAgentDefault:SecureJarResource(kuma_api)]
[27Apr2026 18:54:54.065] [main/DEBUG] [mixin/]: Processing inject() for PlatformAgent[MixinPlatformAgentDefault:SecureJarResource(ftbessentials)]
[27Apr2026 18:54:54.065] [main/DEBUG] [mixin/]: Processing inject() for PlatformAgent[MixinPlatformAgentDefault:SecureJarResource(fastload)]
[27Apr2026 18:54:54.065] [main/DEBUG] [mixin/]: Processing inject() for PlatformAgent[MixinPlatformAgentDefault:SecureJarResource(tameablebeasts)]
[27Apr2026 18:54:54.065] [main/DEBUG] [mixin/]: Processing inject() for PlatformAgent[MixinPlatformAgentDefault:SecureJarResource(geckolib)]
[27Apr2026 18:54:54.065] [main/DEBUG] [mixin/]: Processing inject() for PlatformAgent[MixinPlatformAgentDefault:SecureJarResource(playeranimator)]
[27Apr2026 18:54:54.065] [main/DEBUG] [mixin/]: Processing inject() for PlatformAgent[MixinPlatformAgentDefault:SecureJarResource(treeharvester)]
[27Apr2026 18:54:54.065] [main/DEBUG] [mixin/]: Processing inject() for PlatformAgent[MixinPlatformAgentDefault:SecureJarResource(hamsters)]
[27Apr2026 18:54:54.065] [main/DEBUG] [mixin/]: Processing inject() for PlatformAgent[MixinPlatformAgentDefault:SecureJarResource(libraryferret)]
[27Apr2026 18:54:54.065] [main/DEBUG] [mixin/]: Processing inject() for PlatformAgent[MixinPlatformAgentDefault:SecureJarResource(goblintraders)]
[27Apr2026 18:54:54.065] [main/DEBUG] [mixin/]: Processing inject() for PlatformAgent[MixinPlatformAgentDefault:SecureJarResource(connectivity)]
[27Apr2026 18:54:54.065] [main/DEBUG] [mixin/]: Processing inject() for PlatformAgent[MixinPlatformAgentDefault:SecureJarResource(dynamiclights)]
[27Apr2026 18:54:54.065] [main/DEBUG] [mixin/]: Processing inject() for PlatformAgent[MixinPlatformAgentDefault:SecureJarResource(immersive_aircraft)]
[27Apr2026 18:54:54.065] [main/DEBUG] [mixin/]: Processing inject() for PlatformAgent[MixinPlatformAgentDefault:SecureJarResource(waystones)]
[27Apr2026 18:54:54.065] [main/DEBUG] [mixin/]: Processing inject() for PlatformAgent[MixinPlatformAgentDefault:SecureJarResource(xaeroworldmap)]
[27Apr2026 18:54:54.065] [main/DEBUG] [mixin/]: Processing inject() for PlatformAgent[MixinPlatformAgentDefault:SecureJarResource(citadel)]
[27Apr2026 18:54:54.065] [main/DEBUG] [mixin/]: Processing inject() for PlatformAgent[MixinPlatformAgentDefault:SecureJarResource(alexsmobs)]
[27Apr2026 18:54:54.065] [main/DEBUG] [mixin/]: Processing inject() for PlatformAgent[MixinPlatformAgentDefault:SecureJarResource(travelersbackpack)]
[27Apr2026 18:54:54.066] [main/DEBUG] [mixin/]: Processing inject() for PlatformAgent[MixinPlatformAgentDefault:SecureJarResource(artifacts)]
[27Apr2026 18:54:54.066] [main/DEBUG] [mixin/]: Processing inject() for PlatformAgent[MixinPlatformAgentDefault:SecureJarResource(yungsapi)]
[27Apr2026 18:54:54.066] [main/DEBUG] [mixin/]: Processing inject() for PlatformAgent[MixinPlatformAgentDefault:SecureJarResource(mixinextras)]
[27Apr2026 18:54:54.066] [main/DEBUG] [mixin/]: Processing inject() for PlatformAgent[MixinPlatformAgentDefault:SecureJarResource(mr_veinminer)]
[27Apr2026 18:54:54.066] [main/DEBUG] [mixin/]: Processing inject() for PlatformAgent[MixinPlatformAgentDefault:SecureJarResource(royalvariations)]
[27Apr2026 18:54:54.066] [main/DEBUG] [mixin/]: Processing inject() for PlatformAgent[MixinPlatformAgentDefault:SecureJarResource(relics)]
[27Apr2026 18:54:54.066] [main/DEBUG] [mixin/]: Processing inject() for PlatformAgent[MixinPlatformAgentDefault:SecureJarResource(creature_compendium)]
[27Apr2026 18:54:54.066] [main/DEBUG] [mixin/]: Processing inject() for PlatformAgent[MixinPlatformAgentDefault:SecureJarResource(clickadv)]
[27Apr2026 18:54:54.066] [main/DEBUG] [mixin/]: Processing inject() for PlatformAgent[MixinPlatformAgentDefault:SecureJarResource(medieval_buildings)]
[27Apr2026 18:54:54.066] [main/DEBUG] [mixin/]: Processing inject() for PlatformAgent[MixinPlatformAgentDefault:SecureJarResource(iceandfire)]
[27Apr2026 18:54:54.066] [main/DEBUG] [mixin/]: Processing inject() for PlatformAgent[MixinPlatformAgentDefault:SecureJarResource(balm)]
[27Apr2026 18:54:54.066] [main/DEBUG] [mixin/]: Processing inject() for PlatformAgent[MixinPlatformAgentDefault:SecureJarResource(terralith)]
[27Apr2026 18:54:54.066] [main/DEBUG] [mixin/]: Processing inject() for PlatformAgent[MixinPlatformAgentDefault:SecureJarResource(blueprint)]
[27Apr2026 18:54:54.066] [main/DEBUG] [mixin/]: Processing inject() for PlatformAgent[MixinPlatformAgentDefault:SecureJarResource(carryon)]
[27Apr2026 18:54:54.066] [main/DEBUG] [mixin/]: Processing inject() for PlatformAgent[MixinPlatformAgentDefault:SecureJarResource(watut)]
[27Apr2026 18:54:54.066] [main/DEBUG] [mixin/]: Processing inject() for PlatformAgent[MixinPlatformAgentDefault:SecureJarResource(puzzlesaccessapi)]
[27Apr2026 18:54:54.066] [main/DEBUG] [mixin/]: Processing inject() for PlatformAgent[MixinPlatformAgentDefault:SecureJarResource(betterfortresses)]
[27Apr2026 18:54:54.066] [main/DEBUG] [mixin/]: Processing inject() for PlatformAgent[MixinPlatformAgentDefault:SecureJarResource(cloth_config)]
[27Apr2026 18:54:54.066] [main/DEBUG] [mixin/]: Processing inject() for PlatformAgent[MixinPlatformAgentDefault:SecureJarResource(forge)]
[27Apr2026 18:54:54.066] [main/DEBUG] [mixin/]: Processing inject() for PlatformAgent[MixinPlatformAgentDefault:SecureJarResource(twilightforest)]
[27Apr2026 18:54:54.066] [main/DEBUG] [mixin/]: Processing inject() for PlatformAgent[MixinPlatformAgentDefault:SecureJarResource(geophilic)]
[27Apr2026 18:54:54.066] [main/DEBUG] [mixin/]: Processing inject() for PlatformAgent[MixinPlatformAgentDefault:SecureJarResource(corpse)]
[27Apr2026 18:54:54.066] [main/DEBUG] [mixin/]: Processing inject() for PlatformAgent[MixinPlatformAgentDefault:SecureJarResource(minecraft)]
[27Apr2026 18:54:54.066] [main/DEBUG] [mixin/]: Processing inject() for PlatformAgent[MixinPlatformAgentDefault:SecureJarResource(farmersdelight)]
[27Apr2026 18:54:54.066] [main/DEBUG] [mixin/]: Processing inject() for PlatformAgent[MixinPlatformAgentDefault:SecureJarResource(voicechat)]
[27Apr2026 18:54:54.066] [main/DEBUG] [mixin/]: Processing inject() for PlatformAgent[MixinPlatformAgentDefault:SecureJarResource(necronomicon)]
[27Apr2026 18:54:54.066] [main/DEBUG] [mixin/]: Processing inject() for PlatformAgent[MixinPlatformAgentDefault:SecureJarResource(jade)]
[27Apr2026 18:54:54.066] [main/DEBUG] [mixin/]: Processing inject() for PlatformAgent[MixinPlatformAgentDefault:SecureJarResource(another_furniture)]
[27Apr2026 18:54:54.066] [main/DEBUG] [mixin/]: Processing inject() for PlatformAgent[MixinPlatformAgentDefault:SecureJarResource(creativecore)]
[27Apr2026 18:54:54.066] [main/DEBUG] [mixin/]: Processing inject() for PlatformAgent[MixinPlatformAgentDefault:SecureJarResource(spectrelib)]
[27Apr2026 18:54:54.066] [main/DEBUG] [mixin/]: Processing inject() for PlatformAgent[MixinPlatformAgentDefault:SecureJarResource(hangglider)]
[27Apr2026 18:54:54.066] [main/DEBUG] [mixin/]: Processing inject() for PlatformAgent[MixinPlatformAgentDefault:SecureJarResource(curios)]
[27Apr2026 18:54:54.066] [main/DEBUG] [mixin/]: Processing inject() for PlatformAgent[MixinPlatformAgentDefault:SecureJarResource(patchouli)]
[27Apr2026 18:54:54.066] [main/DEBUG] [mixin/]: Processing inject() for PlatformAgent[MixinPlatformAgentDefault:SecureJarResource(xaerominimap)]
[27Apr2026 18:54:54.066] [main/DEBUG] [mixin/]: Processing inject() for PlatformAgent[MixinPlatformAgentDefault:SecureJarResource(collective)]
[27Apr2026 18:54:54.066] [main/DEBUG] [mixin/]: Processing inject() for PlatformAgent[MixinPlatformAgentDefault:SecureJarResource(pet_cemetery)]
[27Apr2026 18:54:54.066] [main/DEBUG] [mixin/]: Processing inject() for PlatformAgent[MixinPlatformAgentDefault:SecureJarResource(moreplayermodels)]
[27Apr2026 18:54:54.066] [main/DEBUG] [mixin/]: Processing inject() for PlatformAgent[MixinPlatformAgentDefault:SecureJarResource(sitmod)]
[27Apr2026 18:54:54.066] [main/DEBUG] [mixin/]: Processing inject() for PlatformAgent[MixinPlatformAgentDefault:SecureJarResource(parcool)]
[27Apr2026 18:54:54.066] [main/DEBUG] [mixin/]: Processing inject() for PlatformAgent[MixinPlatformAgentDefault:SecureJarResource(crittersandcompanions)]
[27Apr2026 18:54:54.066] [main/DEBUG] [mixin/]: Processing inject() for PlatformAgent[MixinPlatformAgentDefault:SecureJarResource(bettervillage)]
[27Apr2026 18:54:54.066] [main/DEBUG] [mixin/]: Processing inject() for PlatformAgent[MixinPlatformAgentDefault:SecureJarResource(coroutil)]
[27Apr2026 18:54:54.066] [main/DEBUG] [mixin/]: Processing inject() for PlatformAgent[MixinPlatformAgentDefault:SecureJarResource(rusticdelight)]
[27Apr2026 18:54:54.066] [main/DEBUG] [mixin/]: Processing inject() for PlatformAgent[MixinPlatformAgentDefault:SecureJarResource(architectury)]
[27Apr2026 18:54:54.066] [main/DEBUG] [mixin/]: Processing inject() for PlatformAgent[MixinPlatformAgentDefault:SecureJarResource(ftblibrary)]
[27Apr2026 18:54:54.066] [main/DEBUG] [mixin/]: Processing inject() for PlatformAgent[MixinPlatformAgentDefault:SecureJarResource(octolib)]
[27Apr2026 18:54:54.066] [main/DEBUG] [mixin/]: Processing inject() for PlatformAgent[MixinPlatformAgentDefault:SecureJarResource(vinery)]
[27Apr2026 18:54:54.066] [main/DEBUG] [mixin/]: Processing inject() for PlatformAgent[MixinPlatformAgentDefault:SecureJarResource(embeddium_extra)]
[27Apr2026 18:54:54.066] [main/DEBUG] [mixin/]: Processing inject() for PlatformAgent[MixinPlatformAgentDefault:SecureJarResource(cupboard)]
[27Apr2026 18:54:54.066] [main/DEBUG] [mixin/]: Processing inject() for PlatformAgent[MixinPlatformAgentDefault:SecureJarResource(refurbished_furniture)]
[27Apr2026 18:54:54.066] [main/DEBUG] [mixin/]: Processing inject() for PlatformAgent[MixinPlatformAgentDefault:SecureJarResource(puzzleslib)]
[27Apr2026 18:54:54.066] [main/DEBUG] [mixin/]: Processing inject() for PlatformAgent[MixinPlatformAgentDefault:SecureJarResource(charmofundying)]
[27Apr2026 18:54:54.066] [main/DEBUG] [mixin/]: Processing inject() for PlatformAgent[MixinPlatformAgentDefault:SecureJarResource(ears)]
[27Apr2026 18:54:54.066] [main/DEBUG] [mixin/]: Processing inject() for PlatformAgent[MixinPlatformAgentDefault:SecureJarResource(mns)]
[27Apr2026 18:54:54.066] [main/DEBUG] [mixin/]: Processing inject() for PlatformAgent[MixinPlatformAgentDefault:SecureJarResource(framework)]
[27Apr2026 18:54:54.066] [main/DEBUG] [mixin/]: Processing inject() for PlatformAgent[MixinPlatformAgentDefault:SecureJarResource(immersive_melodies)]
[27Apr2026 18:54:54.066] [main/DEBUG] [mixin/]: Processing inject() for PlatformAgent[MixinPlatformAgentDefault:SecureJarResource(wings)]
[27Apr2026 18:54:54.066] [main/DEBUG] [mixin/]: Processing inject() for PlatformAgent[MixinPlatformAgentDefault:SecureJarResource(cosmeticarmorreworked)]
[27Apr2026 18:54:54.067] [main/DEBUG] [mixin/]: Processing inject() for PlatformAgent[MixinPlatformAgentDefault:SecureJarResource(expandability)]
[27Apr2026 18:54:54.067] [main/DEBUG] [mixin/]: Processing inject() for PlatformAgent[MixinPlatformAgentDefault:SecureJarResource(moa_decor_electronics)]
[27Apr2026 18:54:54.067] [main/DEBUG] [mixin/]: Processing inject() for PlatformAgent[MixinPlatformAgentDefault:SecureJarResource(playerrevive)]
[27Apr2026 18:54:54.067] [main/DEBUG] [mixin/]: Processing inject() for PlatformAgent[MixinPlatformAgentDefault:SecureJarResource(wwoo_forge)]
[27Apr2026 18:54:54.067] [main/DEBUG] [mixin/]: Processing inject() for PlatformAgent[MixinPlatformAgentDefault:SecureJarResource(mclib)]
[27Apr2026 18:54:54.067] [main/DEBUG] [mixin/]: Processing inject() for PlatformAgent[MixinPlatformAgentDefault:SecureJarResource(NanoLiveConfig)]
[27Apr2026 18:54:54.067] [main/DEBUG] [mixin/]: Processing inject() for PlatformAgent[MixinPlatformAgentDefault:SecureJarResource(org.yaml.snakeyaml)]
[27Apr2026 18:54:54.067] [main/DEBUG] [mixin/]: Processing inject() for PlatformAgent[MixinPlatformAgentDefault:SecureJarResource(MathParser.org.mXparser)]
[27Apr2026 18:54:54.067] [main/DEBUG] [mixin/]: Processing inject() for PlatformAgent[MixinPlatformAgentDefault:SecureJarResource(MixinExtras)]
[27Apr2026 18:54:54.067] [main/INFO] [cpw.mods.modlauncher.LaunchServiceHandler/MODLAUNCHER]: Launching target 'forgeserver' with arguments [nogui]
[27Apr2026 18:54:54.110] [main/DEBUG] [mixin/]: Error cleaning class output directory: .mixin.out
[27Apr2026 18:54:54.112] [main/DEBUG] [mixin/]: Preparing mixins for MixinEnvironment[DEFAULT]
[27Apr2026 18:54:54.112] [main/DEBUG] [mixin/]: Selecting config treechop.mixins.json
[27Apr2026 18:54:54.116] [main/DEBUG] [mixin/]: Selecting config lithium.mixins.json
[27Apr2026 18:54:54.166] [main/INFO] [Radium Config/]: Loaded configuration file for Radium: 125 options available, 0 override(s) found
[27Apr2026 18:54:54.176] [main/DEBUG] [mixin/]: Selecting config mowziesmobs.mixins.json
[27Apr2026 18:54:54.177] [main/DEBUG] [mixin/]: Selecting config kuma_api.mixins.json
[27Apr2026 18:54:54.179] [main/DEBUG] [mixin/]: Selecting config kuma_api.forge.mixins.json
[27Apr2026 18:54:54.180] [main/DEBUG] [mixin/]: Selecting config ftbessentials-common.mixins.json
[27Apr2026 18:54:54.181] [main/DEBUG] [mixin/]: Selecting config fastload.mixins.json
[27Apr2026 18:54:54.183] [main/DEBUG] [mixin/]: Selecting config tameablebeasts.mixins.json
[27Apr2026 18:54:54.184] [main/DEBUG] [mixin/]: Selecting config geckolib.mixins.json
[27Apr2026 18:54:54.186] [main/DEBUG] [mixin/]: Selecting config playerAnimator-common.mixins.json
[27Apr2026 18:54:54.189] [main/DEBUG] [mixin/]: Selecting config treeharvester_forge.mixins.json
[27Apr2026 18:54:54.192] [main/DEBUG] [mixin/]: Selecting config hamsters.mixins.json
[27Apr2026 18:54:54.194] [main/WARN] [mixin/]: Reference map 'hamsters.refmap.json' for hamsters.mixins.json could not be read. If this is a development environment you can ignore this message
[27Apr2026 18:54:54.194] [main/DEBUG] [mixin/]: Selecting config goblintraders.common.mixins.json
[27Apr2026 18:54:54.195] [main/DEBUG] [mixin/]: Selecting config connectivity.mixins.json
[27Apr2026 18:54:54.199] [main/DEBUG] [mixin/]: Selecting config immersive_aircraft.mixins.json
[27Apr2026 18:54:54.201] [main/DEBUG] [mixin/]: Selecting config waystones.mixins.json
[27Apr2026 18:54:54.203] [main/DEBUG] [mixin/]: Selecting config citadel.mixins.json
[27Apr2026 18:54:54.205] [main/DEBUG] [mixin/]: Selecting config mixins.travelersbackpack.json
[27Apr2026 18:54:54.207] [main/DEBUG] [mixin/]: Selecting config mixins.artifacts.common.json
[27Apr2026 18:54:54.208] [main/DEBUG] [mixin/]: Selecting config mixins.artifacts.forge.json
[27Apr2026 18:54:54.210] [main/DEBUG] [mixin/]: Selecting config yungsapi.mixins.json
[27Apr2026 18:54:54.213] [main/DEBUG] [mixin/]: Selecting config yungsapi_forge.mixins.json
[27Apr2026 18:54:54.216] [main/DEBUG] [mixin/]: Selecting config mixinextras.init.mixins.json
[27Apr2026 18:54:54.248] [main/DEBUG] [MixinExtras|Service/]: com.llamalad7.mixinextras.service.MixinExtrasServiceImpl(version=0.4.1) is taking over from null
[27Apr2026 18:54:54.291] [main/DEBUG] [mixin/]: Registering new injector for @Inject with org.spongepowered.asm.mixin.injection.struct.CallbackInjectionInfo
[27Apr2026 18:54:54.292] [main/DEBUG] [mixin/]: Registering new injector for @ModifyArg with org.spongepowered.asm.mixin.injection.struct.ModifyArgInjectionInfo
[27Apr2026 18:54:54.293] [main/DEBUG] [mixin/]: Registering new injector for @ModifyArgs with org.spongepowered.asm.mixin.injection.struct.ModifyArgsInjectionInfo
[27Apr2026 18:54:54.295] [main/DEBUG] [mixin/]: Registering new injector for @Redirect with org.spongepowered.asm.mixin.injection.struct.RedirectInjectionInfo
[27Apr2026 18:54:54.298] [main/DEBUG] [mixin/]: Registering new injector for @ModifyVariable with org.spongepowered.asm.mixin.injection.struct.ModifyVariableInjectionInfo
[27Apr2026 18:54:54.300] [main/DEBUG] [mixin/]: Registering new injector for @ModifyConstant with org.spongepowered.asm.mixin.injection.struct.ModifyConstantInjectionInfo
[27Apr2026 18:54:54.327] [main/DEBUG] [mixin/]: Selecting config relics.mixins.json
[27Apr2026 18:54:54.330] [main/DEBUG] [mixin/]: Selecting config creature_compendium.mixins.json
[27Apr2026 18:54:54.331] [main/DEBUG] [mixin/]: Selecting config clickadv.mixins.json
[27Apr2026 18:54:54.333] [main/DEBUG] [mixin/]: Selecting config mixins.medieval_buildings.json
[27Apr2026 18:54:54.334] [main/DEBUG] [mixin/]: Selecting config iceandfire.mixins.json
[27Apr2026 18:54:54.336] [main/DEBUG] [mixin/]: Selecting config balm.mixins.json
[27Apr2026 18:54:54.338] [main/DEBUG] [mixin/]: Selecting config blueprint.mixins.json
[27Apr2026 18:54:54.340] [main/DEBUG] [mixin/]: Selecting config carryon.mixins.json
[27Apr2026 18:54:54.343] [main/DEBUG] [mixin/]: Selecting config carryon.forge.mixins.json
[27Apr2026 18:54:54.344] [main/DEBUG] [mixin/]: Selecting config watut.mixins.json
[27Apr2026 18:54:54.346] [main/DEBUG] [mixin/]: Selecting config puzzlesaccessapi.common.mixins.json
[27Apr2026 18:54:54.348] [main/WARN] [mixin/]: Reference map 'puzzlesaccessapi.common.refmap.json' for puzzlesaccessapi.common.mixins.json could not be read. If this is a development environment you can ignore this message
[27Apr2026 18:54:54.348] [main/DEBUG] [mixin/]: Selecting config puzzlesaccessapi.forge.mixins.json
[27Apr2026 18:54:54.350] [main/DEBUG] [mixin/]: Selecting config betterfortresses.mixins.json
[27Apr2026 18:54:54.351] [main/DEBUG] [mixin/]: Selecting config betterfortresses_forge.mixins.json
[27Apr2026 18:54:54.353] [main/DEBUG] [mixin/]: Selecting config farmersdelight.mixins.json
[27Apr2026 18:54:54.354] [main/DEBUG] [mixin/]: Selecting config necronomicon-common.mixins.json
[27Apr2026 18:54:54.356] [main/DEBUG] [mixin/]: Selecting config jade.mixins.json
[27Apr2026 18:54:54.357] [main/DEBUG] [mixin/]: Selecting config another_furniture-common.mixins.json
[27Apr2026 18:54:54.358] [main/DEBUG] [mixin/]: Selecting config another_furniture.mixins.json
[27Apr2026 18:54:54.362] [main/DEBUG] [mixin/]: Selecting config creativecore.mixins.json
[27Apr2026 18:54:54.364] [main/DEBUG] [mixin/]: Selecting config creativecore.forge.mixins.json
[27Apr2026 18:54:54.366] [main/DEBUG] [mixin/]: Selecting config hangglider.common.mixins.json
[27Apr2026 18:54:54.368] [main/DEBUG] [mixin/]: Selecting config curios.mixins.json
[27Apr2026 18:54:54.370] [main/DEBUG] [mixin/]: Selecting config patchouli_xplat.mixins.json
[27Apr2026 18:54:54.371] [main/DEBUG] [mixin/]: Selecting config collective_forge.mixins.json
[27Apr2026 18:54:54.373] [main/DEBUG] [mixin/]: Selecting config pet_cemetery.mixins.json
[27Apr2026 18:54:54.374] [main/DEBUG] [mixin/]: Selecting config moreplayermodels.mixins.json
[27Apr2026 18:54:54.376] [main/DEBUG] [mixin/]: Selecting config parcool.mixins.json
[27Apr2026 18:54:54.379] [main/DEBUG] [mixin/]: Selecting config crittersandcompanions.mixins.json
[27Apr2026 18:54:54.380] [main/DEBUG] [mixin/]: Selecting config bettervillage.mixins.json
[27Apr2026 18:54:54.382] [main/DEBUG] [mixin/]: Selecting config coroutil.mixins.json
[27Apr2026 18:54:54.384] [main/WARN] [mixin/]: Reference map 'coroutil.refmap.json' for coroutil.mixins.json could not be read. If this is a development environment you can ignore this message
[27Apr2026 18:54:54.384] [main/DEBUG] [mixin/]: Selecting config architectury.mixins.json
[27Apr2026 18:54:54.387] [main/DEBUG] [mixin/]: Selecting config architectury-common.mixins.json
[27Apr2026 18:54:54.387] [main/DEBUG] [mixin/]: Selecting config ftblibrary-common.mixins.json
[27Apr2026 18:54:54.389] [main/DEBUG] [mixin/]: Selecting config vinery-common.mixins.json
[27Apr2026 18:54:54.390] [main/DEBUG] [mixin/]: Selecting config vinery.mixins.json
[27Apr2026 18:54:54.394] [main/DEBUG] [mixin/]: Selecting config sodium-extra.mixins.json
[27Apr2026 18:54:54.398] [main/INFO] [Embeddium Extra/]: Loaded configuration file for Sodium Extra: 35 options available, 0 override(s) found
[27Apr2026 18:54:54.401] [main/DEBUG] [mixin/]: Selecting config cupboard.mixins.json
[27Apr2026 18:54:54.402] [main/DEBUG] [mixin/]: Selecting config refurbished_furniture.common.mixins.json
[27Apr2026 18:54:54.404] [main/DEBUG] [mixin/]: Selecting config puzzleslib.common.mixins.json
[27Apr2026 18:54:54.426] [main/INFO] [Puzzles Lib/]: Loading 83 mods:
	- alexsmobs 1.22.9
	- another_furniture 1.20.1-3.0.2
	- architectury 9.2.14
	- artifacts 9.5.16
		\-- expandability 9.0.4
	- balm 7.3.18
		\-- kuma_api 20.1.9-SNAPSHOT
	- betterfortresses 1.20-Forge-2.0.6
	- bettervillage 3.3.0
		\-- mixinextras 0.4.1
	- blueprint 7.1.3
	- carryon 2.1.2.7
	- charmofundying 6.5.0+1.20.1
		\-- spectrelib 0.13.15+1.20.1
	- citadel 2.6.1
	- clickadv 1.20.1-3.8
	- cloth_config 11.1.118
	- collective 7.94
	- connectivity 1.20.1-5.6
	- coroutil 1.20.1-1.3.7
	- corpse 1.20.1-1.0.20
	- cosmeticarmorreworked 1.20.1-v1a
	- creativecore 2.12.31
	- creature_compendium 1.3.1
	- crittersandcompanions 2.2.2
	- cupboard 1.20.1-2.7
	- curios 5.12.1+1.20.1
	- dynamiclights 1.8.2+mod
	- ears 1.4.7
	- embeddium_extra 0.5.4.3+mc1.20.1-build.121
	- farmersdelight 1.20.1-1.2.7
	- fastload 3.4.0
	- forge 47.3.7
	- framework 0.8.0
	- ftbessentials 2001.2.4
	- ftblibrary 2001.2.12
	- geckolib 4.7.1.2
	- geophilic 3.4
	- goblintraders 1.9.3
	- hamsters 1.20.1-1.0.3
	- hangglider 8.0.1
	- iceandfire 2.1.13-1.20.1
	- immersive_aircraft 1.2.2+1.20.1
	- immersive_melodies 0.4.0+1.20.1
	- jade 11.11.1+forge
	- libraryferret 4.0.0
	- medieval_buildings 1.1.1
	- minecraft 1.20.1
	- mns 1.0.3-1.20-forge
	- moa_decor_electronics 1.20.1.
	- moreplayermodels 1.20.1.20240409
	- mowziesmobs 1.7.1
	- mr_veinminer 1.1.0
	- necronomicon 1.6.0
	- octolib 0.5.0.1
	- parcool 3.3.1.1
	- patchouli 1.20.1-85-FORGE
	- pet_cemetery 2.0.0
	- playeranimator 1.0.2-rc1+1.20
	- playerrevive 2.0.31
	- puzzleslib 8.1.29
		\-- puzzlesaccessapi 20.1.1
	- radium 0.12.3+git.50c5c33
	- refurbished_furniture 1.0.12
	- relics 0.8.0.9
	- royalvariations 1.0.0
	- rusticdelight 1.4.1
	- sitmod 2.0.1
	- tameablebeasts 6.2
	- terralith 2.5.4
	- travelersbackpack 9.1.33
	- treechop 0.19.0
	- treeharvester 9.1
	- twilightforest 4.3.2508
	- vinery 1.4.39
	- voicechat 1.20.1-2.5.28
	- watut 1.20.1-1.2.3
	- waystones 14.1.11
	- wings 2.1.4
	- wwoo_forge 2.0.0
	- xaerominimap 25.1.0
	- xaeroworldmap 1.39.4
	- yungsapi 1.20-Forge-4.0.6
[27Apr2026 18:54:54.428] [main/DEBUG] [mixin/]: Selecting config puzzleslib.forge.mixins.json
[27Apr2026 18:54:54.431] [main/DEBUG] [mixin/]: Selecting config charmofundying.mixins.json
[27Apr2026 18:54:54.432] [main/DEBUG] [mixin/]: Selecting config ears.mixins.json
[27Apr2026 18:54:54.435] [main/DEBUG] [mixin/]: Selecting config mns-common.mixins.json
[27Apr2026 18:54:54.436] [main/DEBUG] [mixin/]: Selecting config mns-forge.mixins.json
[27Apr2026 18:54:54.438] [main/WARN] [mixin/]: Reference map 'mns-forge-refmap.json' for mns-forge.mixins.json could not be read. If this is a development environment you can ignore this message
[27Apr2026 18:54:54.438] [main/DEBUG] [mixin/]: Selecting config immersive_melodies.mixin.json
[27Apr2026 18:54:54.440] [main/DEBUG] [mixin/]: Selecting config mixins.wings.json
[27Apr2026 18:54:54.441] [main/DEBUG] [mixin/]: Selecting config expandability.mixins.json
[27Apr2026 18:54:54.443] [main/DEBUG] [mixin/]: Selecting config expandability-common.mixins.json
[27Apr2026 18:54:54.445] [main/DEBUG] [mixin/]: Selecting config playerrevive.mixins.json
[27Apr2026 18:54:54.446] [main/DEBUG] [mixin/]: Preparing treechop.mixins.json (3)
[27Apr2026 18:54:54.511] [main/DEBUG] [mixin/]: Preparing lithium.mixins.json (220)
[27Apr2026 18:54:54.706] [main/DEBUG] [net.minecraftforge.coremod.transformer.CoreModBaseTransformer/COREMOD]: Transforming net/minecraft/world/entity/raid/Raid
[27Apr2026 18:54:54.903] [main/DEBUG] [net.minecraftforge.coremod.transformer.CoreModBaseTransformer/COREMOD]: Transforming net/minecraft/server/level/ServerLevel
[27Apr2026 18:54:54.950] [main/DEBUG] [net.minecraftforge.coremod.transformer.CoreModBaseTransformer/COREMOD]: Transforming m_46758_ with desc (Lnet/minecraft/core/BlockPos;)Z
[27Apr2026 18:54:55.015] [main/DEBUG] [net.minecraftforge.coremod.transformer.CoreModBaseTransformer/COREMOD]: Transforming m_46758_ with desc (Lnet/minecraft/core/BlockPos;)Z
[27Apr2026 18:54:55.040] [main/DEBUG] [net.minecraftforge.coremod.transformer.CoreModBaseTransformer/COREMOD]: Transforming net/minecraft/world/entity/LivingEntity
[27Apr2026 18:54:55.125] [main/DEBUG] [net.minecraftforge.coremod.transformer.CoreModBaseTransformer/COREMOD]: Transforming net/minecraft/server/level/ServerPlayer
[27Apr2026 18:54:55.130] [main/DEBUG] [net.minecraftforge.coremod.transformer.CoreModBaseTransformer/COREMOD]: Transforming net/minecraft/server/level/ServerPlayer
[27Apr2026 18:54:55.160] [main/DEBUG] [net.minecraftforge.coremod.transformer.CoreModBaseTransformer/COREMOD]: Transforming m_36170_ with desc (Lnet/minecraft/world/entity/player/PlayerModelPart;)Z
[27Apr2026 18:54:55.161] [main/DEBUG] [net.minecraftforge.coremod.transformer.CoreModBaseTransformer/COREMOD]: Transforming m_36170_ with desc (Lnet/minecraft/world/entity/player/PlayerModelPart;)Z
[27Apr2026 18:54:55.162] [main/DEBUG] [net.minecraftforge.coremod.transformer.CoreModBaseTransformer/COREMOD]: Transforming net/minecraft/world/entity/player/Player
[27Apr2026 18:54:55.224] [main/DEBUG] [net.minecraftforge.coremod.transformer.CoreModBaseTransformer/COREMOD]: Transforming net/minecraft/world/level/chunk/LevelChunk
[27Apr2026 18:54:55.227] [main/DEBUG] [net.minecraftforge.coremod.transformer.CoreModBaseTransformer/COREMOD]: Transforming net/minecraft/world/level/chunk/LevelChunk
[27Apr2026 18:54:55.273] [main/DEBUG] [net.minecraftforge.coremod.transformer.CoreModBaseTransformer/COREMOD]: Transforming m_218868_ with desc ()Ljava/util/OptionalInt;
[27Apr2026 18:54:55.322] [main/DEBUG] [net.minecraftforge.coremod.transformer.CoreModBaseTransformer/COREMOD]: Transforming net/minecraft/world/level/biome/Biome
[27Apr2026 18:54:55.341] [main/DEBUG] [mixin/]: Preparing mowziesmobs.mixins.json (1)
[27Apr2026 18:54:55.344] [main/DEBUG] [mixin/]: Preparing kuma_api.mixins.json (1)
[27Apr2026 18:54:55.344] [main/DEBUG] [mixin/]: Preparing kuma_api.forge.mixins.json (0)
[27Apr2026 18:54:55.344] [main/DEBUG] [mixin/]: Preparing ftbessentials-common.mixins.json (1)
[27Apr2026 18:54:55.347] [main/DEBUG] [net.minecraftforge.coremod.transformer.CoreModBaseTransformer/COREMOD]: Transforming m_11229_ with desc (Lnet/minecraft/server/level/ServerPlayer;Lnet/minecraft/server/level/ServerLevel;)V
[27Apr2026 18:54:55.353] [main/DEBUG] [net.minecraftforge.coremod.transformer.CoreModBaseTransformer/COREMOD]: Transforming m_11229_ with desc (Lnet/minecraft/server/level/ServerPlayer;Lnet/minecraft/server/level/ServerLevel;)V
[27Apr2026 18:54:55.364] [main/DEBUG] [mixin/]: Preparing fastload.mixins.json (7)
[27Apr2026 18:54:55.373] [main/DEBUG] [net.minecraftforge.coremod.transformer.CoreModBaseTransformer/COREMOD]: Transforming net/minecraft/server/MinecraftServer
[27Apr2026 18:54:55.379] [main/DEBUG] [net.minecraftforge.coremod.transformer.CoreModBaseTransformer/COREMOD]: Transforming net/minecraft/server/MinecraftServer
[27Apr2026 18:54:55.400] [main/DEBUG] [mixin/]: Preparing tameablebeasts.mixins.json (2)
[27Apr2026 18:54:55.403] [main/DEBUG] [mixin/]: Preparing geckolib.mixins.json (1)
[27Apr2026 18:54:55.403] [main/DEBUG] [mixin/]: Preparing playerAnimator-common.mixins.json (14)
[27Apr2026 18:54:55.403] [main/DEBUG] [mixin/]: Preparing treeharvester_forge.mixins.json (0)
[27Apr2026 18:54:55.403] [main/DEBUG] [mixin/]: Preparing hamsters.mixins.json (0)
[27Apr2026 18:54:55.403] [main/DEBUG] [mixin/]: Preparing goblintraders.common.mixins.json (5)
[27Apr2026 18:54:55.418] [main/DEBUG] [mixin/]: Preparing connectivity.mixins.json (23)
[27Apr2026 18:54:55.444] [main/DEBUG] [net.minecraftforge.coremod.transformer.CoreModBaseTransformer/COREMOD]: Transforming net/minecraft/server/network/ServerGamePacketListenerImpl
[27Apr2026 18:54:55.488] [main/DEBUG] [mixin/]: Preparing immersive_aircraft.mixins.json (15)
[27Apr2026 18:54:55.493] [main/DEBUG] [net.minecraftforge.coremod.transformer.CoreModBaseTransformer/COREMOD]: Transforming m_36170_ with desc (Lnet/minecraft/world/entity/player/PlayerModelPart;)Z
[27Apr2026 18:54:55.493] [main/DEBUG] [net.minecraftforge.coremod.transformer.CoreModBaseTransformer/COREMOD]: Transforming m_36170_ with desc (Lnet/minecraft/world/entity/player/PlayerModelPart;)Z
[27Apr2026 18:54:55.493] [main/DEBUG] [net.minecraftforge.coremod.transformer.CoreModBaseTransformer/COREMOD]: Transforming net/minecraft/world/entity/player/Player
[27Apr2026 18:54:55.516] [main/DEBUG] [net.minecraftforge.coremod.transformer.CoreModBaseTransformer/COREMOD]: Transforming net/minecraft/server/level/ServerPlayer
[27Apr2026 18:54:55.519] [main/DEBUG] [net.minecraftforge.coremod.transformer.CoreModBaseTransformer/COREMOD]: Transforming net/minecraft/server/level/ServerPlayer
[27Apr2026 18:54:55.534] [main/DEBUG] [mixin/]: Preparing waystones.mixins.json (3)
[27Apr2026 18:54:55.542] [main/DEBUG] [mixin/]: Preparing citadel.mixins.json (15)
[27Apr2026 18:54:55.555] [main/DEBUG] [mixin/]: Preparing mixins.travelersbackpack.json (1)
[27Apr2026 18:54:55.556] [main/DEBUG] [mixin/]: Preparing mixins.artifacts.common.json (21)
[27Apr2026 18:54:55.563] [main/DEBUG] [net.minecraftforge.coremod.transformer.CoreModBaseTransformer/COREMOD]: Transforming net/minecraft/world/level/NaturalSpawner
[27Apr2026 18:54:55.627] [main/DEBUG] [net.minecraftforge.coremod.transformer.CoreModBaseTransformer/COREMOD]: Transforming net/minecraft/world/entity/npc/Villager
[27Apr2026 18:54:55.758] [main/DEBUG] [mixin/]: Preparing mixins.artifacts.forge.json (3)
[27Apr2026 18:54:55.760] [main/DEBUG] [mixin/]: Preparing yungsapi.mixins.json (11)
[27Apr2026 18:54:55.762] [main/DEBUG] [yungsapi/]: Loaded com.yungnickyoung.minecraft.yungsapi.services.ForgePlatformHelper@43094e0c for service interface com.yungnickyoung.minecraft.yungsapi.services.IPlatformHelper
[27Apr2026 18:54:55.764] [main/DEBUG] [yungsapi/]: Loaded com.yungnickyoung.minecraft.yungsapi.services.ForgeAutoRegisterHelper@4d93e5bf for service interface com.yungnickyoung.minecraft.yungsapi.services.IAutoRegisterHelper
[27Apr2026 18:54:55.764] [main/DEBUG] [yungsapi/]: Loaded com.yungnickyoung.minecraft.yungsapi.services.ForgeBlockEntityTypeHelper@3db5195 for service interface com.yungnickyoung.minecraft.yungsapi.services.IBlockEntityTypeHelper
[27Apr2026 18:54:55.765] [main/DEBUG] [yungsapi/]: Loaded com.yungnickyoung.minecraft.yungsapi.services.ForgeParticleTypeHelper@42028589 for service interface com.yungnickyoung.minecraft.yungsapi.services.IParticleTypeHelper
[27Apr2026 18:54:55.773] [main/DEBUG] [mixin/]: Preparing yungsapi_forge.mixins.json (1)
[27Apr2026 18:54:55.773] [main/DEBUG] [mixin/]: Preparing mixinextras.init.mixins.json (0)
[27Apr2026 18:54:55.773] [main/DEBUG] [mixin/]: Preparing relics.mixins.json (15)
[27Apr2026 18:54:55.787] [main/DEBUG] [net.minecraftforge.coremod.transformer.CoreModBaseTransformer/COREMOD]: Transforming m_41435_ with desc (Lnet/minecraft/world/level/Level;Lnet/minecraft/world/entity/player/Player;Lnet/minecraft/world/level/ClipContext$Fluid;)Lnet/minecraft/world/phys/BlockHitResult;
[27Apr2026 18:54:55.796] [main/DEBUG] [net.minecraftforge.coremod.transformer.CoreModBaseTransformer/COREMOD]: Transforming net/minecraft/world/item/ItemStack
[27Apr2026 18:54:55.815] [main/ERROR] [net.minecraftforge.fml.loading.RuntimeDistCleaner/DISTXFORM]: Attempted to load class net/minecraft/client/gui/screens/Screen for invalid dist DEDICATED_SERVER
[27Apr2026 18:54:55.816] [main/WARN] [mixin/]: Error loading class: net/minecraft/client/gui/screens/Screen (java.lang.RuntimeException: Attempted to load class net/minecraft/client/gui/screens/Screen for invalid dist DEDICATED_SERVER)
[27Apr2026 18:54:55.816] [main/WARN] [mixin/]: @Mixin target net.minecraft.client.gui.screens.Screen was not found relics.mixins.json:ScreenMixin
[27Apr2026 18:54:55.817] [main/DEBUG] [mixin/]: Preparing creature_compendium.mixins.json (1)
[27Apr2026 18:54:55.817] [main/DEBUG] [mixin/]: Preparing clickadv.mixins.json (2)
[27Apr2026 18:54:55.819] [main/DEBUG] [mixin/]: Preparing mixins.medieval_buildings.json (1)
[27Apr2026 18:54:55.819] [main/DEBUG] [mixin/]: Preparing iceandfire.mixins.json (2)
[27Apr2026 18:54:55.821] [main/DEBUG] [mixin/]: Preparing balm.mixins.json (17)
[27Apr2026 18:54:55.831] [main/DEBUG] [mixin/]: Preparing blueprint.mixins.json (34)
[27Apr2026 18:54:55.854] [main/DEBUG] [net.minecraftforge.coremod.transformer.CoreModBaseTransformer/COREMOD]: Transforming m_8543_ with desc ()V
[27Apr2026 18:54:55.867] [main/DEBUG] [net.minecraftforge.coremod.transformer.CoreModBaseTransformer/COREMOD]: Transforming m_226857_ with desc (Lnet/minecraft/world/level/levelgen/structure/pieces/StructurePieceSerializationContext;Lnet/minecraft/nbt/CompoundTag;J)Lnet/minecraft/world/level/levelgen/structure/StructureStart;
[27Apr2026 18:54:55.875] [main/DEBUG] [net.minecraftforge.coremod.transformer.CoreModBaseTransformer/COREMOD]: Transforming net/minecraft/world/level/levelgen/structure/templatesystem/StructureTemplate
[27Apr2026 18:54:56.024] [main/DEBUG] [mixin/]: Preparing carryon.mixins.json (5)
[27Apr2026 18:54:56.027] [main/DEBUG] [mixin/]: Preparing carryon.forge.mixins.json (0)
[27Apr2026 18:54:56.027] [main/DEBUG] [mixin/]: Preparing watut.mixins.json (9)
[27Apr2026 18:54:56.028] [main/DEBUG] [mixin/]: Preparing puzzlesaccessapi.common.mixins.json (0)
[27Apr2026 18:54:56.028] [main/DEBUG] [mixin/]: Preparing puzzlesaccessapi.forge.mixins.json (0)
[27Apr2026 18:54:56.028] [main/DEBUG] [mixin/]: Preparing betterfortresses.mixins.json (6)
[27Apr2026 18:54:56.034] [main/DEBUG] [mixin/]: Preparing betterfortresses_forge.mixins.json (0)
[27Apr2026 18:54:56.034] [main/DEBUG] [mixin/]: Preparing farmersdelight.mixins.json (9)
[27Apr2026 18:54:56.041] [main/DEBUG] [mixin/]: Preparing necronomicon-common.mixins.json (2)
[27Apr2026 18:54:56.042] [main/DEBUG] [mixin/]: Preparing jade.mixins.json (3)
[27Apr2026 18:54:56.042] [main/DEBUG] [mixin/]: Preparing another_furniture-common.mixins.json (1)
[27Apr2026 18:54:56.043] [main/DEBUG] [mixin/]: Preparing another_furniture.mixins.json (5)
[27Apr2026 18:54:56.046] [main/DEBUG] [mixin/]: Preparing creativecore.mixins.json (8)
[27Apr2026 18:54:56.052] [main/DEBUG] [mixin/]: Preparing creativecore.forge.mixins.json (3)
[27Apr2026 18:54:56.053] [main/DEBUG] [mixin/]: Preparing hangglider.common.mixins.json (4)
[27Apr2026 18:54:56.054] [main/DEBUG] [mixin/]: Preparing curios.mixins.json (13)
[27Apr2026 18:54:56.062] [main/DEBUG] [mixin/]: Preparing patchouli_xplat.mixins.json (10)
[27Apr2026 18:54:56.063] [main/DEBUG] [mixin/]: Preparing collective_forge.mixins.json (5)
[27Apr2026 18:54:56.066] [main/DEBUG] [mixin/]: Preparing pet_cemetery.mixins.json (2)
[27Apr2026 18:54:56.070] [main/DEBUG] [mixin/]: Preparing moreplayermodels.mixins.json (17)
[27Apr2026 18:54:56.072] [main/DEBUG] [mixin/]: Preparing parcool.mixins.json (6)
[27Apr2026 18:54:56.076] [main/DEBUG] [mixin/]: Preparing crittersandcompanions.mixins.json (13)
[27Apr2026 18:54:56.089] [main/DEBUG] [net.minecraftforge.coremod.transformer.CoreModBaseTransformer/COREMOD]: Transforming net/minecraft/world/entity/monster/Spider
[27Apr2026 18:54:56.121] [main/DEBUG] [mixin/]: Preparing bettervillage.mixins.json (2)
[27Apr2026 18:54:56.123] [main/DEBUG] [mixin/]: Preparing coroutil.mixins.json (0)
[27Apr2026 18:54:56.123] [main/DEBUG] [mixin/]: Preparing architectury.mixins.json (9)
[27Apr2026 18:54:56.128] [main/DEBUG] [mixin/]: Preparing architectury-common.mixins.json (10)
[27Apr2026 18:54:56.130] [main/DEBUG] [net.minecraftforge.coremod.transformer.CoreModBaseTransformer/COREMOD]: Transforming net/minecraft/world/item/BucketItem
[27Apr2026 18:54:56.135] [main/DEBUG] [net.minecraftforge.coremod.transformer.CoreModBaseTransformer/COREMOD]: Transforming net/minecraft/world/entity/EntityType
[27Apr2026 18:54:56.197] [main/DEBUG] [net.minecraftforge.coremod.transformer.CoreModBaseTransformer/COREMOD]: Transforming net/minecraft/world/level/block/LiquidBlock
[27Apr2026 18:54:56.202] [main/DEBUG] [mixin/]: Preparing ftblibrary-common.mixins.json (5)
[27Apr2026 18:54:56.206] [main/DEBUG] [mixin/]: Preparing vinery-common.mixins.json (10)
[27Apr2026 18:54:56.215] [main/DEBUG] [mixin/]: Preparing vinery.mixins.json (4)
[27Apr2026 18:54:56.218] [main/DEBUG] [mixin/]: Preparing sodium-extra.mixins.json (45)
[27Apr2026 18:54:56.218] [main/DEBUG] [mixin/]: Preparing cupboard.mixins.json (5)
[27Apr2026 18:54:56.222] [main/DEBUG] [mixin/]: Preparing refurbished_furniture.common.mixins.json (12)
[27Apr2026 18:54:56.225] [main/DEBUG] [mixin/]: Preparing puzzleslib.common.mixins.json (5)
[27Apr2026 18:54:56.227] [main/DEBUG] [mixin/]: Preparing puzzleslib.forge.mixins.json (13)
[27Apr2026 18:54:56.236] [main/DEBUG] [mixin/]: Preparing charmofundying.mixins.json (1)
[27Apr2026 18:54:56.237] [main/DEBUG] [mixin/]: Preparing ears.mixins.json (3)
[27Apr2026 18:54:56.237] [main/DEBUG] [mixin/]: Preparing mns-common.mixins.json (12)
[27Apr2026 18:54:56.248] [main/DEBUG] [mixin/]: Preparing mns-forge.mixins.json (0)
[27Apr2026 18:54:56.248] [main/DEBUG] [mixin/]: Preparing immersive_melodies.mixin.json (14)
[27Apr2026 18:54:56.259] [main/DEBUG] [mixin/]: Preparing mixins.wings.json (3)
[27Apr2026 18:54:56.262] [main/DEBUG] [net.minecraftforge.coremod.transformer.CoreModBaseTransformer/COREMOD]: Transforming net/minecraftforge/client/ForgeHooksClient
[27Apr2026 18:54:56.269] [main/DEBUG] [mixin/]: Preparing expandability.mixins.json (4)
[27Apr2026 18:54:56.270] [main/DEBUG] [mixin/]: Preparing expandability-common.mixins.json (9)
[27Apr2026 18:54:56.275] [main/DEBUG] [mixin/]: Preparing playerrevive.mixins.json (5)
[27Apr2026 18:54:56.305] [main/DEBUG] [mixin/]: Inner class me/jellysquid/mods/lithium/mixin/ai/poi/SerializingRegionBasedStorageMixin$1 in me/jellysquid/mods/lithium/mixin/ai/poi/SerializingRegionBasedStorageMixin on net/minecraft/world/level/chunk/storage/SectionStorage gets unique name net/minecraft/world/level/chunk/storage/SectionStorage$Anonymous$d59b5ec5d59a4d63b40df3d769784cc6
[27Apr2026 18:54:56.319] [main/DEBUG] [mixin/]: Inner class me/jellysquid/mods/lithium/mixin/chunk/palette/PalettedContainerMixin$2 in me/jellysquid/mods/lithium/mixin/chunk/palette/PalettedContainerMixin on net/minecraft/world/level/chunk/PalettedContainer$Strategy gets unique name net/minecraft/world/level/chunk/PalettedContainer$Strategy$Anonymous$599ad079389a4d379a5b0523256b6bc5
[27Apr2026 18:54:56.319] [main/DEBUG] [mixin/]: Inner class me/jellysquid/mods/lithium/mixin/chunk/palette/PalettedContainerMixin$1 in me/jellysquid/mods/lithium/mixin/chunk/palette/PalettedContainerMixin on net/minecraft/world/level/chunk/PalettedContainer$Strategy gets unique name net/minecraft/world/level/chunk/PalettedContainer$Strategy$Anonymous$63c984f6280e474ea4b0d6008b21e975
[27Apr2026 18:54:56.333] [main/DEBUG] [net.minecraftforge.coremod.transformer.CoreModBaseTransformer/COREMOD]: Transforming m_78311_ with desc ()V
[27Apr2026 18:54:56.340] [main/DEBUG] [net.minecraftforge.coremod.transformer.CoreModBaseTransformer/COREMOD]: Transforming m_78311_ with desc ()V
[27Apr2026 18:54:56.424] [main/DEBUG] [net.minecraftforge.coremod.transformer.CoreModBaseTransformer/COREMOD]: Transforming net/minecraft/world/entity/monster/Zombie
[27Apr2026 18:54:56.491] [main/DEBUG] [mixin/]: Inner class net/satisfy/vinery/forge/mixin/BootsItemMixin$1 in net/satisfy/vinery/forge/mixin/BootsItemMixin on net/satisfy/vinery/core/item/WinemakerBootsItem gets unique name net/satisfy/vinery/core/item/WinemakerBootsItem$Anonymous$e0a6b948d3fe46778271650236e2cf4f
[27Apr2026 18:54:56.492] [main/DEBUG] [mixin/]: Inner class net/satisfy/vinery/forge/mixin/ChestplateItemMixin$1 in net/satisfy/vinery/forge/mixin/ChestplateItemMixin on net/satisfy/vinery/core/item/WinemakerChestItem gets unique name net/satisfy/vinery/core/item/WinemakerChestItem$Anonymous$be4954e91bc848c3a3d4a8b88fab25ad
[27Apr2026 18:54:56.493] [main/DEBUG] [mixin/]: Inner class net/satisfy/vinery/forge/mixin/HelmetItemMixin$1 in net/satisfy/vinery/forge/mixin/HelmetItemMixin on net/satisfy/vinery/core/item/WinemakerHelmetItem gets unique name net/satisfy/vinery/core/item/WinemakerHelmetItem$Anonymous$f97f724dc2a744e185c06bf3e2c07525
[27Apr2026 18:54:56.493] [main/DEBUG] [mixin/]: Inner class net/satisfy/vinery/forge/mixin/LeggingsItemMixin$1 in net/satisfy/vinery/forge/mixin/LeggingsItemMixin on net/satisfy/vinery/core/item/WinemakerLegsItem gets unique name net/satisfy/vinery/core/item/WinemakerLegsItem$Anonymous$5c6f67a2e78c487b861507943b5ccf59
[27Apr2026 18:54:56.507] [main/DEBUG] [mixin/]: Prepared 430 mixins in 2.393 sec (5.6ms avg) (0ms load, 0ms transform, 0ms plugin)
[27Apr2026 18:54:56.517] [main/DEBUG] [net.minecraftforge.coremod.transformer.CoreModBaseTransformer/COREMOD]: Transforming net/minecraft/server/MinecraftServer
[27Apr2026 18:54:56.518] [main/DEBUG] [net.minecraftforge.coremod.transformer.CoreModBaseTransformer/COREMOD]: Transforming net/minecraft/server/MinecraftServer
[27Apr2026 18:54:56.522] [main/INFO] [MixinExtras|Service/]: Initializing MixinExtras via com.llamalad7.mixinextras.service.MixinExtrasServiceImpl(version=0.4.1).
[27Apr2026 18:54:56.523] [main/DEBUG] [mixin/]: Registering new injector for @SugarWrapper with com.llamalad7.mixinextras.sugar.impl.SugarWrapperInjectionInfo
[27Apr2026 18:54:56.523] [main/DEBUG] [mixin/]: Registering new injector for @FactoryRedirectWrapper with com.llamalad7.mixinextras.wrapper.factory.FactoryRedirectWrapperInjectionInfo
[27Apr2026 18:54:56.528] [main/DEBUG] [mixin/]: Mixing server.MinecraftServerMixin from fastload.mixins.json into net.minecraft.server.MinecraftServer
[27Apr2026 18:54:56.550] [main/DEBUG] [mixin/]: Mixing MinecraftServerMixin from citadel.mixins.json into net.minecraft.server.MinecraftServer
[27Apr2026 18:54:56.553] [main/DEBUG] [mixin/]: Mixing MinecraftServerMixin from balm.mixins.json into net.minecraft.server.MinecraftServer
[27Apr2026 18:54:56.553] [main/DEBUG] [mixin/]: Renaming synthetic method lambda$reloadResources$0(Ljava/lang/Void;)V to md43348d$lambda$reloadResources$0$0 in balm.mixins.json:MinecraftServerMixin
[27Apr2026 18:54:56.559] [main/DEBUG] [mixin/]: Mixing MinecraftServerMixin from blueprint.mixins.json into net.minecraft.server.MinecraftServer
[27Apr2026 18:54:56.646] [main/DEBUG] [mixin/]: Mixing GameTestServerMixin from blueprint.mixins.json into net.minecraft.gametest.framework.GameTestServer
[27Apr2026 18:54:56.653] [main/DEBUG] [mixin/]: Mixing DedicatedServerMixin from blueprint.mixins.json into net.minecraft.server.dedicated.DedicatedServer
[27Apr2026 18:54:56.672] [main/DEBUG] [io.netty.util.internal.logging.InternalLoggerFactory/]: Using SLF4J as the default logging framework
[27Apr2026 18:54:56.675] [main/DEBUG] [io.netty.util.ResourceLeakDetector/]: -Dio.netty.leakDetection.level: simple
[27Apr2026 18:54:56.675] [main/DEBUG] [io.netty.util.ResourceLeakDetector/]: -Dio.netty.leakDetection.targetRecords: 4
[27Apr2026 18:54:56.794] [main/DEBUG] [mixin/]: Mixing ResourceLocationMixin from ftblibrary-common.mixins.json into net.minecraft.resources.ResourceLocation
[27Apr2026 18:54:56.794] [main/DEBUG] [mixin/]: ftblibrary-common.mixins.json:ResourceLocationMixin: Class version 61 required is higher than the class version supported by the current version of Mixin (JAVA_8 supports class version 52)
[27Apr2026 18:54:56.808] [main/DEBUG] [mixin/]: Mixing ResourceLocationExceptionMixin from connectivity.mixins.json into net.minecraft.ResourceLocationException
[27Apr2026 18:54:56.860] [main/WARN] [net.minecraft.SystemReport/]: Failed retrieving info for group hardware
java.lang.NoClassDefFoundError: com/sun/jna/Platform
	at oshi.SystemInfo.<clinit>(SystemInfo.java:60) ~[oshi-core-6.2.2.jar%2369!/:6.2.2]
	at net.minecraft.SystemReport.m_143564_(SystemReport.java:52) ~[server-1.20.1-20230612.114412-srg.jar%23249!/:?]
	at net.minecraft.SystemReport.m_143516_(SystemReport.java:82) ~[server-1.20.1-20230612.114412-srg.jar%23249!/:?]
	at net.minecraft.SystemReport.<init>(SystemReport.java:52) ~[server-1.20.1-20230612.114412-srg.jar%23249!/:?]
	at net.minecraft.CrashReport.<init>(CrashReport.java:31) ~[server-1.20.1-20230612.114412-srg.jar%23249!/:?]
	at net.minecraft.CrashReport.m_127529_(CrashReport.java:216) ~[server-1.20.1-20230612.114412-srg.jar%23249!/:?]
	at net.minecraft.server.Main.main(Main.java:116) ~[server-1.20.1-20230612.114412-srg.jar%23249!/:?]
	at jdk.internal.reflect.NativeMethodAccessorImpl.invoke0(Native Method) ~[?:?]
	at jdk.internal.reflect.NativeMethodAccessorImpl.invoke(NativeMethodAccessorImpl.java:77) ~[?:?]
	at jdk.internal.reflect.DelegatingMethodAccessorImpl.invoke(DelegatingMethodAccessorImpl.java:43) ~[?:?]
	at java.lang.reflect.Method.invoke(Method.java:569) ~[?:?]
	at net.minecraftforge.fml.loading.targets.CommonLaunchHandler.runTarget(CommonLaunchHandler.java:111) ~[fmlloader-1.20.1-47.3.7.jar%2367!/:?]
	at net.minecraftforge.fml.loading.targets.CommonLaunchHandler.serverService(CommonLaunchHandler.java:103) ~[fmlloader-1.20.1-47.3.7.jar%2367!/:?]
	at net.minecraftforge.fml.loading.targets.CommonServerLaunchHandler.lambda$makeService$0(CommonServerLaunchHandler.java:27) ~[fmlloader-1.20.1-47.3.7.jar%2367!/:?]
	at cpw.mods.modlauncher.LaunchServiceHandlerDecorator.launch(LaunchServiceHandlerDecorator.java:30) ~[modlauncher-10.0.9.jar%2353!/:?]
	at cpw.mods.modlauncher.LaunchServiceHandler.launch(LaunchServiceHandler.java:53) ~[modlauncher-10.0.9.jar%2353!/:?]
	at cpw.mods.modlauncher.LaunchServiceHandler.launch(LaunchServiceHandler.java:71) ~[modlauncher-10.0.9.jar%2353!/:?]
	at cpw.mods.modlauncher.Launcher.run(Launcher.java:108) ~[modlauncher-10.0.9.jar%2353!/:?]
	at cpw.mods.modlauncher.Launcher.main(Launcher.java:78) ~[modlauncher-10.0.9.jar%2353!/:?]
	at cpw.mods.modlauncher.BootstrapLaunchConsumer.accept(BootstrapLaunchConsumer.java:26) ~[modlauncher-10.0.9.jar%2353!/:?]
	at cpw.mods.modlauncher.BootstrapLaunchConsumer.accept(BootstrapLaunchConsumer.java:23) ~[modlauncher-10.0.9.jar%2353!/:?]
	at cpw.mods.bootstraplauncher.BootstrapLauncher.main(BootstrapLauncher.java:141) ~[bootstraplauncher-1.1.2.jar:?]
Caused by: java.lang.ClassNotFoundException: com.sun.jna.Platform
	at jdk.internal.loader.BuiltinClassLoader.loadClass(BuiltinClassLoader.java:641) ~[?:?]
	at java.lang.ClassLoader.loadClass(ClassLoader.java:525) ~[?:?]
	at cpw.mods.cl.ModuleClassLoader.loadClass(ModuleClassLoader.java:137) ~[securejarhandler-2.1.10.jar:?]
	at java.lang.ClassLoader.loadClass(ClassLoader.java:525) ~[?:?]
	... 22 more
[27Apr2026 18:54:56.877] [main/DEBUG] [mixin/]: Mixing math.sine_lut.MixinMathHelper from lithium.mixins.json into net.minecraft.util.Mth
[27Apr2026 18:54:56.877] [main/DEBUG] [mixin/]: lithium.mixins.json:math.sine_lut.MixinMathHelper: Class version 61 required is higher than the class version supported by the current version of Mixin (JAVA_16 supports class version 60)
[27Apr2026 18:54:56.951] [main/DEBUG] [mixin/]: Mixing inject.MixinGameEvent from architectury-common.mixins.json into net.minecraft.world.level.gameevent.GameEvent
[27Apr2026 18:54:56.974] [main/DEBUG] [mixin/]: Mixing accessor.ForgeRegistryForgeAccessor from puzzleslib.forge.mixins.json into net.minecraftforge.registries.ForgeRegistry
[27Apr2026 18:54:56.995] [main/DEBUG] [mixin/]: Mixing ai.pathing.MixinBlock from lithium.mixins.json into net.minecraft.world.level.block.Block
[27Apr2026 18:54:56.997] [main/DEBUG] [mixin/]: lithium.mixins.json:ai.pathing.MixinBlock: Class version 61 required is higher than the class version supported by the current version of Mixin (JAVA_16 supports class version 60)
[27Apr2026 18:54:57.000] [main/DEBUG] [mixin/]: Mixing shapes.blockstate_cache.BlockMixin from lithium.mixins.json into net.minecraft.world.level.block.Block
[27Apr2026 18:54:57.000] [main/DEBUG] [mixin/]: lithium.mixins.json:shapes.blockstate_cache.BlockMixin: Class version 61 required is higher than the class version supported by the current version of Mixin (JAVA_16 supports class version 60)
[27Apr2026 18:54:57.000] [main/DEBUG] [mixin/]: Renaming synthetic method lambda$static$0(Lnet/minecraft/world/phys/shapes/VoxelShape;)Z to md43348d$lambda$static$0$0 in lithium.mixins.json:shapes.blockstate_cache.BlockMixin
[27Apr2026 18:54:57.003] [main/DEBUG] [mixin/]: Mixing BlockMixin from another_furniture-common.mixins.json into net.minecraft.world.level.block.Block
[27Apr2026 18:54:57.005] [main/DEBUG] [mixin/]: Mixing inject.MixinBlock from architectury-common.mixins.json into net.minecraft.world.level.block.Block
[27Apr2026 18:54:57.005] [main/DEBUG] [mixin/]: Mixing BlockMixin from vinery-common.mixins.json into net.minecraft.world.level.block.Block
[27Apr2026 18:54:57.007] [main/DEBUG] [mixin/]: Mixing accessor.BlockAccessor from puzzleslib.common.mixins.json into net.minecraft.world.level.block.Block
[27Apr2026 18:54:57.030] [main/DEBUG] [mixin/]: Mixing math.fast_blockpos.BlockPosMixin from lithium.mixins.json into net.minecraft.core.BlockPos
[27Apr2026 18:54:57.032] [main/DEBUG] [mixin/]: lithium.mixins.json:math.fast_blockpos.BlockPosMixin: Class version 61 required is higher than the class version supported by the current version of Mixin (JAVA_16 supports class version 60)
[27Apr2026 18:54:57.063] [main/DEBUG] [mixin/]: Mixing ai.pathing.AbstractBlockStateMixin from lithium.mixins.json into net.minecraft.world.level.block.state.BlockBehaviour$BlockStateBase
[27Apr2026 18:54:57.063] [main/DEBUG] [mixin/]: lithium.mixins.json:ai.pathing.AbstractBlockStateMixin: Class version 61 required is higher than the class version supported by the current version of Mixin (JAVA_16 supports class version 60)
[27Apr2026 18:54:57.078] [main/DEBUG] [mixin/]: Mixing util.block_tracking.AbstractBlockStateMixin from lithium.mixins.json into net.minecraft.world.level.block.state.BlockBehaviour$BlockStateBase
[27Apr2026 18:54:57.078] [main/DEBUG] [mixin/]: lithium.mixins.json:util.block_tracking.AbstractBlockStateMixin: Class version 61 required is higher than the class version supported by the current version of Mixin (JAVA_16 supports class version 60)
[27Apr2026 18:54:57.082] [main/DEBUG] [mixin/]: Mixing BlockBehaviorUse from watut.mixins.json into net.minecraft.world.level.block.state.BlockBehaviour$BlockStateBase
[27Apr2026 18:54:57.085] [main/DEBUG] [mixin/]: Mixing fluidcollision.BlockStateBaseMixin from expandability-common.mixins.json into net.minecraft.world.level.block.state.BlockBehaviour$BlockStateBase
[27Apr2026 18:54:57.106] [main/DEBUG] [mixin/]: Mixing alloc.blockstate.StateMixin from lithium.mixins.json into net.minecraft.world.level.block.state.StateHolder
[27Apr2026 18:54:57.106] [main/DEBUG] [mixin/]: lithium.mixins.json:alloc.blockstate.StateMixin: Class version 61 required is higher than the class version supported by the current version of Mixin (JAVA_16 supports class version 60)
[27Apr2026 18:54:57.175] [main/DEBUG] [mixin/]: Mixing EntityLoadMixin from cupboard.mixins.json into net.minecraft.world.entity.Entity
[27Apr2026 18:54:57.182] [main/DEBUG] [mixin/]: Mixing entity.collisions.fluid.EntityMixin from lithium.mixins.json into net.minecraft.world.entity.Entity
[27Apr2026 18:54:57.183] [main/DEBUG] [mixin/]: lithium.mixins.json:entity.collisions.fluid.EntityMixin: Class version 61 required is higher than the class version supported by the current version of Mixin (JAVA_16 supports class version 60)
[27Apr2026 18:54:57.202] [main/DEBUG] [mixin/]: Mixing EntityChopSettingsMixin from treechop.mixins.json into net.minecraft.world.entity.Entity
[27Apr2026 18:54:57.206] [main/DEBUG] [mixin/]: Mixing alloc.deep_passengers.EntityMixin from lithium.mixins.json into net.minecraft.world.entity.Entity
[27Apr2026 18:54:57.206] [main/DEBUG] [mixin/]: lithium.mixins.json:alloc.deep_passengers.EntityMixin: Class version 61 required is higher than the class version supported by the current version of Mixin (JAVA_16 supports class version 60)
[27Apr2026 18:54:57.226] [main/DEBUG] [mixin/]: Mixing collections.fluid_submersion.EntityMixin from lithium.mixins.json into net.minecraft.world.entity.Entity
[27Apr2026 18:54:57.227] [main/DEBUG] [mixin/]: lithium.mixins.json:collections.fluid_submersion.EntityMixin: Class version 61 required is higher than the class version supported by the current version of Mixin (JAVA_16 supports class version 60)
[27Apr2026 18:54:57.234] [main/DEBUG] [mixin/]: Mixing entity.collisions.movement.EntityMixin from lithium.mixins.json into net.minecraft.world.entity.Entity
[27Apr2026 18:54:57.235] [main/DEBUG] [mixin/]: lithium.mixins.json:entity.collisions.movement.EntityMixin: Class version 61 required is higher than the class version supported by the current version of Mixin (JAVA_16 supports class version 60)
[27Apr2026 18:54:57.253] [main/DEBUG] [mixin/]: Mixing entity.collisions.unpushable_cramming.EntityMixin from lithium.mixins.json into net.minecraft.world.entity.Entity
[27Apr2026 18:54:57.253] [main/DEBUG] [mixin/]: lithium.mixins.json:entity.collisions.unpushable_cramming.EntityMixin: Class version 61 required is higher than the class version supported by the current version of Mixin (JAVA_16 supports class version 60)
[27Apr2026 18:54:57.255] [main/DEBUG] [mixin/]: Mixing item.umbrella.EntityMixin from mixins.artifacts.common.json into net.minecraft.world.entity.Entity
[27Apr2026 18:54:57.256] [main/DEBUG] [mixin/]: Mixing item.wearable.aquadashers.EntityMixin from mixins.artifacts.common.json into net.minecraft.world.entity.Entity
[27Apr2026 18:54:57.268] [main/DEBUG] [mixin/]: Mixing EntityMixin from relics.mixins.json into net.minecraft.world.entity.Entity
[27Apr2026 18:54:57.268] [main/DEBUG] [mixin/]: relics.mixins.json:EntityMixin: Class version 61 required is higher than the class version supported by the current version of Mixin (JAVA_8 supports class version 52)
[27Apr2026 18:54:57.284] [main/DEBUG] [mixin/]: Mixing EntityMixin from balm.mixins.json into net.minecraft.world.entity.Entity
[27Apr2026 18:54:57.288] [main/DEBUG] [mixin/]: Mixing EntityMixin from blueprint.mixins.json into net.minecraft.world.entity.Entity
[27Apr2026 18:54:57.290] [main/DEBUG] [mixin/]: Renaming synthetic method lambda$read$1(Lnet/minecraft/nbt/Tag;)V to md43348d$lambda$read$1$0 in blueprint.mixins.json:EntityMixin
[27Apr2026 18:54:57.290] [main/DEBUG] [mixin/]: Renaming synthetic method lambda$writeTrackedData$0(Lnet/minecraft/nbt/ListTag;Lcom/teamabnormals/blueprint/common/world/storage/tracking/TrackedData;Lcom/teamabnormals/blueprint/common/world/storage/tracking/IDataManager$DataEntry;)V to md43348d$lambda$writeTrackedData$0$1 in blueprint.mixins.json:EntityMixin
[27Apr2026 18:54:57.310] [main/DEBUG] [mixin/]: Mixing EntityMixin from carryon.mixins.json into net.minecraft.world.entity.Entity
[27Apr2026 18:54:57.321] [main/DEBUG] [mixin/]: Mixing AccessorEntity from curios.mixins.json into net.minecraft.world.entity.Entity
[27Apr2026 18:54:57.322] [main/DEBUG] [mixin/]: Mixing EntityMixin from moreplayermodels.mixins.json into net.minecraft.world.entity.Entity
[27Apr2026 18:54:57.322] [main/DEBUG] [mixin/]: moreplayermodels.mixins.json:EntityMixin: Class version 61 required is higher than the class version supported by the current version of Mixin (JAVA_8 supports class version 52)
[27Apr2026 18:54:57.322] [main/DEBUG] [mixin/]: Mixing EntityAccessor from crittersandcompanions.mixins.json into net.minecraft.world.entity.Entity
[27Apr2026 18:54:57.322] [main/DEBUG] [mixin/]: Mixing EntityAccessor from refurbished_furniture.common.mixins.json into net.minecraft.world.entity.Entity
[27Apr2026 18:54:57.323] [main/DEBUG] [mixin/]: Mixing EntityMixin from refurbished_furniture.common.mixins.json into net.minecraft.world.entity.Entity
[27Apr2026 18:54:57.327] [main/DEBUG] [mixin/]: Mixing EntityHooks from mixins.wings.json into net.minecraft.world.entity.Entity
[27Apr2026 18:54:57.328] [main/DEBUG] [mixin/]: Mixing swimming.EntityMixin from expandability.mixins.json into net.minecraft.world.entity.Entity
[27Apr2026 18:54:57.332] [main/DEBUG] [mixin/]: Mixing swimming.EntityMixin from expandability-common.mixins.json into net.minecraft.world.entity.Entity
[27Apr2026 18:54:57.521] [main/DEBUG] [net.minecraftforge.coremod.transformer.CoreModBaseTransformer/COREMOD]: Transforming net/minecraft/world/entity/LivingEntity
[27Apr2026 18:54:57.527] [main/DEBUG] [mixin/]: Mixing alloc.enum_values.living_entity.LivingEntityMixin from lithium.mixins.json into net.minecraft.world.entity.LivingEntity
[27Apr2026 18:54:57.527] [main/DEBUG] [mixin/]: lithium.mixins.json:alloc.enum_values.living_entity.LivingEntityMixin: Class version 61 required is higher than the class version supported by the current version of Mixin (JAVA_16 supports class version 60)
[27Apr2026 18:54:57.528] [main/DEBUG] [mixin/]: Mixing entity.collisions.unpushable_cramming.LivingEntityMixin from lithium.mixins.json into net.minecraft.world.entity.LivingEntity
[27Apr2026 18:54:57.528] [main/DEBUG] [mixin/]: lithium.mixins.json:entity.collisions.unpushable_cramming.LivingEntityMixin: Class version 61 required is higher than the class version supported by the current version of Mixin (JAVA_16 supports class version 60)
[27Apr2026 18:54:57.533] [main/DEBUG] [mixin/]: Mixing entity.fast_elytra_check.LivingEntityMixin from lithium.mixins.json into net.minecraft.world.entity.LivingEntity
[27Apr2026 18:54:57.534] [main/DEBUG] [mixin/]: lithium.mixins.json:entity.fast_elytra_check.LivingEntityMixin: Class version 61 required is higher than the class version supported by the current version of Mixin (JAVA_16 supports class version 60)
[27Apr2026 18:54:57.534] [main/DEBUG] [mixin/]: Mixing entity.fast_hand_swing.LivingEntityMixin from lithium.mixins.json into net.minecraft.world.entity.LivingEntity
[27Apr2026 18:54:57.534] [main/DEBUG] [mixin/]: lithium.mixins.json:entity.fast_hand_swing.LivingEntityMixin: Class version 61 required is higher than the class version supported by the current version of Mixin (JAVA_16 supports class version 60)
[27Apr2026 18:54:57.535] [main/DEBUG] [mixin/]: Mixing entity.fast_powder_snow_check.LivingEntityMixin from lithium.mixins.json into net.minecraft.world.entity.LivingEntity
[27Apr2026 18:54:57.535] [main/DEBUG] [mixin/]: lithium.mixins.json:entity.fast_powder_snow_check.LivingEntityMixin: Class version 61 required is higher than the class version supported by the current version of Mixin (JAVA_16 supports class version 60)
[27Apr2026 18:54:57.536] [main/DEBUG] [mixin/]: Mixing entity.skip_equipment_change_check.LivingEntityMixin from lithium.mixins.json into net.minecraft.world.entity.LivingEntity
[27Apr2026 18:54:57.537] [main/DEBUG] [mixin/]: lithium.mixins.json:entity.skip_equipment_change_check.LivingEntityMixin: Class version 61 required is higher than the class version supported by the current version of Mixin (JAVA_16 supports class version 60)
[27Apr2026 18:54:57.537] [main/DEBUG] [mixin/]: Renaming synthetic method lambda$static$0(Lnet/minecraft/world/item/ItemStack;)Z to md43348d$lambda$static$0$0 in lithium.mixins.json:entity.skip_equipment_change_check.LivingEntityMixin
[27Apr2026 18:54:57.549] [main/DEBUG] [mixin/]: Mixing LivingEntityMixin from citadel.mixins.json into net.minecraft.world.entity.LivingEntity
[27Apr2026 18:54:57.552] [main/DEBUG] [mixin/]: Mixing accessors.LivingEntityAccessor from mixins.artifacts.common.json into net.minecraft.world.entity.LivingEntity
[27Apr2026 18:54:57.553] [main/DEBUG] [mixin/]: Mixing item.hurtsound.LivingEntityMixin from mixins.artifacts.common.json into net.minecraft.world.entity.LivingEntity
[27Apr2026 18:54:57.554] [main/DEBUG] [mixin/]: Mixing item.wearable.chorustotem.LivingEntityMixin from mixins.artifacts.common.json into net.minecraft.world.entity.LivingEntity
[27Apr2026 18:54:57.574] [main/DEBUG] [mixin/]: Mixing item.wearable.snowshoes.LivingEntityMixin from mixins.artifacts.forge.json into net.minecraft.world.entity.LivingEntity
[27Apr2026 18:54:57.577] [main/DEBUG] [mixin/]: Mixing LivingEntityMixin from relics.mixins.json into net.minecraft.world.entity.LivingEntity
[27Apr2026 18:54:57.577] [main/DEBUG] [mixin/]: relics.mixins.json:LivingEntityMixin: Class version 61 required is higher than the class version supported by the current version of Mixin (JAVA_8 supports class version 52)
[27Apr2026 18:54:57.580] [main/DEBUG] [mixin/]: Mixing MixinLivingEntity from curios.mixins.json into net.minecraft.world.entity.LivingEntity
[27Apr2026 18:54:57.582] [main/DEBUG] [mixin/]: Mixing LivingEntityMixin from moreplayermodels.mixins.json into net.minecraft.world.entity.LivingEntity
[27Apr2026 18:54:57.582] [main/DEBUG] [mixin/]: moreplayermodels.mixins.json:LivingEntityMixin: Class version 61 required is higher than the class version supported by the current version of Mixin (JAVA_8 supports class version 52)
[27Apr2026 18:54:57.583] [main/DEBUG] [mixin/]: Mixing common.LivingEntityMixin from parcool.mixins.json into net.minecraft.world.entity.LivingEntity
[27Apr2026 18:54:57.583] [main/DEBUG] [mixin/]: parcool.mixins.json:common.LivingEntityMixin: Class version 61 required is higher than the class version supported by the current version of Mixin (JAVA_8 supports class version 52)
[27Apr2026 18:54:57.602] [main/DEBUG] [mixin/]: Mixing LivingEntityMixin from crittersandcompanions.mixins.json into net.minecraft.world.entity.LivingEntity
[27Apr2026 18:54:57.603] [main/DEBUG] [mixin/]: Renaming synthetic method lambda$onTick$0(Lnet/minecraft/world/entity/LivingEntity;)Z to md43348d$lambda$onTick$0$1 in crittersandcompanions.mixins.json:LivingEntityMixin
[27Apr2026 18:54:57.644] [main/DEBUG] [mixin/]: Mixing LivingEntityMixin from vinery-common.mixins.json into net.minecraft.world.entity.LivingEntity
[27Apr2026 18:54:57.650] [main/DEBUG] [net.minecraftforge.coremod.transformer.CoreModBaseTransformer/COREMOD]: Transforming net/minecraft/world/effect/MobEffectInstance
[27Apr2026 18:54:57.659] [main/DEBUG] [mixin/]: Mixing LivingEntityMixin from refurbished_furniture.common.mixins.json into net.minecraft.world.entity.LivingEntity
[27Apr2026 18:54:57.661] [main/DEBUG] [mixin/]: Mixing MixinLivingEntity from charmofundying.mixins.json into net.minecraft.world.entity.LivingEntity
[27Apr2026 18:54:57.664] [main/DEBUG] [mixin/]: Mixing swimming.LivingEntityMixin from expandability.mixins.json into net.minecraft.world.entity.LivingEntity
[27Apr2026 18:54:57.665] [main/DEBUG] [mixin/]: Mixing swimming.LivingEntityMixin from expandability-common.mixins.json into net.minecraft.world.entity.LivingEntity
[27Apr2026 18:54:57.772] [main/WARN] [mixin/]: @Inject(@At("INVOKE")) Shift.BY=1 on crittersandcompanions.mixins.json:LivingEntityMixin::handler$zol000$onDie exceeds the maximum allowed value: 0. Increase the value of maxShiftBy to suppress this warning.
[27Apr2026 18:54:57.840] [main/DEBUG] [net.minecraftforge.coremod.transformer.CoreModBaseTransformer/COREMOD]: Transforming m_46758_ with desc (Lnet/minecraft/core/BlockPos;)Z
[27Apr2026 18:54:57.843] [main/DEBUG] [mixin/]: Mixing alloc.chunk_random.WorldMixin from lithium.mixins.json into net.minecraft.world.level.Level
[27Apr2026 18:54:57.844] [main/DEBUG] [mixin/]: lithium.mixins.json:alloc.chunk_random.WorldMixin: Class version 61 required is higher than the class version supported by the current version of Mixin (JAVA_16 supports class version 60)
[27Apr2026 18:54:57.845] [main/DEBUG] [mixin/]: Mixing entity.collisions.intersection.WorldMixin from lithium.mixins.json into net.minecraft.world.level.Level
[27Apr2026 18:54:57.845] [main/DEBUG] [mixin/]: lithium.mixins.json:entity.collisions.intersection.WorldMixin: Class version 61 required is higher than the class version supported by the current version of Mixin (JAVA_16 supports class version 60)
[27Apr2026 18:54:57.848] [main/DEBUG] [mixin/]: Mixing util.block_entity_retrieval.WorldMixin from lithium.mixins.json into net.minecraft.world.level.Level
[27Apr2026 18:54:57.849] [main/DEBUG] [mixin/]: lithium.mixins.json:util.block_entity_retrieval.WorldMixin: Class version 61 required is higher than the class version supported by the current version of Mixin (JAVA_16 supports class version 60)
[27Apr2026 18:54:57.855] [main/DEBUG] [mixin/]: Mixing util.block_tracking.block_listening.WorldMixin from lithium.mixins.json into net.minecraft.world.level.Level
[27Apr2026 18:54:57.856] [main/DEBUG] [mixin/]: lithium.mixins.json:util.block_tracking.block_listening.WorldMixin: Class version 61 required is higher than the class version supported by the current version of Mixin (JAVA_16 supports class version 60)
[27Apr2026 18:54:57.857] [main/DEBUG] [mixin/]: Mixing world.chunk_access.WorldMixin from lithium.mixins.json into net.minecraft.world.level.Level
[27Apr2026 18:54:57.858] [main/DEBUG] [mixin/]: lithium.mixins.json:world.chunk_access.WorldMixin: Class version 61 required is higher than the class version supported by the current version of Mixin (JAVA_16 supports class version 60)
[27Apr2026 18:54:57.859] [main/DEBUG] [mixin/]: Mixing world.inline_block_access.WorldMixin from lithium.mixins.json into net.minecraft.world.level.Level
[27Apr2026 18:54:57.859] [main/DEBUG] [mixin/]: lithium.mixins.json:world.inline_block_access.WorldMixin: Class version 61 required is higher than the class version supported by the current version of Mixin (JAVA_16 supports class version 60)
[27Apr2026 18:54:57.862] [main/DEBUG] [mixin/]: Mixing world.inline_height.WorldMixin from lithium.mixins.json into net.minecraft.world.level.Level
[27Apr2026 18:54:57.862] [main/DEBUG] [mixin/]: lithium.mixins.json:world.inline_height.WorldMixin: Class version 61 required is higher than the class version supported by the current version of Mixin (JAVA_16 supports class version 60)
[27Apr2026 18:54:57.867] [main/DEBUG] [mixin/]: Mixing LevelMixin from citadel.mixins.json into net.minecraft.world.level.Level
[27Apr2026 18:54:57.870] [main/DEBUG] [mixin/]: Mixing LevelMixin from refurbished_furniture.common.mixins.json into net.minecraft.world.level.Level
[27Apr2026 18:54:57.901] [main/DEBUG] [mixin/]: Mixing util.chunk_access.WorldViewMixin from lithium.mixins.json into net.minecraft.world.level.LevelReader
[27Apr2026 18:54:57.901] [main/DEBUG] [mixin/]: lithium.mixins.json:util.chunk_access.WorldViewMixin: Class version 61 required is higher than the class version supported by the current version of Mixin (JAVA_16 supports class version 60)
[27Apr2026 18:54:57.915] [main/DEBUG] [net.minecraftforge.coremod.transformer.CoreModBaseTransformer/COREMOD]: Transforming net/minecraft/server/level/ServerLevel
[27Apr2026 18:54:57.916] [main/DEBUG] [mixin/]: Mixing ServerAddEntityMixin from cupboard.mixins.json into net.minecraft.server.level.ServerLevel
[27Apr2026 18:54:57.926] [main/DEBUG] [mixin/]: Mixing ServerWorldMixin from immersive_melodies.mixin.json into net.minecraft.server.level.ServerLevel
[27Apr2026 18:54:57.926] [main/DEBUG] [mixin/]: Renaming synthetic method lambda$immersiveMelodies$tick$0(Lnet/minecraft/world/entity/Entity;Lnet/minecraft/world/item/ItemStack;)V to md43348d$lambda$immersiveMelodies$tick$0$0 in immersive_melodies.mixin.json:ServerWorldMixin
[27Apr2026 18:54:57.929] [main/DEBUG] [mixin/]: Mixing alloc.chunk_random.ServerWorldMixin from lithium.mixins.json into net.minecraft.server.level.ServerLevel
[27Apr2026 18:54:57.929] [main/DEBUG] [mixin/]: lithium.mixins.json:alloc.chunk_random.ServerWorldMixin: Class version 61 required is higher than the class version supported by the current version of Mixin (JAVA_16 supports class version 60)
[27Apr2026 18:54:57.930] [main/DEBUG] [mixin/]: Mixing chunk.entity_class_groups.ServerWorldAccessor from lithium.mixins.json into net.minecraft.server.level.ServerLevel
[27Apr2026 18:54:57.930] [main/DEBUG] [mixin/]: lithium.mixins.json:chunk.entity_class_groups.ServerWorldAccessor: Class version 61 required is higher than the class version supported by the current version of Mixin (JAVA_16 supports class version 60)
[27Apr2026 18:54:57.930] [main/DEBUG] [mixin/]: Mixing entity.inactive_navigations.ServerWorldMixin from lithium.mixins.json into net.minecraft.server.level.ServerLevel
[27Apr2026 18:54:57.930] [main/DEBUG] [mixin/]: lithium.mixins.json:entity.inactive_navigations.ServerWorldMixin: Class version 61 required is higher than the class version supported by the current version of Mixin (JAVA_16 supports class version 60)
[27Apr2026 18:54:57.938] [main/DEBUG] [mixin/]: Mixing profiler.ServerWorldMixin from lithium.mixins.json into net.minecraft.server.level.ServerLevel
[27Apr2026 18:54:57.938] [main/DEBUG] [mixin/]: lithium.mixins.json:profiler.ServerWorldMixin: Class version 61 required is higher than the class version supported by the current version of Mixin (JAVA_16 supports class version 60)
[27Apr2026 18:54:57.939] [main/DEBUG] [mixin/]: Mixing util.entity_movement_tracking.ServerWorldAccessor from lithium.mixins.json into net.minecraft.server.level.ServerLevel
[27Apr2026 18:54:57.939] [main/DEBUG] [mixin/]: lithium.mixins.json:util.entity_movement_tracking.ServerWorldAccessor: Class version 61 required is higher than the class version supported by the current version of Mixin (JAVA_16 supports class version 60)
[27Apr2026 18:54:57.939] [main/DEBUG] [mixin/]: Mixing ServerLevelMixin from citadel.mixins.json into net.minecraft.server.level.ServerLevel
[27Apr2026 18:54:57.941] [main/DEBUG] [mixin/]: Mixing ServerLevelMixin from blueprint.mixins.json into net.minecraft.server.level.ServerLevel
[27Apr2026 18:54:57.943] [main/DEBUG] [mixin/]: Mixing ServerLevelMixin from refurbished_furniture.common.mixins.json into net.minecraft.server.level.ServerLevel
[27Apr2026 18:54:57.971] [main/DEBUG] [mixin/]: Unexpected: Registered method getEntityManager()Lnet/minecraft/world/level/entity/PersistentEntitySectionManager; in net.minecraft.server.level.ServerLevel was not merged
[27Apr2026 18:54:57.991] [main/DEBUG] [net.minecraftforge.coremod.transformer.CoreModBaseTransformer/COREMOD]: Transforming m_36170_ with desc (Lnet/minecraft/world/entity/player/PlayerModelPart;)Z
[27Apr2026 18:54:57.991] [main/DEBUG] [net.minecraftforge.coremod.transformer.CoreModBaseTransformer/COREMOD]: Transforming m_36170_ with desc (Lnet/minecraft/world/entity/player/PlayerModelPart;)Z
[27Apr2026 18:54:57.991] [main/DEBUG] [net.minecraftforge.coremod.transformer.CoreModBaseTransformer/COREMOD]: Transforming net/minecraft/world/entity/player/Player
[27Apr2026 18:54:57.993] [main/DEBUG] [mixin/]: Mixing PlayerMixin from mixins.travelersbackpack.json into net.minecraft.world.entity.player.Player
[27Apr2026 18:54:58.001] [main/DEBUG] [mixin/]: Mixing PlayerMixins from creature_compendium.mixins.json into net.minecraft.world.entity.player.Player
[27Apr2026 18:54:58.005] [main/DEBUG] [mixin/]: Renaming synthetic method lambda$getPosIdleForHand$1(ZLcom/TBK/creature_compendium/server/entity/unseen_grasp/UnseenHandEntity;)Z to md43348d$lambda$getPosIdleForHand$1$0 in creature_compendium.mixins.json:PlayerMixins
[27Apr2026 18:54:58.005] [main/DEBUG] [mixin/]: Renaming synthetic method lambda$getPosIdleForHand$0(ZLcom/TBK/creature_compendium/server/entity/unseen_grasp/UnseenHandEntity;)Z to md43348d$lambda$getPosIdleForHand$0$1 in creature_compendium.mixins.json:PlayerMixins
[27Apr2026 18:54:58.018] [main/DEBUG] [mixin/]: Mixing PlayerMixin from carryon.mixins.json into net.minecraft.world.entity.player.Player
[27Apr2026 18:54:58.019] [main/DEBUG] [mixin/]: Mixing PlayerMixin from hangglider.common.mixins.json into net.minecraft.world.entity.player.Player
[27Apr2026 18:54:58.021] [main/DEBUG] [mixin/]: Mixing common.PlayerMixin from parcool.mixins.json into net.minecraft.world.entity.player.Player
[27Apr2026 18:54:58.021] [main/DEBUG] [mixin/]: parcool.mixins.json:common.PlayerMixin: Class version 61 required is higher than the class version supported by the current version of Mixin (JAVA_8 supports class version 52)
[27Apr2026 18:54:58.026] [main/DEBUG] [mixin/]: Mixing PlayerMixin from crittersandcompanions.mixins.json into net.minecraft.world.entity.player.Player
[27Apr2026 18:54:58.029] [main/DEBUG] [mixin/]: Mixing PlayerPoseUpdater from mixins.wings.json into net.minecraft.world.entity.player.Player
[27Apr2026 18:54:58.030] [main/DEBUG] [mixin/]: Mixing swimming.PlayerMixin from expandability-common.mixins.json into net.minecraft.world.entity.player.Player
[27Apr2026 18:54:58.032] [main/DEBUG] [mixin/]: Mixing PlayerMixin from playerrevive.mixins.json into net.minecraft.world.entity.player.Player
[27Apr2026 18:54:58.045] [main/DEBUG] [mixin/]: Mixing PlayerEntityMixin from immersive_aircraft.mixins.json into net.minecraft.world.entity.player.Player
[27Apr2026 18:54:58.097] [main/DEBUG] [net.minecraftforge.coremod.transformer.CoreModBaseTransformer/COREMOD]: Transforming m_41435_ with desc (Lnet/minecraft/world/level/Level;Lnet/minecraft/world/entity/player/Player;Lnet/minecraft/world/level/ClipContext$Fluid;)Lnet/minecraft/world/phys/BlockHitResult;
[27Apr2026 18:54:58.132] [main/DEBUG] [mixin/]: Mixing FluidInvokerMixin from blueprint.mixins.json into net.minecraft.world.level.material.Fluid
[27Apr2026 18:54:58.132] [main/DEBUG] [mixin/]: Mixing inject.MixinFluid from architectury-common.mixins.json into net.minecraft.world.level.material.Fluid
[27Apr2026 18:54:58.137] [main/DEBUG] [net.minecraftforge.coremod.transformer.CoreModBaseTransformer/COREMOD]: Transforming m_41435_ with desc (Lnet/minecraft/world/level/Level;Lnet/minecraft/world/entity/player/Player;Lnet/minecraft/world/level/ClipContext$Fluid;)Lnet/minecraft/world/phys/BlockHitResult;
[27Apr2026 18:54:58.138] [main/DEBUG] [mixin/]: Mixing ItemMixin from relics.mixins.json into net.minecraft.world.item.Item
[27Apr2026 18:54:58.138] [main/DEBUG] [mixin/]: relics.mixins.json:ItemMixin: Class version 61 required is higher than the class version supported by the current version of Mixin (JAVA_8 supports class version 52)
[27Apr2026 18:54:58.144] [main/DEBUG] [mixin/]: Mixing inject.MixinItem from architectury-common.mixins.json into net.minecraft.world.item.Item
[27Apr2026 18:54:58.146] [main/DEBUG] [mixin/]: Mixing ItemMixin from ftblibrary-common.mixins.json into net.minecraft.world.item.Item
[27Apr2026 18:54:58.146] [main/DEBUG] [mixin/]: ftblibrary-common.mixins.json:ItemMixin: Class version 61 required is higher than the class version supported by the current version of Mixin (JAVA_8 supports class version 52)
[27Apr2026 18:54:58.161] [main/DEBUG] [net.minecraftforge.coremod.transformer.CoreModBaseTransformer/COREMOD]: Transforming net/minecraft/world/entity/EntityType
[27Apr2026 18:54:58.212] [main/DEBUG] [mixin/]: Mixing inject.MixinEntityType from architectury-common.mixins.json into net.minecraft.world.entity.EntityType
[27Apr2026 18:54:58.223] [main/DEBUG] [mixin/]: Mixing ai.poi.PointOfInterestTypesMixin from lithium.mixins.json into net.minecraftforge.registries.GameData$PointOfInterestTypeCallbacks
[27Apr2026 18:54:58.223] [main/DEBUG] [mixin/]: lithium.mixins.json:ai.poi.PointOfInterestTypesMixin: Class version 61 required is higher than the class version supported by the current version of Mixin (JAVA_16 supports class version 60)
[27Apr2026 18:54:58.244] [main/DEBUG] [mixin/]: Mixing EnchantmentMixin from goblintraders.common.mixins.json into net.minecraft.world.item.enchantment.Enchantment
[27Apr2026 18:54:58.281] [main/DEBUG] [mixin/]: Mixing KeepRichSoilGiantTreeMixin from farmersdelight.mixins.json into net.minecraft.world.level.levelgen.feature.Feature
[27Apr2026 18:54:58.282] [main/DEBUG] [mixin/]: Renaming synthetic method lambda$keepRichSoil$0(Lnet/minecraft/world/level/block/state/BlockState;)Z to md43348d$lambda$keepRichSoil$0$0 in farmersdelight.mixins.json:KeepRichSoilGiantTreeMixin
[27Apr2026 18:54:58.318] [main/DEBUG] [mixin/]: Mixing FireBlockAccessor from another_furniture.mixins.json into net.minecraft.world.level.block.FireBlock
[27Apr2026 18:54:58.319] [main/DEBUG] [mixin/]: Mixing accessor.FireBlockForgeAccessor from puzzleslib.forge.mixins.json into net.minecraft.world.level.block.FireBlock
[27Apr2026 18:54:58.324] [main/DEBUG] [mixin/]: Mixing math.fast_blockpos.DirectionMixin from lithium.mixins.json into net.minecraft.core.Direction
[27Apr2026 18:54:58.325] [main/DEBUG] [mixin/]: lithium.mixins.json:math.fast_blockpos.DirectionMixin: Class version 61 required is higher than the class version supported by the current version of Mixin (JAVA_16 supports class version 60)
[27Apr2026 18:54:58.326] [main/DEBUG] [mixin/]: Mixing math.fast_util.DirectionMixin from lithium.mixins.json into net.minecraft.core.Direction
[27Apr2026 18:54:58.326] [main/DEBUG] [mixin/]: lithium.mixins.json:math.fast_util.DirectionMixin: Class version 61 required is higher than the class version supported by the current version of Mixin (JAVA_16 supports class version 60)
[27Apr2026 18:54:58.346] [main/DEBUG] [mixin/]: Mixing block.moving_block_shapes.VoxelShapeMixin from lithium.mixins.json into net.minecraft.world.phys.shapes.VoxelShape
[27Apr2026 18:54:58.346] [main/DEBUG] [mixin/]: lithium.mixins.json:block.moving_block_shapes.VoxelShapeMixin: Class version 61 required is higher than the class version supported by the current version of Mixin (JAVA_16 supports class version 60)
[27Apr2026 18:54:58.348] [main/DEBUG] [mixin/]: Mixing shapes.specialized_shapes.VoxelShapeMixin from lithium.mixins.json into net.minecraft.world.phys.shapes.VoxelShape
[27Apr2026 18:54:58.349] [main/DEBUG] [mixin/]: lithium.mixins.json:shapes.specialized_shapes.VoxelShapeMixin: Class version 61 required is higher than the class version supported by the current version of Mixin (JAVA_16 supports class version 60)
[27Apr2026 18:54:58.357] [main/DEBUG] [mixin/]: Mixing VoxelShapeAccessor from creativecore.mixins.json into net.minecraft.world.phys.shapes.VoxelShape
[27Apr2026 18:54:58.368] [main/DEBUG] [mixin/]: Mixing shapes.optimized_matching.VoxelShapesMixin from lithium.mixins.json into net.minecraft.world.phys.shapes.Shapes
[27Apr2026 18:54:58.368] [main/DEBUG] [mixin/]: lithium.mixins.json:shapes.optimized_matching.VoxelShapesMixin: Class version 61 required is higher than the class version supported by the current version of Mixin (JAVA_16 supports class version 60)
[27Apr2026 18:54:58.369] [main/DEBUG] [mixin/]: Mixing shapes.shape_merging.VoxelShapesMixin from lithium.mixins.json into net.minecraft.world.phys.shapes.Shapes
[27Apr2026 18:54:58.369] [main/DEBUG] [mixin/]: lithium.mixins.json:shapes.shape_merging.VoxelShapesMixin: Class version 61 required is higher than the class version supported by the current version of Mixin (JAVA_16 supports class version 60)
[27Apr2026 18:54:58.371] [main/DEBUG] [mixin/]: Mixing shapes.specialized_shapes.VoxelShapesMixin from lithium.mixins.json into net.minecraft.world.phys.shapes.Shapes
[27Apr2026 18:54:58.371] [main/DEBUG] [mixin/]: lithium.mixins.json:shapes.specialized_shapes.VoxelShapesMixin: Class version 61 required is higher than the class version supported by the current version of Mixin (JAVA_16 supports class version 60)
[27Apr2026 18:54:58.377] [main/DEBUG] [mixin/]: Mixing ShapesMixin from creativecore.mixins.json into net.minecraft.world.phys.shapes.Shapes
[27Apr2026 18:54:58.421] [main/DEBUG] [mixin/]: Mixing shapes.precompute_shape_arrays.SimpleVoxelShapeMixin from lithium.mixins.json into net.minecraft.world.phys.shapes.CubeVoxelShape
[27Apr2026 18:54:58.422] [main/DEBUG] [mixin/]: lithium.mixins.json:shapes.precompute_shape_arrays.SimpleVoxelShapeMixin: Class version 61 required is higher than the class version supported by the current version of Mixin (JAVA_16 supports class version 60)
[27Apr2026 18:54:58.433] [main/DEBUG] [mixin/]: Mixing shapes.precompute_shape_arrays.FractionalDoubleListMixin from lithium.mixins.json into net.minecraft.world.phys.shapes.CubePointRange
[27Apr2026 18:54:58.434] [main/DEBUG] [mixin/]: lithium.mixins.json:shapes.precompute_shape_arrays.FractionalDoubleListMixin: Class version 61 required is higher than the class version supported by the current version of Mixin (JAVA_16 supports class version 60)
[27Apr2026 18:54:58.565] [main/DEBUG] [mixin/]: Mixing SpreadingSnowyDirtBlockMixin from vinery-common.mixins.json into net.minecraft.world.level.block.SpreadingSnowyDirtBlock
[27Apr2026 18:54:58.577] [main/DEBUG] [mixin/]: Mixing PlantBlockMixin from vinery-common.mixins.json into net.minecraft.world.level.block.BushBlock
[27Apr2026 18:54:58.592] [main/DEBUG] [net.minecraftforge.coremod.transformer.CoreModBaseTransformer/COREMOD]: Transforming net/minecraft/world/level/block/LiquidBlock
[27Apr2026 18:54:58.593] [main/DEBUG] [mixin/]: Mixing inject.MixinLiquidBlock from architectury-common.mixins.json into net.minecraft.world.level.block.LiquidBlock
[27Apr2026 18:54:58.609] [main/DEBUG] [mixin/]: Mixing CuttingBoardDispenserMixin from farmersdelight.mixins.json into net.minecraft.world.level.block.DispenserBlock
[27Apr2026 18:54:58.619] [main/DEBUG] [mixin/]: Mixing NoteBlockMixin from blueprint.mixins.json into net.minecraft.world.level.block.NoteBlock
[27Apr2026 18:54:58.631] [main/DEBUG] [mixin/]: Mixing alloc.enum_values.piston_block.PistonBlockMixin from lithium.mixins.json into net.minecraft.world.level.block.piston.PistonBaseBlock
[27Apr2026 18:54:58.631] [main/DEBUG] [mixin/]: lithium.mixins.json:alloc.enum_values.piston_block.PistonBlockMixin: Class version 61 required is higher than the class version supported by the current version of Mixin (JAVA_16 supports class version 60)
[27Apr2026 18:54:58.645] [main/DEBUG] [net.minecraftforge.coremod.transformer.CoreModBaseTransformer/COREMOD]: Transforming m_7898_ with desc (Lnet/minecraft/world/level/block/state/BlockState;Lnet/minecraft/world/level/LevelReader;Lnet/minecraft/core/BlockPos;)Z
[27Apr2026 18:54:58.662] [main/DEBUG] [net.minecraftforge.coremod.transformer.CoreModBaseTransformer/COREMOD]: Transforming net/minecraft/world/level/block/StairBlock
[27Apr2026 18:54:58.673] [main/DEBUG] [mixin/]: Mixing alloc.enum_values.redstone_wire.RedstoneWireBlockMixin from lithium.mixins.json into net.minecraft.world.level.block.RedStoneWireBlock
[27Apr2026 18:54:58.673] [main/DEBUG] [mixin/]: lithium.mixins.json:alloc.enum_values.redstone_wire.RedstoneWireBlockMixin: Class version 61 required is higher than the class version supported by the current version of Mixin (JAVA_16 supports class version 60)
[27Apr2026 18:54:58.674] [main/DEBUG] [mixin/]: Mixing block.redstone_wire.RedstoneWireBlockMixin from lithium.mixins.json into net.minecraft.world.level.block.RedStoneWireBlock
[27Apr2026 18:54:58.674] [main/DEBUG] [mixin/]: lithium.mixins.json:block.redstone_wire.RedstoneWireBlockMixin: Class version 61 required is higher than the class version supported by the current version of Mixin (JAVA_16 supports class version 60)
[27Apr2026 18:54:58.699] [main/DEBUG] [mixin/]: Mixing CropBlockMixin from balm.mixins.json into net.minecraft.world.level.block.CropBlock
[27Apr2026 18:54:58.778] [main/DEBUG] [mixin/]: Mixing StemBlockMixin from balm.mixins.json into net.minecraft.world.level.block.StemBlock
[27Apr2026 18:54:58.813] [main/DEBUG] [net.minecraftforge.coremod.transformer.CoreModBaseTransformer/COREMOD]: Transforming net/minecraft/world/level/block/FlowerPotBlock
[27Apr2026 18:54:58.831] [main/DEBUG] [mixin/]: Mixing util.inventory_comparator_tracking.ComparatorBlockMixin from lithium.mixins.json into net.minecraft.world.level.block.ComparatorBlock
[27Apr2026 18:54:58.834] [main/DEBUG] [mixin/]: lithium.mixins.json:util.inventory_comparator_tracking.ComparatorBlockMixin: Class version 61 required is higher than the class version supported by the current version of Mixin (JAVA_16 supports class version 60)
[27Apr2026 18:54:58.893] [main/DEBUG] [mixin/]: Mixing swimming.BubbleColumnBlockMixin from expandability-common.mixins.json into net.minecraft.world.level.block.BubbleColumnBlock
[27Apr2026 18:54:58.910] [main/DEBUG] [mixin/]: Mixing CampfireBaleMixin from farmersdelight.mixins.json into net.minecraft.world.level.block.CampfireBlock
[27Apr2026 18:54:58.935] [main/DEBUG] [mixin/]: Mixing PowderSnowBlockMixin from relics.mixins.json into net.minecraft.world.level.block.PowderSnowBlock
[27Apr2026 18:54:58.935] [main/DEBUG] [mixin/]: relics.mixins.json:PowderSnowBlockMixin: Class version 61 required is higher than the class version supported by the current version of Mixin (JAVA_8 supports class version 52)
[27Apr2026 18:54:58.936] [main/DEBUG] [mixin/]: Mixing MixinPowderSnowBlock from curios.mixins.json into net.minecraft.world.level.block.PowderSnowBlock
[27Apr2026 18:54:59.019] [main/DEBUG] [mixin/]: Mixing BlockBehaviourMixin from mowziesmobs.mixins.json into net.minecraft.world.level.block.state.BlockBehaviour$Properties
[27Apr2026 18:54:59.070] [main/DEBUG] [mixin/]: Mixing block.flatten_states.FluidStateMixin from lithium.mixins.json into net.minecraft.world.level.material.FluidState
[27Apr2026 18:54:59.070] [main/DEBUG] [mixin/]: lithium.mixins.json:block.flatten_states.FluidStateMixin: Class version 61 required is higher than the class version supported by the current version of Mixin (JAVA_16 supports class version 60)
[27Apr2026 18:54:59.236] [main/DEBUG] [mixin/]: Mixing entity.inactive_navigations.MobEntityMixin from lithium.mixins.json into net.minecraft.world.entity.Mob
[27Apr2026 18:54:59.236] [main/DEBUG] [mixin/]: lithium.mixins.json:entity.inactive_navigations.MobEntityMixin: Class version 61 required is higher than the class version supported by the current version of Mixin (JAVA_16 supports class version 60)
[27Apr2026 18:54:59.238] [main/DEBUG] [mixin/]: Mixing entity.skip_equipment_change_check.MobEntityMixin from lithium.mixins.json into net.minecraft.world.entity.Mob
[27Apr2026 18:54:59.239] [main/DEBUG] [mixin/]: lithium.mixins.json:entity.skip_equipment_change_check.MobEntityMixin: Class version 61 required is higher than the class version supported by the current version of Mixin (JAVA_16 supports class version 60)
[27Apr2026 18:54:59.239] [main/DEBUG] [mixin/]: Mixing accessors.MobAccessor from mixins.artifacts.common.json into net.minecraft.world.entity.Mob
[27Apr2026 18:54:59.239] [main/DEBUG] [mixin/]: Mixing MobEntityMixin from immersive_melodies.mixin.json into net.minecraft.world.entity.Mob
[27Apr2026 18:54:59.261] [main/DEBUG] [mixin/]: Mixing util.inventory_change_listening.BlockEntityMixin from lithium.mixins.json into net.minecraft.world.level.block.entity.BlockEntity
[27Apr2026 18:54:59.261] [main/DEBUG] [mixin/]: lithium.mixins.json:util.inventory_change_listening.BlockEntityMixin: Class version 61 required is higher than the class version supported by the current version of Mixin (JAVA_16 supports class version 60)
[27Apr2026 18:54:59.262] [main/DEBUG] [mixin/]: Mixing util.inventory_comparator_tracking.BlockEntityMixin from lithium.mixins.json into net.minecraft.world.level.block.entity.BlockEntity
[27Apr2026 18:54:59.263] [main/DEBUG] [mixin/]: lithium.mixins.json:util.inventory_comparator_tracking.BlockEntityMixin: Class version 61 required is higher than the class version supported by the current version of Mixin (JAVA_16 supports class version 60)
[27Apr2026 18:54:59.264] [main/DEBUG] [mixin/]: Mixing BlockEntityMixin from refurbished_furniture.common.mixins.json into net.minecraft.world.level.block.entity.BlockEntity
[27Apr2026 18:54:59.264] [main/DEBUG] [mixin/]: Mixing BlockEntityMixin from collective_forge.mixins.json into net.minecraft.world.level.block.entity.BlockEntity
[27Apr2026 18:54:59.291] [main/DEBUG] [net.minecraftforge.coremod.transformer.CoreModBaseTransformer/COREMOD]: Transforming net/minecraft/world/item/ItemStack
[27Apr2026 18:54:59.292] [main/DEBUG] [mixin/]: Mixing ItemStackMixin from relics.mixins.json into net.minecraft.world.item.ItemStack
[27Apr2026 18:54:59.292] [main/DEBUG] [mixin/]: relics.mixins.json:ItemStackMixin: Class version 61 required is higher than the class version supported by the current version of Mixin (JAVA_8 supports class version 52)
[27Apr2026 18:54:59.294] [main/DEBUG] [mixin/]: Mixing item.AnimatedItemNameMixin from necronomicon-common.mixins.json into net.minecraft.world.item.ItemStack
[27Apr2026 18:54:59.310] [main/DEBUG] [mixin/]: Mixing world.explosions.ExplosionMixin from lithium.mixins.json into net.minecraft.world.level.Explosion
[27Apr2026 18:54:59.310] [main/DEBUG] [mixin/]: lithium.mixins.json:world.explosions.ExplosionMixin: Class version 61 required is higher than the class version supported by the current version of Mixin (JAVA_16 supports class version 60)
[27Apr2026 18:54:59.413] [main/DEBUG] [mixin/]: Mixing FallingBlockEntityMixin from blueprint.mixins.json into net.minecraft.world.entity.item.FallingBlockEntity
[27Apr2026 18:54:59.414] [main/DEBUG] [mixin/]: Mixing MixinFallingBlockEntity from architectury.mixins.json into net.minecraft.world.entity.item.FallingBlockEntity
[27Apr2026 18:54:59.482] [main/DEBUG] [mixin/]: Mixing util.inventory_change_listening.StackListReplacementTracking$InventoryChangeTrackingDispenserBlockEntity from lithium.mixins.json into net.minecraft.world.level.block.entity.DispenserBlockEntity
[27Apr2026 18:54:59.482] [main/DEBUG] [mixin/]: lithium.mixins.json:util.inventory_change_listening.StackListReplacementTracking$InventoryChangeTrackingDispenserBlockEntity: Class version 61 required is higher than the class version supported by the current version of Mixin (JAVA_16 supports class version 60)
[27Apr2026 18:54:59.488] [main/DEBUG] [mixin/]: Mixing util.inventory_change_listening.LockableContainerBlockEntityMixin from lithium.mixins.json into net.minecraft.world.level.block.entity.BaseContainerBlockEntity
[27Apr2026 18:54:59.489] [main/DEBUG] [mixin/]: lithium.mixins.json:util.inventory_change_listening.LockableContainerBlockEntityMixin: Class version 61 required is higher than the class version supported by the current version of Mixin (JAVA_16 supports class version 60)
[27Apr2026 18:54:59.489] [main/DEBUG] [mixin/]: Renaming synthetic method lambda$emitFirstComparatorAdded$0(Lme/jellysquid/mods/lithium/common/block/entity/inventory_change_tracking/InventoryChangeListener;)Z to md43348d$lambda$emitFirstComparatorAdded$0$0 in lithium.mixins.json:util.inventory_change_listening.LockableContainerBlockEntityMixin
[27Apr2026 18:54:59.496] [main/DEBUG] [mixin/]: Mixing util.inventory_change_listening.StackListReplacementTracking$StackListReplacementTrackingLockableContainerBlockEntity from lithium.mixins.json into net.minecraft.world.level.block.entity.BaseContainerBlockEntity
[27Apr2026 18:54:59.496] [main/DEBUG] [mixin/]: lithium.mixins.json:util.inventory_change_listening.StackListReplacementTracking$StackListReplacementTrackingLockableContainerBlockEntity: Class version 61 required is higher than the class version supported by the current version of Mixin (JAVA_16 supports class version 60)
[27Apr2026 18:54:59.679] [main/DEBUG] [mixin/]: Mixing math.fast_util.AxisCycleDirectionMixin$ForwardMixin from lithium.mixins.json into net.minecraft.core.AxisCycle$2
[27Apr2026 18:54:59.679] [main/DEBUG] [mixin/]: lithium.mixins.json:math.fast_util.AxisCycleDirectionMixin$ForwardMixin: Class version 61 required is higher than the class version supported by the current version of Mixin (JAVA_16 supports class version 60)
[27Apr2026 18:54:59.681] [main/DEBUG] [mixin/]: Mixing math.fast_util.AxisCycleDirectionMixin$BackwardMixin from lithium.mixins.json into net.minecraft.core.AxisCycle$3
[27Apr2026 18:54:59.681] [main/DEBUG] [mixin/]: lithium.mixins.json:math.fast_util.AxisCycleDirectionMixin$BackwardMixin: Class version 61 required is higher than the class version supported by the current version of Mixin (JAVA_16 supports class version 60)
[27Apr2026 18:54:59.704] [main/DEBUG] [mixin/]: Mixing entity.collisions.unpushable_cramming.AbstractMinecartEntityMixin from lithium.mixins.json into net.minecraft.world.entity.vehicle.AbstractMinecart
[27Apr2026 18:54:59.704] [main/DEBUG] [mixin/]: lithium.mixins.json:entity.collisions.unpushable_cramming.AbstractMinecartEntityMixin: Class version 61 required is higher than the class version supported by the current version of Mixin (JAVA_16 supports class version 60)
[27Apr2026 18:54:59.705] [main/DEBUG] [mixin/]: Mixing entity.replace_entitytype_predicates.AbstractMinecartEntityMixin from lithium.mixins.json into net.minecraft.world.entity.vehicle.AbstractMinecart
[27Apr2026 18:54:59.705] [main/DEBUG] [mixin/]: lithium.mixins.json:entity.replace_entitytype_predicates.AbstractMinecartEntityMixin: Class version 61 required is higher than the class version supported by the current version of Mixin (JAVA_16 supports class version 60)
[27Apr2026 18:54:59.706] [main/DEBUG] [mixin/]: Renaming synthetic method lambda$getOtherAbstractMinecarts$0(Lnet/minecraft/world/entity/Entity;Lnet/minecraft/world/entity/vehicle/AbstractMinecart;)Z to md43348d$lambda$getOtherAbstractMinecarts$0$0 in lithium.mixins.json:entity.replace_entitytype_predicates.AbstractMinecartEntityMixin
[27Apr2026 18:54:59.717] [main/DEBUG] [mixin/]: Mixing math.fast_util.BoxMixin from lithium.mixins.json into net.minecraft.world.phys.AABB
[27Apr2026 18:54:59.717] [main/DEBUG] [mixin/]: lithium.mixins.json:math.fast_util.BoxMixin: Class version 61 required is higher than the class version supported by the current version of Mixin (JAVA_16 supports class version 60)
[27Apr2026 18:54:59.740] [main/DEBUG] [mixin/]: Mixing block.moving_block_shapes.PistonBlockEntityMixin from lithium.mixins.json into net.minecraft.world.level.block.piston.PistonMovingBlockEntity
[27Apr2026 18:54:59.741] [main/DEBUG] [mixin/]: lithium.mixins.json:block.moving_block_shapes.PistonBlockEntityMixin: Class version 61 required is higher than the class version supported by the current version of Mixin (JAVA_16 supports class version 60)
[27Apr2026 18:54:59.769] [main/DEBUG] [mixin/]: Mixing KeepRichSoilTreeMixin from farmersdelight.mixins.json into net.minecraft.world.level.levelgen.feature.trunkplacers.TrunkPlacer
[27Apr2026 18:54:59.770] [main/DEBUG] [mixin/]: Renaming synthetic method lambda$cancelSetDirtIfRichSoil$0(Lnet/minecraft/world/level/block/state/BlockState;)Z to md43348d$lambda$cancelSetDirtIfRichSoil$0$0 in farmersdelight.mixins.json:KeepRichSoilTreeMixin
[27Apr2026 18:54:59.892] [main/DEBUG] [mixin/]: Mixing util.inventory_change_listening.ChestBlockEntityMixin from lithium.mixins.json into net.minecraft.world.level.block.entity.ChestBlockEntity
[27Apr2026 18:54:59.892] [main/DEBUG] [mixin/]: lithium.mixins.json:util.inventory_change_listening.ChestBlockEntityMixin: Class version 61 required is higher than the class version supported by the current version of Mixin (JAVA_16 supports class version 60)
[27Apr2026 18:54:59.892] [main/DEBUG] [mixin/]: Mixing util.inventory_change_listening.StackListReplacementTracking$InventoryChangeTrackingChestBlockEntity from lithium.mixins.json into net.minecraft.world.level.block.entity.ChestBlockEntity
[27Apr2026 18:54:59.892] [main/DEBUG] [mixin/]: lithium.mixins.json:util.inventory_change_listening.StackListReplacementTracking$InventoryChangeTrackingChestBlockEntity: Class version 61 required is higher than the class version supported by the current version of Mixin (JAVA_16 supports class version 60)
[27Apr2026 18:54:59.988] [main/DEBUG] [mixin/]: Mixing AbstractContainerMenuMixin from relics.mixins.json into net.minecraft.world.inventory.AbstractContainerMenu
[27Apr2026 18:54:59.989] [main/DEBUG] [mixin/]: relics.mixins.json:AbstractContainerMenuMixin: Class version 61 required is higher than the class version supported by the current version of Mixin (JAVA_8 supports class version 52)
[27Apr2026 18:54:59.990] [main/DEBUG] [mixin/]: Mixing AbstractContainerMenuDoClick from watut.mixins.json into net.minecraft.world.inventory.AbstractContainerMenu
[27Apr2026 18:54:59.997] [main/DEBUG] [mixin/]: Mixing InventoryMixin from carryon.mixins.json into net.minecraft.world.entity.player.Inventory
[27Apr2026 18:54:59.998] [main/DEBUG] [mixin/]: Mixing MixinInventory from curios.mixins.json into net.minecraft.world.entity.player.Inventory
[27Apr2026 18:55:00.004] [main/DEBUG] [mixin/]: Mixing util.inventory_change_listening.StackListReplacementTracking$InventoryChangeTrackingAbstractFurnaceBlockEntity from lithium.mixins.json into net.minecraft.world.level.block.entity.AbstractFurnaceBlockEntity
[27Apr2026 18:55:00.004] [main/DEBUG] [mixin/]: lithium.mixins.json:util.inventory_change_listening.StackListReplacementTracking$InventoryChangeTrackingAbstractFurnaceBlockEntity: Class version 61 required is higher than the class version supported by the current version of Mixin (JAVA_16 supports class version 60)
[27Apr2026 18:55:00.004] [main/DEBUG] [mixin/]: Mixing AbstractFurnaceBlockEntityAccessor from another_furniture.mixins.json into net.minecraft.world.level.block.entity.AbstractFurnaceBlockEntity
[27Apr2026 18:55:00.004] [main/DEBUG] [mixin/]: Renaming @Invoker method invokeAdd(Ljava/util/Map;Lnet/minecraft/tags/TagKey;I)V to invokeAdd_$md$43348d$0 in another_furniture.mixins.json:AbstractFurnaceBlockEntityAccessor
[27Apr2026 18:55:00.005] [main/DEBUG] [mixin/]: Renaming @Invoker method invokeNotFurnaceFuel(Lnet/minecraft/world/item/Item;)Z to invokeNotFurnaceFuel_$md$43348d$1 in another_furniture.mixins.json:AbstractFurnaceBlockEntityAccessor
[27Apr2026 18:55:00.116] [main/DEBUG] [mixin/]: Mixing NeutralMobsMixin from crittersandcompanions.mixins.json into net.minecraft.world.entity.animal.IronGolem
[27Apr2026 18:55:00.116] [main/DEBUG] [mixin/]: Renaming synthetic method lambda$onRegisterGoals$0(Lnet/minecraft/world/entity/LivingEntity;)Z to md43348d$lambda$onRegisterGoals$0$0 in crittersandcompanions.mixins.json:NeutralMobsMixin
[27Apr2026 18:55:00.240] [main/DEBUG] [mixin/]: Mixing util.inventory_change_listening.StackListReplacementTracking$InventoryChangeTrackingBrewingStandBlockEntity from lithium.mixins.json into net.minecraft.world.level.block.entity.BrewingStandBlockEntity
[27Apr2026 18:55:00.240] [main/DEBUG] [mixin/]: lithium.mixins.json:util.inventory_change_listening.StackListReplacementTracking$InventoryChangeTrackingBrewingStandBlockEntity: Class version 61 required is higher than the class version supported by the current version of Mixin (JAVA_16 supports class version 60)
[27Apr2026 18:55:00.338] [main/DEBUG] [mixin/]: Mixing RepairContainerMixin from goblintraders.common.mixins.json into net.minecraft.world.inventory.AnvilMenu
[27Apr2026 18:55:00.354] [main/DEBUG] [net.minecraftforge.coremod.transformer.CoreModBaseTransformer/COREMOD]: Transforming m_218868_ with desc ()Ljava/util/OptionalInt;
[27Apr2026 18:55:00.354] [main/DEBUG] [mixin/]: Mixing entity.replace_entitytype_predicates.ItemFrameEntityMixin from lithium.mixins.json into net.minecraft.world.entity.decoration.ItemFrame
[27Apr2026 18:55:00.354] [main/DEBUG] [mixin/]: lithium.mixins.json:entity.replace_entitytype_predicates.ItemFrameEntityMixin: Class version 61 required is higher than the class version supported by the current version of Mixin (JAVA_16 supports class version 60)
[27Apr2026 18:55:00.355] [main/DEBUG] [mixin/]: Renaming synthetic method lambda$getAbstractDecorationEntities$0(Lnet/minecraft/world/entity/Entity;Lnet/minecraft/world/entity/decoration/HangingEntity;)Z to md43348d$lambda$getAbstractDecorationEntities$0$0 in lithium.mixins.json:entity.replace_entitytype_predicates.ItemFrameEntityMixin
[27Apr2026 18:55:00.359] [main/DEBUG] [mixin/]: Mixing entity.replace_entitytype_predicates.AbstractDecorationEntityMixin from lithium.mixins.json into net.minecraft.world.entity.decoration.HangingEntity
[27Apr2026 18:55:00.359] [main/DEBUG] [mixin/]: lithium.mixins.json:entity.replace_entitytype_predicates.AbstractDecorationEntityMixin: Class version 61 required is higher than the class version supported by the current version of Mixin (JAVA_16 supports class version 60)
[27Apr2026 18:55:00.359] [main/DEBUG] [mixin/]: Renaming synthetic method lambda$getAbstractDecorationEntities$0(Lnet/minecraft/world/entity/Entity;Lnet/minecraft/world/entity/decoration/HangingEntity;)Z to md43348d$lambda$getAbstractDecorationEntities$0$0 in lithium.mixins.json:entity.replace_entitytype_predicates.AbstractDecorationEntityMixin
[27Apr2026 18:55:00.359] [main/DEBUG] [mixin/]: Mixing AbstractDecorationEntityMixin from bettervillage.mixins.json into net.minecraft.world.entity.decoration.HangingEntity
[27Apr2026 18:55:00.367] [main/DEBUG] [mixin/]: Mixing entity.hopper_minecart.HopperBlockEntityMixin from lithium.mixins.json into net.minecraft.world.level.block.entity.HopperBlockEntity
[27Apr2026 18:55:00.367] [main/DEBUG] [mixin/]: lithium.mixins.json:entity.hopper_minecart.HopperBlockEntityMixin: Class version 61 required is higher than the class version supported by the current version of Mixin (JAVA_16 supports class version 60)
[27Apr2026 18:55:00.369] [main/DEBUG] [mixin/]: Mixing util.inventory_change_listening.StackListReplacementTracking$InventoryChangeTrackingHopperBlockEntity from lithium.mixins.json into net.minecraft.world.level.block.entity.HopperBlockEntity
[27Apr2026 18:55:00.369] [main/DEBUG] [mixin/]: lithium.mixins.json:util.inventory_change_listening.StackListReplacementTracking$InventoryChangeTrackingHopperBlockEntity: Class version 61 required is higher than the class version supported by the current version of Mixin (JAVA_16 supports class version 60)
[27Apr2026 18:55:00.516] [main/DEBUG] [mixin/]: Mixing util.inventory_change_listening.StackListReplacementTracking$InventoryChangeTrackingShulkerBoxBlockEntity from lithium.mixins.json into net.minecraft.world.level.block.entity.ShulkerBoxBlockEntity
[27Apr2026 18:55:00.516] [main/DEBUG] [mixin/]: lithium.mixins.json:util.inventory_change_listening.StackListReplacementTracking$InventoryChangeTrackingShulkerBoxBlockEntity: Class version 61 required is higher than the class version supported by the current version of Mixin (JAVA_16 supports class version 60)
[27Apr2026 18:55:00.837] [main/DEBUG] [mixin/]: Mixing util.inventory_change_listening.StackListReplacementTracking$InventoryChangeTrackingBarrelBlockEntity from lithium.mixins.json into net.minecraft.world.level.block.entity.BarrelBlockEntity
[27Apr2026 18:55:00.837] [main/DEBUG] [mixin/]: lithium.mixins.json:util.inventory_change_listening.StackListReplacementTracking$InventoryChangeTrackingBarrelBlockEntity: Class version 61 required is higher than the class version supported by the current version of Mixin (JAVA_16 supports class version 60)
[27Apr2026 18:55:00.847] [main/DEBUG] [mixin/]: Mixing SmithingMenuMixin from citadel.mixins.json into net.minecraft.world.inventory.SmithingMenu
[27Apr2026 18:55:00.860] [main/DEBUG] [mixin/]: Mixing ChunkGeneratorMixin from citadel.mixins.json into net.minecraft.world.level.chunk.ChunkGenerator
[27Apr2026 18:55:00.861] [main/DEBUG] [mixin/]: Mixing DisableVanillaFortressesMixin from betterfortresses.mixins.json into net.minecraft.world.level.chunk.ChunkGenerator
[27Apr2026 18:55:00.863] [main/DEBUG] [net.minecraftforge.coremod.transformer.CoreModBaseTransformer/COREMOD]: Transforming net/minecraft/world/level/levelgen/structure/Structure
[27Apr2026 18:55:01.027] [main/DEBUG] [net.minecraftforge.coremod.transformer.CoreModBaseTransformer/COREMOD]: Transforming net/minecraft/server/level/ServerPlayer
[27Apr2026 18:55:01.028] [main/DEBUG] [net.minecraftforge.coremod.transformer.CoreModBaseTransformer/COREMOD]: Transforming net/minecraft/server/level/ServerPlayer
[27Apr2026 18:55:01.028] [main/DEBUG] [mixin/]: Mixing ServerPlayerEntityMixin from immersive_aircraft.mixins.json into net.minecraft.server.level.ServerPlayer
[27Apr2026 18:55:01.028] [main/DEBUG] [mixin/]: Mixing ServerPlayerEntityTickMixin from yungsapi.mixins.json into net.minecraft.server.level.ServerPlayer
[27Apr2026 18:55:01.030] [main/DEBUG] [mixin/]: Mixing ServerPlayerMixin from playerrevive.mixins.json into net.minecraft.server.level.ServerPlayer
[27Apr2026 18:55:01.071] [main/DEBUG] [mixin/]: Mixing MixinLightningBolt from architectury-common.mixins.json into net.minecraft.world.entity.LightningBolt
[27Apr2026 18:55:01.182] [main/DEBUG] [net.minecraftforge.coremod.transformer.CoreModBaseTransformer/COREMOD]: Transforming net/minecraft/world/entity/animal/frog/Tadpole
[27Apr2026 18:55:01.211] [main/DEBUG] [mixin/]: Mixing accessor.BlockItemAccessor from puzzleslib.common.mixins.json into net.minecraft.world.item.BlockItem
[27Apr2026 18:55:01.222] [main/DEBUG] [mixin/]: Mixing ShovelItemMixin from vinery-common.mixins.json into net.minecraft.world.item.ShovelItem
[27Apr2026 18:55:01.228] [main/DEBUG] [mixin/]: Mixing SoupItemMixin from farmersdelight.mixins.json into net.minecraft.world.item.BowlFoodItem
[27Apr2026 18:55:01.235] [main/DEBUG] [net.minecraftforge.coremod.transformer.CoreModBaseTransformer/COREMOD]: Transforming net/minecraft/world/item/BucketItem
[27Apr2026 18:55:01.235] [main/DEBUG] [mixin/]: Mixing inject.MixinBucketItem from architectury-common.mixins.json into net.minecraft.world.item.BucketItem
[27Apr2026 18:55:01.242] [main/DEBUG] [mixin/]: Mixing item.wearable.anglershat.FishingRodItemMixin from mixins.artifacts.common.json into net.minecraft.world.item.FishingRodItem
[27Apr2026 18:55:01.246] [main/DEBUG] [mixin/]: Mixing BoneMealItemMixin from vinery-common.mixins.json into net.minecraft.world.item.BoneMealItem
[27Apr2026 18:55:01.247] [main/DEBUG] [mixin/]: Renaming synthetic method lambda$useOnBlock$0(Lnet/minecraft/world/item/context/UseOnContext;Lnet/minecraft/world/entity/player/Player;)V to md43348d$lambda$useOnBlock$0$0 in vinery-common.mixins.json:BoneMealItemMixin
[27Apr2026 18:55:01.248] [main/DEBUG] [mixin/]: Mixing BoneMealItemMixin from collective_forge.mixins.json into net.minecraft.world.item.BoneMealItem
[27Apr2026 18:55:01.253] [main/DEBUG] [net.minecraftforge.coremod.transformer.CoreModBaseTransformer/COREMOD]: Transforming m_7373_ with desc (Lnet/minecraft/world/item/ItemStack;Lnet/minecraft/world/level/Level;Ljava/util/List;Lnet/minecraft/world/item/TooltipFlag;)V
[27Apr2026 18:55:01.259] [main/DEBUG] [mixin/]: Mixing MixinShearsItem from curios.mixins.json into net.minecraft.world.item.ShearsItem
[27Apr2026 18:55:01.263] [main/DEBUG] [mixin/]: Mixing SpawnEggItemMixin from goblintraders.common.mixins.json into net.minecraft.world.item.SpawnEggItem
[27Apr2026 18:55:01.264] [main/DEBUG] [mixin/]: Renaming @Accessor method goblinTradersGetEggMap()Ljava/util/Map; to goblinTradersGetEggMap_$md$43348d$0 in goblintraders.common.mixins.json:SpawnEggItemMixin
[27Apr2026 18:55:01.267] [main/DEBUG] [net.minecraftforge.coremod.transformer.CoreModBaseTransformer/COREMOD]: Transforming m_7626_ with desc (Lnet/minecraft/world/item/ItemStack;)Lnet/minecraft/network/chat/Component;
[27Apr2026 18:55:01.292] [main/DEBUG] [mixin/]: Mixing inject.MixinItemProperties from architectury-common.mixins.json into net.minecraft.world.item.Item$Properties
[27Apr2026 18:55:01.317] [main/DEBUG] [mixin/]: Mixing AllayEntityMixin from immersive_melodies.mixin.json into net.minecraft.world.entity.animal.allay.Allay
[27Apr2026 18:55:01.327] [main/DEBUG] [net.minecraftforge.coremod.transformer.CoreModBaseTransformer/COREMOD]: Transforming net/minecraft/world/level/chunk/LevelChunk
[27Apr2026 18:55:01.327] [main/DEBUG] [net.minecraftforge.coremod.transformer.CoreModBaseTransformer/COREMOD]: Transforming net/minecraft/world/level/chunk/LevelChunk
[27Apr2026 18:55:01.327] [main/DEBUG] [mixin/]: Mixing world.inline_block_access.WorldChunkMixin from lithium.mixins.json into net.minecraft.world.level.chunk.LevelChunk
[27Apr2026 18:55:01.328] [main/DEBUG] [mixin/]: lithium.mixins.json:world.inline_block_access.WorldChunkMixin: Class version 61 required is higher than the class version supported by the current version of Mixin (JAVA_16 supports class version 60)
[27Apr2026 18:55:01.328] [main/DEBUG] [mixin/]: Mixing collections.block_entity_tickers.WorldChunkMixin from lithium.mixins.json into net.minecraft.world.level.chunk.LevelChunk
[27Apr2026 18:55:01.328] [main/DEBUG] [mixin/]: lithium.mixins.json:collections.block_entity_tickers.WorldChunkMixin: Class version 61 required is higher than the class version supported by the current version of Mixin (JAVA_16 supports class version 60)
[27Apr2026 18:55:01.331] [main/DEBUG] [mixin/]: Mixing world.combined_heightmap_update.WorldChunkMixin from lithium.mixins.json into net.minecraft.world.level.chunk.LevelChunk
[27Apr2026 18:55:01.331] [main/DEBUG] [mixin/]: lithium.mixins.json:world.combined_heightmap_update.WorldChunkMixin: Class version 61 required is higher than the class version supported by the current version of Mixin (JAVA_16 supports class version 60)
[27Apr2026 18:55:01.332] [main/DEBUG] [mixin/]: Mixing world.inline_height.WorldChunkMixin from lithium.mixins.json into net.minecraft.world.level.chunk.LevelChunk
[27Apr2026 18:55:01.332] [main/DEBUG] [mixin/]: lithium.mixins.json:world.inline_height.WorldChunkMixin: Class version 61 required is higher than the class version supported by the current version of Mixin (JAVA_16 supports class version 60)
[27Apr2026 18:55:01.333] [main/DEBUG] [mixin/]: Mixing LevelChunkMixin from refurbished_furniture.common.mixins.json into net.minecraft.world.level.chunk.LevelChunk
[27Apr2026 18:55:01.338] [main/WARN] [mixin/]: @Inject(@At("INVOKE_ASSIGN")) Shift.BY=2 on refurbished_furniture.common.mixins.json:LevelChunkMixin::handler$bai000$refurbishedFurniture$AfterRemoveBlockEntity exceeds the maximum allowed value: 0. Increase the value of maxShiftBy to suppress this warning.
[27Apr2026 18:55:01.354] [main/DEBUG] [mixin/]: Mixing entity.inactive_navigations.EntityNavigationMixin from lithium.mixins.json into net.minecraft.world.entity.ai.navigation.PathNavigation
[27Apr2026 18:55:01.354] [main/DEBUG] [mixin/]: lithium.mixins.json:entity.inactive_navigations.EntityNavigationMixin: Class version 61 required is higher than the class version supported by the current version of Mixin (JAVA_16 supports class version 60)
[27Apr2026 18:55:01.358] [main/DEBUG] [net.minecraftforge.coremod.transformer.CoreModBaseTransformer/COREMOD]: Transforming m_7088_ with desc ()Z
[27Apr2026 18:55:01.585] [main/DEBUG] [mixin/]: Mixing alloc.nbt.NbtCompoundMixin from lithium.mixins.json into net.minecraft.nbt.CompoundTag
[27Apr2026 18:55:01.585] [main/DEBUG] [mixin/]: lithium.mixins.json:alloc.nbt.NbtCompoundMixin: Class version 61 required is higher than the class version supported by the current version of Mixin (JAVA_16 supports class version 60)
[27Apr2026 18:55:01.590] [main/DEBUG] [mixin/]: Mixing alloc.nbt.NbtCompoundMixin$Type from lithium.mixins.json into net.minecraft.nbt.CompoundTag$1
[27Apr2026 18:55:01.591] [main/DEBUG] [mixin/]: lithium.mixins.json:alloc.nbt.NbtCompoundMixin$Type: Class version 61 required is higher than the class version supported by the current version of Mixin (JAVA_16 supports class version 60)
[27Apr2026 18:55:02.047] [main/DEBUG] [mixin/]: Mixing entity.replace_entitytype_predicates.ArmorStandEntityMixin from lithium.mixins.json into net.minecraft.world.entity.decoration.ArmorStand
[27Apr2026 18:55:02.048] [main/DEBUG] [mixin/]: lithium.mixins.json:entity.replace_entitytype_predicates.ArmorStandEntityMixin: Class version 61 required is higher than the class version supported by the current version of Mixin (JAVA_16 supports class version 60)
[27Apr2026 18:55:02.048] [main/DEBUG] [mixin/]: Renaming synthetic method lambda$getMinecartsDirectly$0(Lnet/minecraft/world/entity/Entity;Lnet/minecraft/world/entity/Entity;)Z to md43348d$lambda$getMinecartsDirectly$0$0 in lithium.mixins.json:entity.replace_entitytype_predicates.ArmorStandEntityMixin
[27Apr2026 18:55:02.048] [main/DEBUG] [mixin/]: Mixing entity.skip_equipment_change_check.ArmorStandEntityMixin from lithium.mixins.json into net.minecraft.world.entity.decoration.ArmorStand
[27Apr2026 18:55:02.048] [main/DEBUG] [mixin/]: lithium.mixins.json:entity.skip_equipment_change_check.ArmorStandEntityMixin: Class version 61 required is higher than the class version supported by the current version of Mixin (JAVA_16 supports class version 60)
[27Apr2026 18:55:02.061] [main/DEBUG] [mixin/]: Mixing ExperienceOrbMixin from vinery-common.mixins.json into net.minecraft.world.entity.ExperienceOrb
[27Apr2026 18:55:02.071] [main/DEBUG] [mixin/]: Mixing NeutralMobsMixin from crittersandcompanions.mixins.json into net.minecraft.world.entity.animal.Bee
[27Apr2026 18:55:02.083] [main/DEBUG] [mixin/]: Mixing NearestAttackableTargetGoalMixin from crittersandcompanions.mixins.json into net.minecraft.world.entity.ai.goal.target.NearestAttackableTargetGoal
[27Apr2026 18:55:02.084] [main/DEBUG] [mixin/]: Renaming synthetic method lambda$onInit$0(Lnet/minecraft/world/entity/Mob;Lnet/minecraft/world/entity/LivingEntity;)Z to md43348d$lambda$onInit$0$0 in crittersandcompanions.mixins.json:NearestAttackableTargetGoalMixin
[27Apr2026 18:55:02.097] [main/DEBUG] [mixin/]: Mixing entity.collisions.unpushable_cramming.BoatEntityMixin from lithium.mixins.json into net.minecraft.world.entity.vehicle.Boat
[27Apr2026 18:55:02.097] [main/DEBUG] [mixin/]: lithium.mixins.json:entity.collisions.unpushable_cramming.BoatEntityMixin: Class version 61 required is higher than the class version supported by the current version of Mixin (JAVA_16 supports class version 60)
[27Apr2026 18:55:02.113] [main/DEBUG] [mixin/]: Mixing CatMixin from crittersandcompanions.mixins.json into net.minecraft.world.entity.animal.Cat
[27Apr2026 18:55:02.123] [main/DEBUG] [mixin/]: Mixing SitWhenOrderedToGoalMixin from pet_cemetery.mixins.json into net.minecraft.world.entity.ai.goal.SitWhenOrderedToGoal
[27Apr2026 18:55:02.130] [main/DEBUG] [net.minecraftforge.coremod.transformer.CoreModBaseTransformer/COREMOD]: Transforming net/minecraft/world/entity/monster/Spider
[27Apr2026 18:55:02.142] [main/DEBUG] [mixin/]: Mixing NeutralMobsMixin from crittersandcompanions.mixins.json into net.minecraft.world.entity.monster.Spider
[27Apr2026 18:55:02.157] [main/DEBUG] [mixin/]: Mixing ChickenMixin from blueprint.mixins.json into net.minecraft.world.entity.animal.Chicken
[27Apr2026 18:55:02.177] [main/DEBUG] [mixin/]: Mixing AbstractChestedHorseMixin from relics.mixins.json into net.minecraft.world.entity.animal.horse.AbstractChestedHorse
[27Apr2026 18:55:02.177] [main/DEBUG] [mixin/]: relics.mixins.json:AbstractChestedHorseMixin: Class version 61 required is higher than the class version supported by the current version of Mixin (JAVA_8 supports class version 52)
[27Apr2026 18:55:02.183] [main/DEBUG] [mixin/]: Mixing entity.inactive_navigations.DrownedEntityMixin from lithium.mixins.json into net.minecraft.world.entity.monster.Drowned
[27Apr2026 18:55:02.183] [main/DEBUG] [mixin/]: lithium.mixins.json:entity.inactive_navigations.DrownedEntityMixin: Class version 61 required is higher than the class version supported by the current version of Mixin (JAVA_16 supports class version 60)
[27Apr2026 18:55:02.183] [main/DEBUG] [mixin/]: Mixing DrownedMixin from crittersandcompanions.mixins.json into net.minecraft.world.entity.monster.Drowned
[27Apr2026 18:55:02.188] [main/DEBUG] [net.minecraftforge.coremod.transformer.CoreModBaseTransformer/COREMOD]: Transforming net/minecraft/world/entity/monster/Zombie
[27Apr2026 18:55:02.257] [main/DEBUG] [net.minecraftforge.coremod.transformer.CoreModBaseTransformer/COREMOD]: Transforming net/minecraft/world/entity/monster/ZombieVillager
[27Apr2026 18:55:02.299] [main/DEBUG] [mixin/]: Mixing entity.inactive_navigations.DrownedEntityLeaveWaterGoalMixin from lithium.mixins.json into net.minecraft.world.entity.monster.Drowned$DrownedGoToBeachGoal
[27Apr2026 18:55:02.300] [main/DEBUG] [mixin/]: lithium.mixins.json:entity.inactive_navigations.DrownedEntityLeaveWaterGoalMixin: Class version 61 required is higher than the class version supported by the current version of Mixin (JAVA_16 supports class version 60)
[27Apr2026 18:55:02.318] [main/DEBUG] [mixin/]: Mixing EnderManMixin from relics.mixins.json into net.minecraft.world.entity.monster.EnderMan
[27Apr2026 18:55:02.318] [main/DEBUG] [mixin/]: relics.mixins.json:EnderManMixin: Class version 61 required is higher than the class version supported by the current version of Mixin (JAVA_8 supports class version 52)
[27Apr2026 18:55:02.318] [main/DEBUG] [mixin/]: Mixing NeutralMobsMixin from crittersandcompanions.mixins.json into net.minecraft.world.entity.monster.EnderMan
[27Apr2026 18:55:02.326] [main/DEBUG] [mixin/]: Mixing ai.raid.RaiderEntityMixin from lithium.mixins.json into net.minecraft.world.entity.raid.Raider
[27Apr2026 18:55:02.327] [main/DEBUG] [mixin/]: lithium.mixins.json:ai.raid.RaiderEntityMixin: Class version 61 required is higher than the class version supported by the current version of Mixin (JAVA_16 supports class version 60)
[27Apr2026 18:55:02.327] [main/DEBUG] [mixin/]: Renaming synthetic method lambda$static$0(Lnet/minecraft/world/entity/item/ItemEntity;)Z to md43348d$lambda$static$0$0 in lithium.mixins.json:ai.raid.RaiderEntityMixin
[27Apr2026 18:55:02.332] [main/DEBUG] [mixin/]: Mixing ai.raid.PickupBannerAsLeaderGoalMixin from lithium.mixins.json into net.minecraft.world.entity.raid.Raider$ObtainRaidLeaderBannerGoal
[27Apr2026 18:55:02.333] [main/DEBUG] [mixin/]: lithium.mixins.json:ai.raid.PickupBannerAsLeaderGoalMixin: Class version 61 required is higher than the class version supported by the current version of Mixin (JAVA_16 supports class version 60)
[27Apr2026 18:55:02.335] [main/DEBUG] [mixin/]: Mixing ai.poi.tasks.RaiderEntityAttackHomeGoalMixin from lithium.mixins.json into net.minecraft.world.entity.raid.Raider$RaiderMoveThroughVillageGoal
[27Apr2026 18:55:02.335] [main/DEBUG] [mixin/]: lithium.mixins.json:ai.poi.tasks.RaiderEntityAttackHomeGoalMixin: Class version 61 required is higher than the class version supported by the current version of Mixin (JAVA_16 supports class version 60)
[27Apr2026 18:55:02.339] [main/DEBUG] [net.minecraftforge.coremod.transformer.CoreModBaseTransformer/COREMOD]: Transforming net/minecraft/world/entity/monster/Evoker$EvokerSummonSpellGoal
[27Apr2026 18:55:02.362] [main/DEBUG] [mixin/]: Mixing FoxEntityEatSweetBerriesGoalMixin from vinery-common.mixins.json into net.minecraft.world.entity.animal.Fox$FoxEatBerriesGoal
[27Apr2026 18:55:02.398] [main/DEBUG] [mixin/]: Mixing entity.replace_entitytype_predicates.IronGolemWanderAroundGoalMixin from lithium.mixins.json into net.minecraft.world.entity.ai.goal.GolemRandomStrollInVillageGoal
[27Apr2026 18:55:02.399] [main/DEBUG] [mixin/]: lithium.mixins.json:entity.replace_entitytype_predicates.IronGolemWanderAroundGoalMixin: Class version 61 required is higher than the class version supported by the current version of Mixin (JAVA_16 supports class version 60)
[27Apr2026 18:55:02.407] [main/DEBUG] [mixin/]: Mixing NeutralMobsMixin from crittersandcompanions.mixins.json into net.minecraft.world.entity.animal.horse.Llama
[27Apr2026 18:55:02.412] [main/DEBUG] [mixin/]: Mixing entity.replace_entitytype_predicates.FormCaravanGoalMixin from lithium.mixins.json into net.minecraft.world.entity.ai.goal.LlamaFollowCaravanGoal
[27Apr2026 18:55:02.412] [main/DEBUG] [mixin/]: lithium.mixins.json:entity.replace_entitytype_predicates.FormCaravanGoalMixin: Class version 61 required is higher than the class version supported by the current version of Mixin (JAVA_16 supports class version 60)
[27Apr2026 18:55:02.412] [main/DEBUG] [mixin/]: Renaming synthetic method lambda$getLlamasForCaravan$0(Lnet/minecraft/world/entity/Entity;Lnet/minecraft/world/entity/animal/horse/Llama;)Z to md43348d$lambda$getLlamasForCaravan$0$0 in lithium.mixins.json:entity.replace_entitytype_predicates.FormCaravanGoalMixin
[27Apr2026 18:55:02.425] [main/DEBUG] [mixin/]: Mixing OcelotMixin from crittersandcompanions.mixins.json into net.minecraft.world.entity.animal.Ocelot
[27Apr2026 18:55:02.436] [main/DEBUG] [mixin/]: Mixing ParrotEntityMixin from immersive_melodies.mixin.json into net.minecraft.world.entity.animal.Parrot
[27Apr2026 18:55:02.445] [main/DEBUG] [mixin/]: Mixing PhantomSweepAttackGoalMixin from pet_cemetery.mixins.json into net.minecraft.world.entity.monster.Phantom$PhantomSweepAttackGoal
[27Apr2026 18:55:02.446] [main/DEBUG] [mixin/]: Renaming synthetic method lambda$getEntitiesOfClass$0(Ljava/util/function/Predicate;Lnet/minecraft/world/entity/Entity;)Z to md43348d$lambda$getEntitiesOfClass$0$0 in pet_cemetery.mixins.json:PhantomSweepAttackGoalMixin
[27Apr2026 18:55:02.451] [main/DEBUG] [mixin/]: Mixing ZombifiedPiglinMixin from crittersandcompanions.mixins.json into net.minecraft.world.entity.monster.ZombifiedPiglin
[27Apr2026 18:55:02.451] [main/DEBUG] [mixin/]: Renaming synthetic method lambda$onAddBehaviourGoals$0(Lnet/minecraft/world/entity/LivingEntity;)Z to md43348d$lambda$onAddBehaviourGoals$0$0 in crittersandcompanions.mixins.json:ZombifiedPiglinMixin
[27Apr2026 18:55:02.459] [main/DEBUG] [mixin/]: Mixing PillagerEntityMixin from immersive_melodies.mixin.json into net.minecraft.world.entity.monster.Pillager
[27Apr2026 18:55:02.464] [main/DEBUG] [mixin/]: Mixing NeutralMobsMixin from crittersandcompanions.mixins.json into net.minecraft.world.entity.animal.PolarBear
[27Apr2026 18:55:02.473] [main/DEBUG] [mixin/]: Mixing RabbitScaredScarecrowMixin from tameablebeasts.mixins.json into net.minecraft.world.entity.animal.Rabbit
[27Apr2026 18:55:02.473] [main/DEBUG] [mixin/]: Mixing RabbitMixin from blueprint.mixins.json into net.minecraft.world.entity.animal.Rabbit
[27Apr2026 18:55:02.475] [main/DEBUG] [mixin/]: Mixing RabbitsEatCabbageMixin from farmersdelight.mixins.json into net.minecraft.world.entity.animal.Rabbit
[27Apr2026 18:55:02.500] [main/DEBUG] [net.minecraftforge.coremod.transformer.CoreModBaseTransformer/COREMOD]: Transforming net/minecraft/world/entity/animal/horse/SkeletonTrapGoal
[27Apr2026 18:55:02.516] [main/DEBUG] [net.minecraftforge.coremod.transformer.CoreModBaseTransformer/COREMOD]: Transforming net/minecraft/world/entity/monster/Strider
[27Apr2026 18:55:02.561] [main/DEBUG] [mixin/]: Mixing common.PoseMixin from parcool.mixins.json into net.minecraft.world.entity.Pose
[27Apr2026 18:55:02.561] [main/DEBUG] [mixin/]: parcool.mixins.json:common.PoseMixin: Class version 61 required is higher than the class version supported by the current version of Mixin (JAVA_8 supports class version 52)
[27Apr2026 18:55:02.561] [main/DEBUG] [mixin/]: Renaming @Invoker method newPose(Ljava/lang/String;I)Lnet/minecraft/world/entity/Pose; to newPose_$md$43348d$0 in parcool.mixins.json:common.PoseMixin
[27Apr2026 18:55:02.569] [main/DEBUG] [mixin/]: Mixing entity.data_tracker.use_arrays.DataTrackerMixin from lithium.mixins.json into net.minecraft.network.syncher.SynchedEntityData
[27Apr2026 18:55:02.569] [main/DEBUG] [mixin/]: lithium.mixins.json:entity.data_tracker.use_arrays.DataTrackerMixin: Class version 61 required is higher than the class version supported by the current version of Mixin (JAVA_16 supports class version 60)
[27Apr2026 18:55:02.573] [main/DEBUG] [mixin/]: Mixing entity.data_tracker.no_locks.DataTrackerMixin from lithium.mixins.json into net.minecraft.network.syncher.SynchedEntityData
[27Apr2026 18:55:02.573] [main/DEBUG] [mixin/]: lithium.mixins.json:entity.data_tracker.no_locks.DataTrackerMixin: Class version 61 required is higher than the class version supported by the current version of Mixin (JAVA_16 supports class version 60)
[27Apr2026 18:55:02.591] [main/DEBUG] [mixin/]: Mixing ai.sensor.secondary_poi.SecondaryPointsOfInterestSensorMixin from lithium.mixins.json into net.minecraft.world.entity.ai.sensing.SecondaryPoiSensor
[27Apr2026 18:55:02.592] [main/DEBUG] [mixin/]: lithium.mixins.json:ai.sensor.secondary_poi.SecondaryPointsOfInterestSensorMixin: Class version 61 required is higher than the class version supported by the current version of Mixin (JAVA_16 supports class version 60)
[27Apr2026 18:55:02.608] [main/DEBUG] [mixin/]: Mixing util.world_border_listener.WorldBorderMixin from lithium.mixins.json into net.minecraft.world.level.border.WorldBorder
[27Apr2026 18:55:02.608] [main/DEBUG] [mixin/]: lithium.mixins.json:util.world_border_listener.WorldBorderMixin: Class version 61 required is higher than the class version supported by the current version of Mixin (JAVA_16 supports class version 60)
[27Apr2026 18:55:02.631] [main/DEBUG] [mixin/]: Mixing NeutralMobsMixin from crittersandcompanions.mixins.json into net.minecraft.world.entity.monster.Vex
[27Apr2026 18:55:02.638] [main/DEBUG] [net.minecraftforge.coremod.transformer.CoreModBaseTransformer/COREMOD]: Transforming net/minecraft/world/entity/npc/Villager
[27Apr2026 18:55:02.688] [main/DEBUG] [mixin/]: Mixing item.wearable.villagerhat.VillagerMixin from mixins.artifacts.common.json into net.minecraft.world.entity.npc.Villager
[27Apr2026 18:55:02.697] [main/DEBUG] [mixin/]: Mixing MerchantMenuMixin from goblintraders.common.mixins.json into net.minecraft.world.inventory.MerchantMenu
[27Apr2026 18:55:02.698] [main/DEBUG] [mixin/]: Renaming synthetic method lambda$goblinTraders$isMatching$0(Ljava/util/Map;Ljava/util/Map$Entry;)Z to md43348d$lambda$goblinTraders$isMatching$0$0 in goblintraders.common.mixins.json:MerchantMenuMixin
[27Apr2026 18:55:02.717] [main/DEBUG] [mixin/]: Mixing NeutralMobsMixin from crittersandcompanions.mixins.json into net.minecraft.world.entity.animal.Wolf
[27Apr2026 18:55:02.730] [main/DEBUG] [mixin/]: Mixing entity.collisions.unpushable_cramming.EntityPredicatesMixin from lithium.mixins.json into net.minecraft.world.entity.EntitySelector
[27Apr2026 18:55:02.730] [main/DEBUG] [mixin/]: lithium.mixins.json:entity.collisions.unpushable_cramming.EntityPredicatesMixin: Class version 61 required is higher than the class version supported by the current version of Mixin (JAVA_16 supports class version 60)
[27Apr2026 18:55:02.738] [main/DEBUG] [mixin/]: Mixing inject.MixinFoodPropertiesBuilder from architectury-common.mixins.json into net.minecraft.world.food.FoodProperties$Builder
[27Apr2026 18:55:02.741] [main/DEBUG] [net.minecraftforge.coremod.transformer.CoreModBaseTransformer/COREMOD]: Transforming net/minecraft/world/effect/MobEffectInstance
[27Apr2026 18:55:02.763] [main/DEBUG] [net.minecraftforge.coremod.transformer.CoreModBaseTransformer/COREMOD]: Transforming net/minecraft/server/network/ServerGamePacketListenerImpl
[27Apr2026 18:55:02.775] [main/DEBUG] [mixin/]: Mixing item.umbrella.server.ServerGamePacketListenerImplMixin from mixins.artifacts.common.json into net.minecraft.server.network.ServerGamePacketListenerImpl
[27Apr2026 18:55:02.776] [main/DEBUG] [mixin/]: Mixing accessor.ServerGamePacketListenerImplAccessor from hangglider.common.mixins.json into net.minecraft.server.network.ServerGamePacketListenerImpl
[27Apr2026 18:55:02.776] [main/DEBUG] [mixin/]: Mixing swimming.server.ServerGamePacketListenerImplMixin from expandability-common.mixins.json into net.minecraft.server.network.ServerGamePacketListenerImpl
[27Apr2026 18:55:02.776] [main/DEBUG] [mixin/]: Mixing ServerPlayNetHandlerMixin from connectivity.mixins.json into net.minecraft.server.network.ServerGamePacketListenerImpl
[27Apr2026 18:55:02.794] [main/DEBUG] [mixin/]: Mixing accessor.PotionBrewingAccessor from yungsapi.mixins.json into net.minecraft.world.item.alchemy.PotionBrewing
[27Apr2026 18:55:02.794] [main/DEBUG] [mixin/]: Renaming @Invoker method callAddMix(Lnet/minecraft/world/item/alchemy/Potion;Lnet/minecraft/world/item/Item;Lnet/minecraft/world/item/alchemy/Potion;)V to callAddMix_$md$43348d$0 in yungsapi.mixins.json:accessor.PotionBrewingAccessor
[27Apr2026 18:55:02.794] [main/DEBUG] [mixin/]: Mixing accessor.PotionBrewingForgeAccessor from puzzleslib.forge.mixins.json into net.minecraft.world.item.alchemy.PotionBrewing
[27Apr2026 18:55:02.794] [main/DEBUG] [mixin/]: Renaming @Accessor method puzzleslib$getPotionMixes()Ljava/util/List; to puzzleslib$getPotionMixes_$md$43348d$1 in puzzleslib.forge.mixins.json:accessor.PotionBrewingForgeAccessor
[27Apr2026 18:55:02.794] [main/DEBUG] [mixin/]: Renaming @Accessor method puzzleslib$getContainerMixes()Ljava/util/List; to puzzleslib$getContainerMixes_$md$43348d$2 in puzzleslib.forge.mixins.json:accessor.PotionBrewingForgeAccessor
[27Apr2026 18:55:02.794] [main/DEBUG] [mixin/]: Renaming @Accessor method puzzleslib$getAllowedContainers()Ljava/util/List; to puzzleslib$getAllowedContainers_$md$43348d$3 in puzzleslib.forge.mixins.json:accessor.PotionBrewingForgeAccessor
[27Apr2026 18:55:02.861] [main/DEBUG] [mixin/]: Mixing structures.StructureProcessorAccessor from mns-common.mixins.json into net.minecraft.world.level.levelgen.structure.templatesystem.StructureProcessor
[27Apr2026 18:55:02.880] [main/DEBUG] [mixin/]: Mixing world.combined_heightmap_update.HeightmapAccessor from lithium.mixins.json into net.minecraft.world.level.levelgen.Heightmap
[27Apr2026 18:55:02.881] [main/DEBUG] [mixin/]: lithium.mixins.json:world.combined_heightmap_update.HeightmapAccessor: Class version 61 required is higher than the class version supported by the current version of Mixin (JAVA_16 supports class version 60)
[27Apr2026 18:55:02.884] [main/DEBUG] [mixin/]: Mixing structures.StructureTemplateManagerAccessor from mns-common.mixins.json into net.minecraft.world.level.levelgen.structure.templatesystem.StructureTemplateManager
[27Apr2026 18:55:02.909] [main/DEBUG] [mixin/]: Mixing SlotAccessor from balm.mixins.json into net.minecraft.world.inventory.Slot
[27Apr2026 18:55:02.920] [main/DEBUG] [mixin/]: Mixing MerchantResultSlotMixin from goblintraders.common.mixins.json into net.minecraft.world.inventory.MerchantResultSlot
[27Apr2026 18:55:03.026] [main/DEBUG] [mixin/]: Mixing MixinApplyBonusCount from curios.mixins.json into net.minecraft.world.level.storage.loot.functions.ApplyBonusCount
[27Apr2026 18:55:03.067] [main/DEBUG] [mixin/]: Mixing collections.mob_spawning.PoolMixin from lithium.mixins.json into net.minecraft.util.random.WeightedRandomList
[27Apr2026 18:55:03.067] [main/DEBUG] [mixin/]: lithium.mixins.json:collections.mob_spawning.PoolMixin: Class version 61 required is higher than the class version supported by the current version of Mixin (JAVA_16 supports class version 60)
[27Apr2026 18:55:03.138] [main/DEBUG] [mixin/]: Mixing gen.NoLakesInStructuresMixin from iceandfire.mixins.json into net.minecraft.world.level.levelgen.feature.LakeFeature
[27Apr2026 18:55:03.149] [main/DEBUG] [mixin/]: Mixing NoBasaltColumnsInStructuresMixin from betterfortresses.mixins.json into net.minecraft.world.level.levelgen.feature.BasaltColumnsFeature
[27Apr2026 18:55:03.152] [main/DEBUG] [mixin/]: Mixing NoDeltasInStructuresMixin from betterfortresses.mixins.json into net.minecraft.world.level.levelgen.feature.DeltaFeature
[27Apr2026 18:55:03.255] [main/DEBUG] [mixin/]: Mixing StructureSetMixin from bettervillage.mixins.json into net.minecraft.world.level.levelgen.structure.StructureSet
[27Apr2026 18:55:03.256] [main/DEBUG] [mixin/]: Renaming synthetic method lambda$onCreateStructureSet$1(Lnet/minecraft/world/level/levelgen/structure/StructureSet$StructureSelectionEntry;)Z to md43348d$lambda$onCreateStructureSet$1$0 in bettervillage.mixins.json:StructureSetMixin
[27Apr2026 18:55:03.256] [main/DEBUG] [mixin/]: Renaming synthetic method lambda$onCreateStructureSet$0(Lnet/minecraft/resources/ResourceKey;)Ljava/lang/Boolean; to md43348d$lambda$onCreateStructureSet$0$1 in bettervillage.mixins.json:StructureSetMixin
[27Apr2026 18:55:03.261] [main/DEBUG] [net.minecraftforge.coremod.transformer.CoreModBaseTransformer/COREMOD]: Transforming net/minecraft/world/level/levelgen/structure/Structure
[27Apr2026 18:55:03.270] [main/DEBUG] [mixin/]: Mixing StructurePieceMixin from blueprint.mixins.json into net.minecraft.world.level.levelgen.structure.StructurePiece
[27Apr2026 18:55:03.270] [main/DEBUG] [mixin/]: Mixing structures.StructurePieceAccessor from mns-common.mixins.json into net.minecraft.world.level.levelgen.structure.StructurePiece
[27Apr2026 18:55:03.301] [main/DEBUG] [net.minecraftforge.coremod.transformer.CoreModBaseTransformer/COREMOD]: Transforming net/minecraft/world/level/levelgen/structure/structures/OceanRuinPieces$OceanRuinPiece
[27Apr2026 18:55:03.318] [main/DEBUG] [net.minecraftforge.coremod.transformer.CoreModBaseTransformer/COREMOD]: Transforming net/minecraft/world/level/levelgen/structure/structures/SwampHutPiece
[27Apr2026 18:55:03.329] [main/DEBUG] [net.minecraftforge.coremod.transformer.CoreModBaseTransformer/COREMOD]: Transforming net/minecraft/world/level/levelgen/structure/structures/OceanMonumentPieces$OceanMonumentPiece
[27Apr2026 18:55:03.347] [main/DEBUG] [net.minecraftforge.coremod.transformer.CoreModBaseTransformer/COREMOD]: Transforming net/minecraft/world/level/levelgen/structure/structures/WoodlandMansionPieces$WoodlandMansionPiece
[27Apr2026 18:55:03.357] [main/DEBUG] [mixin/]: Mixing structures.PoolElementStructurePieceAccessor from mns-common.mixins.json into net.minecraft.world.level.levelgen.structure.PoolElementStructurePiece
[27Apr2026 18:55:03.364] [main/DEBUG] [mixin/]: Mixing collections.mob_spawning.SpawnSettingsMixin from lithium.mixins.json into net.minecraft.world.level.biome.MobSpawnSettings
[27Apr2026 18:55:03.364] [main/DEBUG] [mixin/]: lithium.mixins.json:collections.mob_spawning.SpawnSettingsMixin: Class version 61 required is higher than the class version supported by the current version of Mixin (JAVA_16 supports class version 60)
[27Apr2026 18:55:03.387] [main/DEBUG] [mixin/]: Mixing StructureTemplatePoolAccessor from waystones.mixins.json into net.minecraft.world.level.levelgen.structure.pools.StructureTemplatePool
[27Apr2026 18:55:03.388] [main/DEBUG] [mixin/]: Mixing accessor.StructureTemplatePoolAccessor from yungsapi.mixins.json into net.minecraft.world.level.levelgen.structure.pools.StructureTemplatePool
[27Apr2026 18:55:03.388] [main/DEBUG] [mixin/]: Mixing IncreaseStructureWeightLimitMixinForge from yungsapi_forge.mixins.json into net.minecraft.world.level.levelgen.structure.pools.StructureTemplatePool
[27Apr2026 18:55:03.388] [main/DEBUG] [mixin/]: Mixing structures.StructurePoolAccessor from mns-common.mixins.json into net.minecraft.world.level.levelgen.structure.pools.StructureTemplatePool
[27Apr2026 18:55:03.388] [main/DEBUG] [mixin/]: Renaming @Accessor method getCODEC_REFERENCE()Lorg/apache/commons/lang3/mutable/MutableObject; to getCODEC_REFERENCE_$md$43348d$0 in mns-common.mixins.json:structures.StructurePoolAccessor
[27Apr2026 18:55:03.389] [main/DEBUG] [mixin/]: Unexpected: Registered method getRawTemplates()Ljava/util/List; in net.minecraft.world.level.levelgen.structure.pools.StructureTemplatePool was not merged
[27Apr2026 18:55:03.457] [main/DEBUG] [net.minecraftforge.coremod.transformer.CoreModBaseTransformer/COREMOD]: Transforming net/minecraft/world/level/biome/Biome
[27Apr2026 18:55:03.458] [main/DEBUG] [mixin/]: Mixing world.chunk_ticking.spread_ice.BiomeMixin from lithium.mixins.json into net.minecraft.world.level.biome.Biome
[27Apr2026 18:55:03.458] [main/DEBUG] [mixin/]: lithium.mixins.json:world.chunk_ticking.spread_ice.BiomeMixin: Class version 61 required is higher than the class version supported by the current version of Mixin (JAVA_16 supports class version 60)
[27Apr2026 18:55:03.458] [main/DEBUG] [mixin/]: Mixing world.temperature_cache.BiomeMixin from lithium.mixins.json into net.minecraft.world.level.biome.Biome
[27Apr2026 18:55:03.458] [main/DEBUG] [mixin/]: lithium.mixins.json:world.temperature_cache.BiomeMixin: Class version 61 required is higher than the class version supported by the current version of Mixin (JAVA_16 supports class version 60)
[27Apr2026 18:55:03.483] [main/DEBUG] [mixin/]: Mixing accessor.MobSpawnSettingsBuilderForgeAccessor from puzzleslib.forge.mixins.json into net.minecraft.world.level.biome.MobSpawnSettings$Builder
[27Apr2026 18:55:03.508] [main/DEBUG] [mixin/]: Mixing NoiseBasedChunkGeneratorMixin from citadel.mixins.json into net.minecraft.world.level.levelgen.NoiseBasedChunkGenerator
[27Apr2026 18:55:03.516] [main/DEBUG] [mixin/]: Mixing NoiseGeneratorSettingsMixin from blueprint.mixins.json into net.minecraft.world.level.levelgen.NoiseGeneratorSettings
[27Apr2026 18:55:03.783] [main/DEBUG] [mixin/]: Mixing SinglePoolElementMixin from waystones.mixins.json into net.minecraft.world.level.levelgen.structure.pools.SinglePoolElement
[27Apr2026 18:55:03.784] [main/DEBUG] [mixin/]: Renaming synthetic method lambda$waystones$isWaystone$1(Lnet/minecraft/world/level/levelgen/structure/templatesystem/StructureTemplate;)V to md43348d$lambda$waystones$isWaystone$1$0 in waystones.mixins.json:SinglePoolElementMixin
[27Apr2026 18:55:03.784] [main/DEBUG] [mixin/]: Renaming synthetic method lambda$waystones$isWaystone$0(Lnet/minecraft/resources/ResourceLocation;)V to md43348d$lambda$waystones$isWaystone$0$1 in waystones.mixins.json:SinglePoolElementMixin
[27Apr2026 18:55:03.785] [main/DEBUG] [mixin/]: Mixing accessor.SinglePoolElementAccessor from yungsapi.mixins.json into net.minecraft.world.level.levelgen.structure.pools.SinglePoolElement
[27Apr2026 18:55:03.786] [main/DEBUG] [mixin/]: Mixing structures.SinglePoolElementAccessor from mns-common.mixins.json into net.minecraft.world.level.levelgen.structure.pools.SinglePoolElement
[27Apr2026 18:55:03.787] [main/DEBUG] [mixin/]: Unexpected: Registered method callGetTemplate(Lnet/minecraft/world/level/levelgen/structure/templatesystem/StructureTemplateManager;)Lnet/minecraft/world/level/levelgen/structure/templatesystem/StructureTemplate; in net.minecraft.world.level.levelgen.structure.pools.SinglePoolElement was not merged
[27Apr2026 18:55:03.792] [main/DEBUG] [mixin/]: Mixing accessor.ListPoolElementAccessor from yungsapi.mixins.json into net.minecraft.world.level.levelgen.structure.pools.ListPoolElement
[27Apr2026 18:55:03.792] [main/DEBUG] [mixin/]: Mixing structures.ListPoolElementAccessor from mns-common.mixins.json into net.minecraft.world.level.levelgen.structure.pools.ListPoolElement
[27Apr2026 18:55:03.794] [main/DEBUG] [mixin/]: Mixing accessor.FeaturePoolElementAccessor from yungsapi.mixins.json into net.minecraft.world.level.levelgen.structure.pools.FeaturePoolElement
[27Apr2026 18:55:03.911] [main/DEBUG] [net.minecraftforge.common.ForgeI18n/CORE]: Loading I18N data entries: 6430
[27Apr2026 18:55:03.927] [main/DEBUG] [net.minecraftforge.fml.ModWorkManager/LOADING]: Using 4 threads for parallel mod-loading
[27Apr2026 18:55:03.931] [main/DEBUG] [net.minecraftforge.fml.javafmlmod.FMLJavaModLanguageProvider/LOADING]: Loading FMLModContainer from classloader cpw.mods.modlauncher.TransformingClassLoader@474619d9 - got cpw.mods.cl.ModuleClassLoader@62e7dffa
[27Apr2026 18:55:03.932] [main/DEBUG] [net.minecraftforge.fml.javafmlmod.FMLModContainer/LOADING]: Creating FMLModContainer instance for ht.treechop.TreeChopForge
[27Apr2026 18:55:03.936] [main/DEBUG] [net.minecraftforge.fml.javafmlmod.FMLJavaModLanguageProvider/LOADING]: Loading FMLModContainer from classloader cpw.mods.modlauncher.TransformingClassLoader@474619d9 - got cpw.mods.cl.ModuleClassLoader@62e7dffa
[27Apr2026 18:55:03.937] [main/DEBUG] [net.minecraftforge.fml.javafmlmod.FMLModContainer/LOADING]: Creating FMLModContainer instance for me.jellysquid.mods.lithium.common.LithiumMod
[27Apr2026 18:55:03.937] [main/DEBUG] [net.minecraftforge.fml.javafmlmod.FMLJavaModLanguageProvider/LOADING]: Loading FMLModContainer from classloader cpw.mods.modlauncher.TransformingClassLoader@474619d9 - got cpw.mods.cl.ModuleClassLoader@62e7dffa
[27Apr2026 18:55:03.937] [main/DEBUG] [net.minecraftforge.fml.javafmlmod.FMLModContainer/LOADING]: Creating FMLModContainer instance for com.bobmowzie.mowziesmobs.MowziesMobs
[27Apr2026 18:55:03.938] [main/DEBUG] [net.minecraftforge.fml.javafmlmod.FMLJavaModLanguageProvider/LOADING]: Loading FMLModContainer from classloader cpw.mods.modlauncher.TransformingClassLoader@474619d9 - got cpw.mods.cl.ModuleClassLoader@62e7dffa
[27Apr2026 18:55:03.938] [main/DEBUG] [net.minecraftforge.fml.javafmlmod.FMLModContainer/LOADING]: Creating FMLModContainer instance for net.blay09.mods.kuma.forge.ForgeKumaAPI
[27Apr2026 18:55:03.938] [main/DEBUG] [net.minecraftforge.fml.javafmlmod.FMLJavaModLanguageProvider/LOADING]: Loading FMLModContainer from classloader cpw.mods.modlauncher.TransformingClassLoader@474619d9 - got cpw.mods.cl.ModuleClassLoader@62e7dffa
[27Apr2026 18:55:03.938] [main/DEBUG] [net.minecraftforge.fml.javafmlmod.FMLModContainer/LOADING]: Creating FMLModContainer instance for dev.ftb.mods.ftbessentials.forge.FTBEssentialsForge
[27Apr2026 18:55:03.939] [main/DEBUG] [net.minecraftforge.fml.javafmlmod.FMLJavaModLanguageProvider/LOADING]: Loading FMLModContainer from classloader cpw.mods.modlauncher.TransformingClassLoader@474619d9 - got cpw.mods.cl.ModuleClassLoader@62e7dffa
[27Apr2026 18:55:03.939] [main/DEBUG] [net.minecraftforge.fml.javafmlmod.FMLModContainer/LOADING]: Creating FMLModContainer instance for io.github.bumblesoftware.fastload.init.Fastload
[27Apr2026 18:55:03.939] [main/DEBUG] [net.minecraftforge.fml.javafmlmod.FMLJavaModLanguageProvider/LOADING]: Loading FMLModContainer from classloader cpw.mods.modlauncher.TransformingClassLoader@474619d9 - got cpw.mods.cl.ModuleClassLoader@62e7dffa
[27Apr2026 18:55:03.939] [main/DEBUG] [net.minecraftforge.fml.javafmlmod.FMLModContainer/LOADING]: Creating FMLModContainer instance for com.modderg.tameablebeasts.TameableBeast
[27Apr2026 18:55:03.940] [main/DEBUG] [net.minecraftforge.fml.javafmlmod.FMLJavaModLanguageProvider/LOADING]: Loading FMLModContainer from classloader cpw.mods.modlauncher.TransformingClassLoader@474619d9 - got cpw.mods.cl.ModuleClassLoader@62e7dffa
[27Apr2026 18:55:03.940] [main/DEBUG] [net.minecraftforge.fml.javafmlmod.FMLModContainer/LOADING]: Creating FMLModContainer instance for software.bernie.example.GeckoLibMod
[27Apr2026 18:55:03.941] [main/DEBUG] [net.minecraftforge.fml.javafmlmod.FMLJavaModLanguageProvider/LOADING]: Loading FMLModContainer from classloader cpw.mods.modlauncher.TransformingClassLoader@474619d9 - got cpw.mods.cl.ModuleClassLoader@62e7dffa
[27Apr2026 18:55:03.941] [main/DEBUG] [net.minecraftforge.fml.javafmlmod.FMLModContainer/LOADING]: Creating FMLModContainer instance for dev.kosmx.playerAnim.forge.ForgeModInterface
[27Apr2026 18:55:03.941] [main/DEBUG] [net.minecraftforge.fml.javafmlmod.FMLJavaModLanguageProvider/LOADING]: Loading FMLModContainer from classloader cpw.mods.modlauncher.TransformingClassLoader@474619d9 - got cpw.mods.cl.ModuleClassLoader@62e7dffa
[27Apr2026 18:55:03.941] [main/DEBUG] [net.minecraftforge.fml.javafmlmod.FMLModContainer/LOADING]: Creating FMLModContainer instance for com.natamus.treeharvester.ModForge
[27Apr2026 18:55:03.942] [main/DEBUG] [net.minecraftforge.fml.javafmlmod.FMLJavaModLanguageProvider/LOADING]: Loading FMLModContainer from classloader cpw.mods.modlauncher.TransformingClassLoader@474619d9 - got cpw.mods.cl.ModuleClassLoader@62e7dffa
[27Apr2026 18:55:03.942] [main/DEBUG] [net.minecraftforge.fml.javafmlmod.FMLModContainer/LOADING]: Creating FMLModContainer instance for com.starfish_studios.hamsters.Hamsters
[27Apr2026 18:55:03.942] [main/DEBUG] [net.minecraftforge.fml.javafmlmod.FMLJavaModLanguageProvider/LOADING]: Loading FMLModContainer from classloader cpw.mods.modlauncher.TransformingClassLoader@474619d9 - got cpw.mods.cl.ModuleClassLoader@62e7dffa
[27Apr2026 18:55:03.942] [main/DEBUG] [net.minecraftforge.fml.javafmlmod.FMLModContainer/LOADING]: Creating FMLModContainer instance for com.jtorleonstudios.libraryferret.LibraryFerret
[27Apr2026 18:55:03.943] [main/DEBUG] [net.minecraftforge.fml.javafmlmod.FMLJavaModLanguageProvider/LOADING]: Loading FMLModContainer from classloader cpw.mods.modlauncher.TransformingClassLoader@474619d9 - got cpw.mods.cl.ModuleClassLoader@62e7dffa
[27Apr2026 18:55:03.943] [main/DEBUG] [net.minecraftforge.fml.javafmlmod.FMLModContainer/LOADING]: Creating FMLModContainer instance for com.mrcrayfish.goblintraders.GoblinTraders
[27Apr2026 18:55:03.944] [main/DEBUG] [net.minecraftforge.fml.javafmlmod.FMLJavaModLanguageProvider/LOADING]: Loading FMLModContainer from classloader cpw.mods.modlauncher.TransformingClassLoader@474619d9 - got cpw.mods.cl.ModuleClassLoader@62e7dffa
[27Apr2026 18:55:03.944] [main/DEBUG] [net.minecraftforge.fml.javafmlmod.FMLModContainer/LOADING]: Creating FMLModContainer instance for com.connectivity.Connectivity
[27Apr2026 18:55:03.944] [main/DEBUG] [net.minecraftforge.fml.javafmlmod.FMLJavaModLanguageProvider/LOADING]: Loading FMLModContainer from classloader cpw.mods.modlauncher.TransformingClassLoader@474619d9 - got cpw.mods.cl.ModuleClassLoader@62e7dffa
[27Apr2026 18:55:03.945] [main/DEBUG] [net.minecraftforge.fml.javafmlmod.FMLModContainer/LOADING]: Creating FMLModContainer instance for net.tschipcraft.dynamiclights.forge.Init
[27Apr2026 18:55:03.945] [main/DEBUG] [net.minecraftforge.fml.javafmlmod.FMLJavaModLanguageProvider/LOADING]: Loading FMLModContainer from classloader cpw.mods.modlauncher.TransformingClassLoader@474619d9 - got cpw.mods.cl.ModuleClassLoader@62e7dffa
[27Apr2026 18:55:03.946] [main/DEBUG] [net.minecraftforge.fml.javafmlmod.FMLModContainer/LOADING]: Creating FMLModContainer instance for immersive_aircraft.forge.CommonForge
[27Apr2026 18:55:03.946] [main/DEBUG] [net.minecraftforge.fml.javafmlmod.FMLJavaModLanguageProvider/LOADING]: Loading FMLModContainer from classloader cpw.mods.modlauncher.TransformingClassLoader@474619d9 - got cpw.mods.cl.ModuleClassLoader@62e7dffa
[27Apr2026 18:55:03.946] [main/DEBUG] [net.minecraftforge.fml.javafmlmod.FMLModContainer/LOADING]: Creating FMLModContainer instance for net.blay09.mods.waystones.ForgeWaystones
[27Apr2026 18:55:03.947] [main/DEBUG] [net.minecraftforge.fml.javafmlmod.FMLJavaModLanguageProvider/LOADING]: Loading FMLModContainer from classloader cpw.mods.modlauncher.TransformingClassLoader@474619d9 - got cpw.mods.cl.ModuleClassLoader@62e7dffa
[27Apr2026 18:55:03.947] [main/DEBUG] [net.minecraftforge.fml.javafmlmod.FMLModContainer/LOADING]: Creating FMLModContainer instance for xaero.map.WorldMapForge
[27Apr2026 18:55:03.948] [main/DEBUG] [net.minecraftforge.fml.javafmlmod.FMLJavaModLanguageProvider/LOADING]: Loading FMLModContainer from classloader cpw.mods.modlauncher.TransformingClassLoader@474619d9 - got cpw.mods.cl.ModuleClassLoader@62e7dffa
[27Apr2026 18:55:03.948] [main/DEBUG] [net.minecraftforge.fml.javafmlmod.FMLModContainer/LOADING]: Creating FMLModContainer instance for com.github.alexthe666.citadel.Citadel
[27Apr2026 18:55:03.949] [main/DEBUG] [net.minecraftforge.fml.javafmlmod.FMLJavaModLanguageProvider/LOADING]: Loading FMLModContainer from classloader cpw.mods.modlauncher.TransformingClassLoader@474619d9 - got cpw.mods.cl.ModuleClassLoader@62e7dffa
[27Apr2026 18:55:03.949] [main/DEBUG] [net.minecraftforge.fml.javafmlmod.FMLModContainer/LOADING]: Creating FMLModContainer instance for com.github.alexthe666.alexsmobs.AlexsMobs
[27Apr2026 18:55:03.950] [main/DEBUG] [net.minecraftforge.fml.javafmlmod.FMLJavaModLanguageProvider/LOADING]: Loading FMLModContainer from classloader cpw.mods.modlauncher.TransformingClassLoader@474619d9 - got cpw.mods.cl.ModuleClassLoader@62e7dffa
[27Apr2026 18:55:03.950] [main/DEBUG] [net.minecraftforge.fml.javafmlmod.FMLModContainer/LOADING]: Creating FMLModContainer instance for com.tiviacz.travelersbackpack.TravelersBackpack
[27Apr2026 18:55:03.951] [main/DEBUG] [net.minecraftforge.fml.javafmlmod.FMLJavaModLanguageProvider/LOADING]: Loading FMLModContainer from classloader cpw.mods.modlauncher.TransformingClassLoader@474619d9 - got cpw.mods.cl.ModuleClassLoader@62e7dffa
[27Apr2026 18:55:03.951] [main/DEBUG] [net.minecraftforge.fml.javafmlmod.FMLModContainer/LOADING]: Creating FMLModContainer instance for artifacts.forge.ArtifactsForge
[27Apr2026 18:55:03.952] [main/DEBUG] [net.minecraftforge.fml.javafmlmod.FMLJavaModLanguageProvider/LOADING]: Loading FMLModContainer from classloader cpw.mods.modlauncher.TransformingClassLoader@474619d9 - got cpw.mods.cl.ModuleClassLoader@62e7dffa
[27Apr2026 18:55:03.952] [main/DEBUG] [net.minecraftforge.fml.javafmlmod.FMLModContainer/LOADING]: Creating FMLModContainer instance for com.yungnickyoung.minecraft.yungsapi.YungsApiForge
[27Apr2026 18:55:03.952] [main/DEBUG] [net.minecraftforge.fml.javafmlmod.FMLJavaModLanguageProvider/LOADING]: Loading FMLModContainer from classloader cpw.mods.modlauncher.TransformingClassLoader@474619d9 - got cpw.mods.cl.ModuleClassLoader@62e7dffa
[27Apr2026 18:55:03.952] [main/DEBUG] [net.minecraftforge.fml.javafmlmod.FMLModContainer/LOADING]: Creating FMLModContainer instance for com.llamalad7.mixinextras.platform.forge.MixinExtrasMod
[27Apr2026 18:55:03.953] [main/DEBUG] [net.minecraftforge.fml.javafmlmod.FMLJavaModLanguageProvider/LOADING]: Loading FMLModContainer from classloader cpw.mods.modlauncher.TransformingClassLoader@474619d9 - got cpw.mods.cl.ModuleClassLoader@62e7dffa
[27Apr2026 18:55:03.953] [main/DEBUG] [net.minecraftforge.fml.javafmlmod.FMLModContainer/LOADING]: Creating FMLModContainer instance for com.modrinth.OhduvhIc.ModrinthWrapper
[27Apr2026 18:55:03.953] [main/DEBUG] [net.minecraftforge.fml.javafmlmod.FMLJavaModLanguageProvider/LOADING]: Loading FMLModContainer from classloader cpw.mods.modlauncher.TransformingClassLoader@474619d9 - got cpw.mods.cl.ModuleClassLoader@62e7dffa
[27Apr2026 18:55:03.953] [main/DEBUG] [net.minecraftforge.fml.javafmlmod.FMLModContainer/LOADING]: Creating FMLModContainer instance for net.mcreator.royalvariations.RoyalvariationsMod
[27Apr2026 18:55:03.954] [main/DEBUG] [net.minecraftforge.fml.javafmlmod.FMLJavaModLanguageProvider/LOADING]: Loading FMLModContainer from classloader cpw.mods.modlauncher.TransformingClassLoader@474619d9 - got cpw.mods.cl.ModuleClassLoader@62e7dffa
[27Apr2026 18:55:03.954] [main/DEBUG] [net.minecraftforge.fml.javafmlmod.FMLModContainer/LOADING]: Creating FMLModContainer instance for it.hurts.sskirillss.relics.Relics
[27Apr2026 18:55:03.954] [main/DEBUG] [net.minecraftforge.fml.javafmlmod.FMLJavaModLanguageProvider/LOADING]: Loading FMLModContainer from classloader cpw.mods.modlauncher.TransformingClassLoader@474619d9 - got cpw.mods.cl.ModuleClassLoader@62e7dffa
[27Apr2026 18:55:03.954] [main/DEBUG] [net.minecraftforge.fml.javafmlmod.FMLModContainer/LOADING]: Creating FMLModContainer instance for com.TBK.creature_compendium.common.CreatureCompendium
[27Apr2026 18:55:03.956] [main/DEBUG] [net.minecraftforge.fml.javafmlmod.FMLJavaModLanguageProvider/LOADING]: Loading FMLModContainer from classloader cpw.mods.modlauncher.TransformingClassLoader@474619d9 - got cpw.mods.cl.ModuleClassLoader@62e7dffa
[27Apr2026 18:55:03.956] [main/DEBUG] [net.minecraftforge.fml.javafmlmod.FMLModContainer/LOADING]: Creating FMLModContainer instance for com.clickadv.ClickAdvancements
[27Apr2026 18:55:03.956] [main/DEBUG] [net.minecraftforge.fml.javafmlmod.FMLJavaModLanguageProvider/LOADING]: Loading FMLModContainer from classloader cpw.mods.modlauncher.TransformingClassLoader@474619d9 - got cpw.mods.cl.ModuleClassLoader@62e7dffa
[27Apr2026 18:55:03.956] [main/DEBUG] [net.minecraftforge.fml.javafmlmod.FMLModContainer/LOADING]: Creating FMLModContainer instance for com.craftix.medieval_buildings.MedBuild
[27Apr2026 18:55:03.957] [main/DEBUG] [net.minecraftforge.fml.javafmlmod.FMLJavaModLanguageProvider/LOADING]: Loading FMLModContainer from classloader cpw.mods.modlauncher.TransformingClassLoader@474619d9 - got cpw.mods.cl.ModuleClassLoader@62e7dffa
[27Apr2026 18:55:03.957] [main/DEBUG] [net.minecraftforge.fml.javafmlmod.FMLModContainer/LOADING]: Creating FMLModContainer instance for com.github.alexthe666.iceandfire.IceAndFire
[27Apr2026 18:55:03.958] [main/DEBUG] [net.minecraftforge.fml.javafmlmod.FMLJavaModLanguageProvider/LOADING]: Loading FMLModContainer from classloader cpw.mods.modlauncher.TransformingClassLoader@474619d9 - got cpw.mods.cl.ModuleClassLoader@62e7dffa
[27Apr2026 18:55:03.958] [main/DEBUG] [net.minecraftforge.fml.javafmlmod.FMLModContainer/LOADING]: Creating FMLModContainer instance for net.blay09.mods.balm.forge.ForgeBalm
[27Apr2026 18:55:03.959] [main/DEBUG] [net.minecraftforge.fml.lowcodemod.LowCodeModLanguageProvider.LowCodeModTarget/LOADING]: Loading LowCodeModContainer from classloader cpw.mods.modlauncher.TransformingClassLoader@474619d9 - got cpw.mods.cl.ModuleClassLoader@62e7dffa
[27Apr2026 18:55:03.959] [main/DEBUG] [net.minecraftforge.fml.lowcodemod.LowCodeModContainer/LOADING]: Creating LowCodeModContainer for terralith
[27Apr2026 18:55:03.959] [main/DEBUG] [net.minecraftforge.fml.javafmlmod.FMLJavaModLanguageProvider/LOADING]: Loading FMLModContainer from classloader cpw.mods.modlauncher.TransformingClassLoader@474619d9 - got cpw.mods.cl.ModuleClassLoader@62e7dffa
[27Apr2026 18:55:03.959] [main/DEBUG] [net.minecraftforge.fml.javafmlmod.FMLModContainer/LOADING]: Creating FMLModContainer instance for com.teamabnormals.blueprint.core.Blueprint
[27Apr2026 18:55:03.961] [main/DEBUG] [net.minecraftforge.fml.javafmlmod.FMLJavaModLanguageProvider/LOADING]: Loading FMLModContainer from classloader cpw.mods.modlauncher.TransformingClassLoader@474619d9 - got cpw.mods.cl.ModuleClassLoader@62e7dffa
[27Apr2026 18:55:03.961] [main/DEBUG] [net.minecraftforge.fml.javafmlmod.FMLModContainer/LOADING]: Creating FMLModContainer instance for tschipp.carryon.CarryOnForge
[27Apr2026 18:55:03.962] [main/DEBUG] [net.minecraftforge.fml.javafmlmod.FMLJavaModLanguageProvider/LOADING]: Loading FMLModContainer from classloader cpw.mods.modlauncher.TransformingClassLoader@474619d9 - got cpw.mods.cl.ModuleClassLoader@62e7dffa
[27Apr2026 18:55:03.962] [main/DEBUG] [net.minecraftforge.fml.javafmlmod.FMLModContainer/LOADING]: Creating FMLModContainer instance for com.corosus.watut.loader.forge.WatutModForge
[27Apr2026 18:55:03.963] [main/DEBUG] [net.minecraftforge.fml.javafmlmod.FMLJavaModLanguageProvider/LOADING]: Loading FMLModContainer from classloader cpw.mods.modlauncher.TransformingClassLoader@474619d9 - got cpw.mods.cl.ModuleClassLoader@62e7dffa
[27Apr2026 18:55:03.963] [main/DEBUG] [net.minecraftforge.fml.javafmlmod.FMLModContainer/LOADING]: Creating FMLModContainer instance for fuzs.puzzlesaccessapi.forge.PuzzlesAccessApiForge
[27Apr2026 18:55:03.963] [main/DEBUG] [net.minecraftforge.fml.javafmlmod.FMLJavaModLanguageProvider/LOADING]: Loading FMLModContainer from classloader cpw.mods.modlauncher.TransformingClassLoader@474619d9 - got cpw.mods.cl.ModuleClassLoader@62e7dffa
[27Apr2026 18:55:03.963] [main/DEBUG] [net.minecraftforge.fml.javafmlmod.FMLModContainer/LOADING]: Creating FMLModContainer instance for com.yungnickyoung.minecraft.betterfortresses.BetterFortressesForge
[27Apr2026 18:55:03.963] [main/DEBUG] [net.minecraftforge.fml.javafmlmod.FMLJavaModLanguageProvider/LOADING]: Loading FMLModContainer from classloader cpw.mods.modlauncher.TransformingClassLoader@474619d9 - got cpw.mods.cl.ModuleClassLoader@62e7dffa
[27Apr2026 18:55:03.964] [main/DEBUG] [net.minecraftforge.fml.javafmlmod.FMLModContainer/LOADING]: Creating FMLModContainer instance for me.shedaniel.clothconfig.ClothConfigForge
[27Apr2026 18:55:03.964] [main/DEBUG] [net.minecraftforge.fml.javafmlmod.FMLJavaModLanguageProvider/LOADING]: Loading FMLModContainer from classloader cpw.mods.modlauncher.TransformingClassLoader@474619d9 - got cpw.mods.cl.ModuleClassLoader@62e7dffa
[27Apr2026 18:55:03.964] [main/DEBUG] [net.minecraftforge.fml.javafmlmod.FMLModContainer/LOADING]: Creating FMLModContainer instance for net.minecraftforge.common.ForgeMod
[27Apr2026 18:55:03.967] [main/DEBUG] [net.minecraftforge.fml.javafmlmod.FMLJavaModLanguageProvider/LOADING]: Loading FMLModContainer from classloader cpw.mods.modlauncher.TransformingClassLoader@474619d9 - got cpw.mods.cl.ModuleClassLoader@62e7dffa
[27Apr2026 18:55:03.967] [main/DEBUG] [net.minecraftforge.fml.javafmlmod.FMLModContainer/LOADING]: Creating FMLModContainer instance for twilightforest.TwilightForestMod
[27Apr2026 18:55:03.968] [main/DEBUG] [net.minecraftforge.fml.lowcodemod.LowCodeModLanguageProvider.LowCodeModTarget/LOADING]: Loading LowCodeModContainer from classloader cpw.mods.modlauncher.TransformingClassLoader@474619d9 - got cpw.mods.cl.ModuleClassLoader@62e7dffa
[27Apr2026 18:55:03.968] [main/DEBUG] [net.minecraftforge.fml.lowcodemod.LowCodeModContainer/LOADING]: Creating LowCodeModContainer for geophilic
[27Apr2026 18:55:03.968] [main/DEBUG] [net.minecraftforge.fml.javafmlmod.FMLJavaModLanguageProvider/LOADING]: Loading FMLModContainer from classloader cpw.mods.modlauncher.TransformingClassLoader@474619d9 - got cpw.mods.cl.ModuleClassLoader@62e7dffa
[27Apr2026 18:55:03.968] [main/DEBUG] [net.minecraftforge.fml.javafmlmod.FMLModContainer/LOADING]: Creating FMLModContainer instance for de.maxhenkel.corpse.Main
[27Apr2026 18:55:03.970] [main/DEBUG] [net.minecraftforge.fml.javafmlmod.FMLJavaModLanguageProvider/LOADING]: Loading FMLModContainer from classloader cpw.mods.modlauncher.TransformingClassLoader@474619d9 - got cpw.mods.cl.ModuleClassLoader@62e7dffa
[27Apr2026 18:55:03.970] [main/DEBUG] [net.minecraftforge.fml.javafmlmod.FMLModContainer/LOADING]: Creating FMLModContainer instance for vectorwing.farmersdelight.FarmersDelight
[27Apr2026 18:55:03.970] [main/DEBUG] [net.minecraftforge.fml.javafmlmod.FMLJavaModLanguageProvider/LOADING]: Loading FMLModContainer from classloader cpw.mods.modlauncher.TransformingClassLoader@474619d9 - got cpw.mods.cl.ModuleClassLoader@62e7dffa
[27Apr2026 18:55:03.970] [main/DEBUG] [net.minecraftforge.fml.javafmlmod.FMLModContainer/LOADING]: Creating FMLModContainer instance for de.maxhenkel.voicechat.ForgeVoicechatMod
[27Apr2026 18:55:03.971] [main/DEBUG] [net.minecraftforge.fml.javafmlmod.FMLJavaModLanguageProvider/LOADING]: Loading FMLModContainer from classloader cpw.mods.modlauncher.TransformingClassLoader@474619d9 - got cpw.mods.cl.ModuleClassLoader@62e7dffa
[27Apr2026 18:55:03.971] [main/DEBUG] [net.minecraftforge.fml.javafmlmod.FMLModContainer/LOADING]: Creating FMLModContainer instance for elocindev.necronomicon.CommonInitializer
[27Apr2026 18:55:03.972] [main/DEBUG] [net.minecraftforge.fml.javafmlmod.FMLJavaModLanguageProvider/LOADING]: Loading FMLModContainer from classloader cpw.mods.modlauncher.TransformingClassLoader@474619d9 - got cpw.mods.cl.ModuleClassLoader@62e7dffa
[27Apr2026 18:55:03.972] [main/DEBUG] [net.minecraftforge.fml.javafmlmod.FMLModContainer/LOADING]: Creating FMLModContainer instance for snownee.jade.util.CommonProxy
[27Apr2026 18:55:03.973] [main/DEBUG] [net.minecraftforge.fml.javafmlmod.FMLJavaModLanguageProvider/LOADING]: Loading FMLModContainer from classloader cpw.mods.modlauncher.TransformingClassLoader@474619d9 - got cpw.mods.cl.ModuleClassLoader@62e7dffa
[27Apr2026 18:55:03.973] [main/DEBUG] [net.minecraftforge.fml.javafmlmod.FMLModContainer/LOADING]: Creating FMLModContainer instance for com.starfish_studios.another_furniture.forge.AnotherFurnitureForge
[27Apr2026 18:55:03.974] [main/DEBUG] [net.minecraftforge.fml.javafmlmod.FMLJavaModLanguageProvider/LOADING]: Loading FMLModContainer from classloader cpw.mods.modlauncher.TransformingClassLoader@474619d9 - got cpw.mods.cl.ModuleClassLoader@62e7dffa
[27Apr2026 18:55:03.974] [main/DEBUG] [net.minecraftforge.fml.javafmlmod.FMLModContainer/LOADING]: Creating FMLModContainer instance for team.creative.creativecore.CreativeCore
[27Apr2026 18:55:03.975] [main/DEBUG] [net.minecraftforge.fml.javafmlmod.FMLJavaModLanguageProvider/LOADING]: Loading FMLModContainer from classloader cpw.mods.modlauncher.TransformingClassLoader@474619d9 - got cpw.mods.cl.ModuleClassLoader@62e7dffa
[27Apr2026 18:55:03.975] [main/DEBUG] [net.minecraftforge.fml.javafmlmod.FMLModContainer/LOADING]: Creating FMLModContainer instance for com.illusivesoulworks.spectrelib.SpectreForgeMod
[27Apr2026 18:55:03.975] [main/DEBUG] [net.minecraftforge.fml.javafmlmod.FMLJavaModLanguageProvider/LOADING]: Loading FMLModContainer from classloader cpw.mods.modlauncher.TransformingClassLoader@474619d9 - got cpw.mods.cl.ModuleClassLoader@62e7dffa
[27Apr2026 18:55:03.975] [main/DEBUG] [net.minecraftforge.fml.javafmlmod.FMLModContainer/LOADING]: Creating FMLModContainer instance for fuzs.hangglider.HangGliderForge
[27Apr2026 18:55:03.976] [main/DEBUG] [net.minecraftforge.fml.javafmlmod.FMLJavaModLanguageProvider/LOADING]: Loading FMLModContainer from classloader cpw.mods.modlauncher.TransformingClassLoader@474619d9 - got cpw.mods.cl.ModuleClassLoader@62e7dffa
[27Apr2026 18:55:03.976] [main/DEBUG] [net.minecraftforge.fml.javafmlmod.FMLModContainer/LOADING]: Creating FMLModContainer instance for top.theillusivec4.curios.Curios
[27Apr2026 18:55:03.977] [main/DEBUG] [net.minecraftforge.fml.javafmlmod.FMLJavaModLanguageProvider/LOADING]: Loading FMLModContainer from classloader cpw.mods.modlauncher.TransformingClassLoader@474619d9 - got cpw.mods.cl.ModuleClassLoader@62e7dffa
[27Apr2026 18:55:03.977] [main/DEBUG] [net.minecraftforge.fml.javafmlmod.FMLModContainer/LOADING]: Creating FMLModContainer instance for vazkii.patchouli.forge.common.ForgeModInitializer
[27Apr2026 18:55:03.978] [main/DEBUG] [net.minecraftforge.fml.javafmlmod.FMLJavaModLanguageProvider/LOADING]: Loading FMLModContainer from classloader cpw.mods.modlauncher.TransformingClassLoader@474619d9 - got cpw.mods.cl.ModuleClassLoader@62e7dffa
[27Apr2026 18:55:03.978] [main/DEBUG] [net.minecraftforge.fml.javafmlmod.FMLModContainer/LOADING]: Creating FMLModContainer instance for xaero.minimap.XaeroMinimapForge
[27Apr2026 18:55:03.980] [main/DEBUG] [net.minecraftforge.fml.javafmlmod.FMLJavaModLanguageProvider/LOADING]: Loading FMLModContainer from classloader cpw.mods.modlauncher.TransformingClassLoader@474619d9 - got cpw.mods.cl.ModuleClassLoader@62e7dffa
[27Apr2026 18:55:03.980] [main/DEBUG] [net.minecraftforge.fml.javafmlmod.FMLModContainer/LOADING]: Creating FMLModContainer instance for com.natamus.collective.CollectiveForge
[27Apr2026 18:55:03.981] [main/DEBUG] [net.minecraftforge.fml.javafmlmod.FMLJavaModLanguageProvider/LOADING]: Loading FMLModContainer from classloader cpw.mods.modlauncher.TransformingClassLoader@474619d9 - got cpw.mods.cl.ModuleClassLoader@62e7dffa
[27Apr2026 18:55:03.981] [main/DEBUG] [net.minecraftforge.fml.javafmlmod.FMLModContainer/LOADING]: Creating FMLModContainer instance for com.teamabnormals.pet_cemetery.core.PetCemetery
[27Apr2026 18:55:03.982] [main/DEBUG] [net.minecraftforge.fml.javafmlmod.FMLJavaModLanguageProvider/LOADING]: Loading FMLModContainer from classloader cpw.mods.modlauncher.TransformingClassLoader@474619d9 - got cpw.mods.cl.ModuleClassLoader@62e7dffa
[27Apr2026 18:55:03.982] [main/DEBUG] [net.minecraftforge.fml.javafmlmod.FMLModContainer/LOADING]: Creating FMLModContainer instance for noppes.mpm.MorePlayerModels
[27Apr2026 18:55:03.982] [main/DEBUG] [net.minecraftforge.fml.javafmlmod.FMLJavaModLanguageProvider/LOADING]: Loading FMLModContainer from classloader cpw.mods.modlauncher.TransformingClassLoader@474619d9 - got cpw.mods.cl.ModuleClassLoader@62e7dffa
[27Apr2026 18:55:03.982] [main/DEBUG] [net.minecraftforge.fml.javafmlmod.FMLModContainer/LOADING]: Creating FMLModContainer instance for net.mcreator.sitmod.SitmodMod
[27Apr2026 18:55:03.983] [main/DEBUG] [net.minecraftforge.fml.javafmlmod.FMLJavaModLanguageProvider/LOADING]: Loading FMLModContainer from classloader cpw.mods.modlauncher.TransformingClassLoader@474619d9 - got cpw.mods.cl.ModuleClassLoader@62e7dffa
[27Apr2026 18:55:03.983] [main/DEBUG] [net.minecraftforge.fml.javafmlmod.FMLModContainer/LOADING]: Creating FMLModContainer instance for com.alrex.parcool.ParCool
[27Apr2026 18:55:03.984] [main/DEBUG] [net.minecraftforge.fml.javafmlmod.FMLJavaModLanguageProvider/LOADING]: Loading FMLModContainer from classloader cpw.mods.modlauncher.TransformingClassLoader@474619d9 - got cpw.mods.cl.ModuleClassLoader@62e7dffa
[27Apr2026 18:55:03.984] [main/DEBUG] [net.minecraftforge.fml.javafmlmod.FMLModContainer/LOADING]: Creating FMLModContainer instance for com.github.eterdelta.crittersandcompanions.CrittersAndCompanionsForge
[27Apr2026 18:55:03.984] [main/DEBUG] [net.minecraftforge.fml.javafmlmod.FMLJavaModLanguageProvider/LOADING]: Loading FMLModContainer from classloader cpw.mods.modlauncher.TransformingClassLoader@474619d9 - got cpw.mods.cl.ModuleClassLoader@62e7dffa
[27Apr2026 18:55:03.984] [main/DEBUG] [net.minecraftforge.fml.javafmlmod.FMLModContainer/LOADING]: Creating FMLModContainer instance for com.jtorleonstudios.bettervillage.Main
[27Apr2026 18:55:03.985] [main/DEBUG] [net.minecraftforge.fml.javafmlmod.FMLJavaModLanguageProvider/LOADING]: Loading FMLModContainer from classloader cpw.mods.modlauncher.TransformingClassLoader@474619d9 - got cpw.mods.cl.ModuleClassLoader@62e7dffa
[27Apr2026 18:55:03.985] [main/DEBUG] [net.minecraftforge.fml.javafmlmod.FMLModContainer/LOADING]: Creating FMLModContainer instance for com.corosus.coroutil.loader.forge.ConfigModForge
[27Apr2026 18:55:03.986] [main/DEBUG] [net.minecraftforge.fml.javafmlmod.FMLJavaModLanguageProvider/LOADING]: Loading FMLModContainer from classloader cpw.mods.modlauncher.TransformingClassLoader@474619d9 - got cpw.mods.cl.ModuleClassLoader@62e7dffa
[27Apr2026 18:55:03.986] [main/DEBUG] [net.minecraftforge.fml.javafmlmod.FMLModContainer/LOADING]: Creating FMLModContainer instance for com.phantomwing.rusticdelight.RusticDelight
[27Apr2026 18:55:03.986] [main/DEBUG] [net.minecraftforge.fml.javafmlmod.FMLJavaModLanguageProvider/LOADING]: Loading FMLModContainer from classloader cpw.mods.modlauncher.TransformingClassLoader@474619d9 - got cpw.mods.cl.ModuleClassLoader@62e7dffa
[27Apr2026 18:55:03.986] [main/DEBUG] [net.minecraftforge.fml.javafmlmod.FMLModContainer/LOADING]: Creating FMLModContainer instance for dev.architectury.forge.ArchitecturyForge
[27Apr2026 18:55:03.987] [main/DEBUG] [net.minecraftforge.fml.javafmlmod.FMLJavaModLanguageProvider/LOADING]: Loading FMLModContainer from classloader cpw.mods.modlauncher.TransformingClassLoader@474619d9 - got cpw.mods.cl.ModuleClassLoader@62e7dffa
[27Apr2026 18:55:03.987] [main/DEBUG] [net.minecraftforge.fml.javafmlmod.FMLModContainer/LOADING]: Creating FMLModContainer instance for dev.ftb.mods.ftblibrary.forge.FTBLibraryForge
[27Apr2026 18:55:03.987] [main/DEBUG] [net.minecraftforge.fml.javafmlmod.FMLJavaModLanguageProvider/LOADING]: Loading FMLModContainer from classloader cpw.mods.modlauncher.TransformingClassLoader@474619d9 - got cpw.mods.cl.ModuleClassLoader@62e7dffa
[27Apr2026 18:55:03.987] [main/DEBUG] [net.minecraftforge.fml.javafmlmod.FMLModContainer/LOADING]: Creating FMLModContainer instance for it.hurts.octostudios.octolib.forge.OctoLibForge
[27Apr2026 18:55:03.988] [main/DEBUG] [net.minecraftforge.fml.javafmlmod.FMLJavaModLanguageProvider/LOADING]: Loading FMLModContainer from classloader cpw.mods.modlauncher.TransformingClassLoader@474619d9 - got cpw.mods.cl.ModuleClassLoader@62e7dffa
[27Apr2026 18:55:03.988] [main/DEBUG] [net.minecraftforge.fml.javafmlmod.FMLModContainer/LOADING]: Creating FMLModContainer instance for net.satisfy.vinery.forge.VineryForge
[27Apr2026 18:55:03.988] [main/DEBUG] [net.minecraftforge.fml.javafmlmod.FMLJavaModLanguageProvider/LOADING]: Loading FMLModContainer from classloader cpw.mods.modlauncher.TransformingClassLoader@474619d9 - got cpw.mods.cl.ModuleClassLoader@62e7dffa
[27Apr2026 18:55:03.988] [main/DEBUG] [net.minecraftforge.fml.javafmlmod.FMLModContainer/LOADING]: Creating FMLModContainer instance for me.flashyreese.mods.sodiumextra.EmbeddiumExtraMod
[27Apr2026 18:55:03.988] [main/DEBUG] [net.minecraftforge.fml.javafmlmod.FMLJavaModLanguageProvider/LOADING]: Loading FMLModContainer from classloader cpw.mods.modlauncher.TransformingClassLoader@474619d9 - got cpw.mods.cl.ModuleClassLoader@62e7dffa
[27Apr2026 18:55:03.988] [main/DEBUG] [net.minecraftforge.fml.javafmlmod.FMLModContainer/LOADING]: Creating FMLModContainer instance for com.cupboard.Cupboard
[27Apr2026 18:55:03.989] [main/DEBUG] [net.minecraftforge.fml.javafmlmod.FMLJavaModLanguageProvider/LOADING]: Loading FMLModContainer from classloader cpw.mods.modlauncher.TransformingClassLoader@474619d9 - got cpw.mods.cl.ModuleClassLoader@62e7dffa
[27Apr2026 18:55:03.989] [main/DEBUG] [net.minecraftforge.fml.javafmlmod.FMLModContainer/LOADING]: Creating FMLModContainer instance for com.mrcrayfish.furniture.refurbished.FurnitureMod
[27Apr2026 18:55:03.990] [main/DEBUG] [net.minecraftforge.fml.javafmlmod.FMLJavaModLanguageProvider/LOADING]: Loading FMLModContainer from classloader cpw.mods.modlauncher.TransformingClassLoader@474619d9 - got cpw.mods.cl.ModuleClassLoader@62e7dffa
[27Apr2026 18:55:03.990] [main/DEBUG] [net.minecraftforge.fml.javafmlmod.FMLModContainer/LOADING]: Creating FMLModContainer instance for fuzs.puzzleslib.impl.PuzzlesLibForge
[27Apr2026 18:55:03.990] [main/DEBUG] [net.minecraftforge.fml.javafmlmod.FMLJavaModLanguageProvider/LOADING]: Loading FMLModContainer from classloader cpw.mods.modlauncher.TransformingClassLoader@474619d9 - got cpw.mods.cl.ModuleClassLoader@62e7dffa
[27Apr2026 18:55:03.990] [main/DEBUG] [net.minecraftforge.fml.javafmlmod.FMLModContainer/LOADING]: Creating FMLModContainer instance for com.illusivesoulworks.charmofundying.CharmOfUndyingForgeMod
[27Apr2026 18:55:03.991] [main/DEBUG] [net.minecraftforge.fml.javafmlmod.FMLJavaModLanguageProvider/LOADING]: Loading FMLModContainer from classloader cpw.mods.modlauncher.TransformingClassLoader@474619d9 - got cpw.mods.cl.ModuleClassLoader@62e7dffa
[27Apr2026 18:55:03.991] [main/DEBUG] [net.minecraftforge.fml.javafmlmod.FMLModContainer/LOADING]: Creating FMLModContainer instance for com.unascribed.ears.EarsMod
[27Apr2026 18:55:03.991] [main/DEBUG] [net.minecraftforge.fml.javafmlmod.FMLJavaModLanguageProvider/LOADING]: Loading FMLModContainer from classloader cpw.mods.modlauncher.TransformingClassLoader@474619d9 - got cpw.mods.cl.ModuleClassLoader@62e7dffa
[27Apr2026 18:55:03.992] [main/DEBUG] [net.minecraftforge.fml.javafmlmod.FMLModContainer/LOADING]: Creating FMLModContainer instance for com.finndog.mns.forge.MNSForge
[27Apr2026 18:55:03.992] [main/DEBUG] [net.minecraftforge.fml.javafmlmod.FMLJavaModLanguageProvider/LOADING]: Loading FMLModContainer from classloader cpw.mods.modlauncher.TransformingClassLoader@474619d9 - got cpw.mods.cl.ModuleClassLoader@62e7dffa
[27Apr2026 18:55:03.992] [main/DEBUG] [net.minecraftforge.fml.javafmlmod.FMLModContainer/LOADING]: Creating FMLModContainer instance for com.mrcrayfish.framework.FrameworkForge
[27Apr2026 18:55:03.993] [main/DEBUG] [net.minecraftforge.fml.javafmlmod.FMLJavaModLanguageProvider/LOADING]: Loading FMLModContainer from classloader cpw.mods.modlauncher.TransformingClassLoader@474619d9 - got cpw.mods.cl.ModuleClassLoader@62e7dffa
[27Apr2026 18:55:03.993] [main/DEBUG] [net.minecraftforge.fml.javafmlmod.FMLModContainer/LOADING]: Creating FMLModContainer instance for immersive_melodies.forge.CommonForge
[27Apr2026 18:55:03.993] [main/DEBUG] [net.minecraftforge.fml.javafmlmod.FMLJavaModLanguageProvider/LOADING]: Loading FMLModContainer from classloader cpw.mods.modlauncher.TransformingClassLoader@474619d9 - got cpw.mods.cl.ModuleClassLoader@62e7dffa
[27Apr2026 18:55:03.993] [main/DEBUG] [net.minecraftforge.fml.javafmlmod.FMLModContainer/LOADING]: Creating FMLModContainer instance for me.paulf.wings.WingsMod
[27Apr2026 18:55:03.994] [main/DEBUG] [net.minecraftforge.fml.javafmlmod.FMLJavaModLanguageProvider/LOADING]: Loading FMLModContainer from classloader cpw.mods.modlauncher.TransformingClassLoader@474619d9 - got cpw.mods.cl.ModuleClassLoader@62e7dffa
[27Apr2026 18:55:03.994] [main/DEBUG] [net.minecraftforge.fml.javafmlmod.FMLModContainer/LOADING]: Creating FMLModContainer instance for lain.mods.cos.init.forge.ForgeCosmeticArmorReworked
[27Apr2026 18:55:03.995] [main/DEBUG] [net.minecraftforge.fml.javafmlmod.FMLJavaModLanguageProvider/LOADING]: Loading FMLModContainer from classloader cpw.mods.modlauncher.TransformingClassLoader@474619d9 - got cpw.mods.cl.ModuleClassLoader@62e7dffa
[27Apr2026 18:55:03.995] [main/DEBUG] [net.minecraftforge.fml.javafmlmod.FMLModContainer/LOADING]: Creating FMLModContainer instance for be.florens.expandability.forge.ExpandAbilityForge
[27Apr2026 18:55:03.995] [main/DEBUG] [net.minecraftforge.fml.javafmlmod.FMLJavaModLanguageProvider/LOADING]: Loading FMLModContainer from classloader cpw.mods.modlauncher.TransformingClassLoader@474619d9 - got cpw.mods.cl.ModuleClassLoader@62e7dffa
[27Apr2026 18:55:03.995] [main/DEBUG] [net.minecraftforge.fml.javafmlmod.FMLModContainer/LOADING]: Creating FMLModContainer instance for net.mcreator.moadecorelectronics.MoaDecorElectronicsMod
[27Apr2026 18:55:03.996] [main/DEBUG] [net.minecraftforge.fml.javafmlmod.FMLJavaModLanguageProvider/LOADING]: Loading FMLModContainer from classloader cpw.mods.modlauncher.TransformingClassLoader@474619d9 - got cpw.mods.cl.ModuleClassLoader@62e7dffa
[27Apr2026 18:55:03.996] [main/DEBUG] [net.minecraftforge.fml.javafmlmod.FMLModContainer/LOADING]: Creating FMLModContainer instance for team.creative.playerrevive.PlayerRevive
[27Apr2026 18:55:03.996] [main/DEBUG] [net.minecraftforge.fml.javafmlmod.FMLJavaModLanguageProvider/LOADING]: Loading FMLModContainer from classloader cpw.mods.modlauncher.TransformingClassLoader@474619d9 - got cpw.mods.cl.ModuleClassLoader@62e7dffa
[27Apr2026 18:55:03.997] [main/DEBUG] [net.minecraftforge.fml.javafmlmod.FMLModContainer/LOADING]: Creating FMLModContainer instance for de.cristelknight999.wwoo_forge.wwoo_forge
[27Apr2026 18:55:04.009] [modloading-worker-0/DEBUG] [net.minecraftforge.fml.javafmlmod.AutomaticEventSubscriber/LOADING]: Attempting to inject @EventBusSubscriber classes into the eventbus for radium
[27Apr2026 18:55:04.009] [modloading-worker-0/DEBUG] [net.minecraftforge.fml.javafmlmod.AutomaticEventSubscriber/LOADING]: Attempting to inject @EventBusSubscriber classes into the eventbus for kuma_api
[27Apr2026 18:55:04.041] [modloading-worker-0/DEBUG] [mixin/]: Mixing SimpleChannelMixin from connectivity.mixins.json into net.minecraftforge.network.simple.SimpleChannel
[27Apr2026 18:55:04.045] [modloading-worker-0/DEBUG] [net.minecraftforge.fml.javafmlmod.AutomaticEventSubscriber/LOADING]: Attempting to inject @EventBusSubscriber classes into the eventbus for fastload
[27Apr2026 18:55:04.106] [modloading-worker-0/DEBUG] [net.minecraftforge.fml.config.ConfigTracker/CONFIG]: Config file treechop-common.toml for treechop tracking
[27Apr2026 18:55:04.106] [modloading-worker-0/DEBUG] [net.minecraftforge.fml.config.ConfigTracker/CONFIG]: Config file treechop-client.toml for treechop tracking
[27Apr2026 18:55:04.151] [modloading-worker-0/DEBUG] [net.minecraftforge.fml.ModLoadingContext/]: Attempted to register an empty config for type CLIENT on mod tameablebeasts using file name tameable-beasts-client.toml
[27Apr2026 18:55:04.158] [modloading-worker-0/DEBUG] [net.minecraftforge.fml.javafmlmod.AutomaticEventSubscriber/LOADING]: Attempting to inject @EventBusSubscriber classes into the eventbus for ftbessentials
[27Apr2026 18:55:04.158] [modloading-worker-0/DEBUG] [net.minecraftforge.fml.config.ConfigTracker/CONFIG]: Config file tameable-beasts-common.toml for tameablebeasts tracking
[27Apr2026 18:55:04.158] [modloading-worker-0/DEBUG] [net.minecraftforge.fml.javafmlmod.AutomaticEventSubscriber/LOADING]: Attempting to inject @EventBusSubscriber classes into the eventbus for tameablebeasts
[27Apr2026 18:55:04.160] [modloading-worker-0/DEBUG] [net.minecraftforge.fml.javafmlmod.AutomaticEventSubscriber/LOADING]: Auto-subscribing com.modderg.tameablebeasts.server.events.ServerForgeEvents to FORGE
[27Apr2026 18:55:04.160] [modloading-worker-0/DEBUG] [net.minecraftforge.fml.javafmlmod.AutomaticEventSubscriber/LOADING]: Attempting to inject @EventBusSubscriber classes into the eventbus for geckolib
[27Apr2026 18:55:04.161] [modloading-worker-0/DEBUG] [net.minecraftforge.fml.javafmlmod.AutomaticEventSubscriber/LOADING]: Auto-subscribing software.bernie.example.GeckoLibMod to FORGE
[27Apr2026 18:55:04.161] [modloading-worker-0/DEBUG] [net.minecraftforge.fml.javafmlmod.AutomaticEventSubscriber/LOADING]: Auto-subscribing software.bernie.example.CommonListener to MOD
[27Apr2026 18:55:04.164] [modloading-worker-0/DEBUG] [net.minecraftforge.fml.javafmlmod.AutomaticEventSubscriber/LOADING]: Attempting to inject @EventBusSubscriber classes into the eventbus for playeranimator
[27Apr2026 18:55:04.172] [modloading-worker-0/DEBUG] [net.minecraftforge.fml.javafmlmod.AutomaticEventSubscriber/LOADING]: Attempting to inject @EventBusSubscriber classes into the eventbus for treechop
[27Apr2026 18:55:04.172] [modloading-worker-0/DEBUG] [net.minecraftforge.fml.javafmlmod.AutomaticEventSubscriber/LOADING]: Auto-subscribing ht.treechop.server.ForgeServer to MOD
[27Apr2026 18:55:04.186] [modloading-worker-0/DEBUG] [net.minecraftforge.fml.javafmlmod.AutomaticEventSubscriber/LOADING]: Auto-subscribing ht.treechop.compat.TreeChopForgeAPITest to MOD
[27Apr2026 18:55:04.189] [modloading-worker-0/DEBUG] [net.minecraftforge.fml.javafmlmod.AutomaticEventSubscriber/LOADING]: Auto-subscribing ht.treechop.compat.TheOneProbe to MOD
[27Apr2026 18:55:04.191] [modloading-worker-0/DEBUG] [net.minecraftforge.fml.javafmlmod.AutomaticEventSubscriber/LOADING]: Auto-subscribing ht.treechop.compat.SilentGear to MOD
[27Apr2026 18:55:04.197] [modloading-worker-0/DEBUG] [net.minecraftforge.fml.javafmlmod.AutomaticEventSubscriber/LOADING]: Auto-subscribing ht.treechop.compat.ProjectMMO to MOD
[27Apr2026 18:55:04.199] [modloading-worker-0/DEBUG] [net.minecraftforge.fml.javafmlmod.AutomaticEventSubscriber/LOADING]: Auto-subscribing ht.treechop.compat.NoChopRecursion to MOD
[27Apr2026 18:55:04.201] [modloading-worker-0/DEBUG] [net.minecraftforge.fml.javafmlmod.AutomaticEventSubscriber/LOADING]: Auto-subscribing ht.treechop.compat.NoChopOnRightClick to MOD
[27Apr2026 18:55:04.202] [modloading-worker-0/DEBUG] [net.minecraftforge.fml.javafmlmod.AutomaticEventSubscriber/LOADING]: Auto-subscribing ht.treechop.compat.MultiMine to MOD
[27Apr2026 18:55:04.203] [modloading-worker-0/DEBUG] [net.minecraftforge.fml.javafmlmod.AutomaticEventSubscriber/LOADING]: Attempting to inject @EventBusSubscriber classes into the eventbus for hamsters
[27Apr2026 18:55:04.203] [modloading-worker-0/DEBUG] [net.minecraftforge.fml.javafmlmod.AutomaticEventSubscriber/LOADING]: Auto-subscribing com.starfish_studios.hamsters.registry.HamstersSoundEvents to MOD
[27Apr2026 18:55:04.203] [modloading-worker-0/DEBUG] [net.minecraftforge.fml.javafmlmod.AutomaticEventSubscriber/LOADING]: Auto-subscribing com.starfish_studios.hamsters.registry.HamstersItems to MOD
[27Apr2026 18:55:04.203] [modloading-worker-0/DEBUG] [net.minecraftforge.fml.javafmlmod.AutomaticEventSubscriber/LOADING]: Auto-subscribing com.starfish_studios.hamsters.registry.HamstersEntityType to MOD
[27Apr2026 18:55:04.203] [modloading-worker-0/DEBUG] [net.minecraftforge.fml.javafmlmod.AutomaticEventSubscriber/LOADING]: Auto-subscribing com.starfish_studios.hamsters.registry.HamstersCreativeModeTab to MOD
[27Apr2026 18:55:04.203] [modloading-worker-0/DEBUG] [net.minecraftforge.fml.javafmlmod.AutomaticEventSubscriber/LOADING]: Auto-subscribing com.starfish_studios.hamsters.registry.HamstersBlocks to MOD
[27Apr2026 18:55:04.204] [modloading-worker-0/DEBUG] [net.minecraftforge.fml.javafmlmod.AutomaticEventSubscriber/LOADING]: Auto-subscribing com.starfish_studios.hamsters.registry.HamstersBlockEntities to MOD
[27Apr2026 18:55:04.204] [modloading-worker-0/DEBUG] [net.minecraftforge.fml.javafmlmod.AutomaticEventSubscriber/LOADING]: Auto-subscribing com.starfish_studios.hamsters.events.MobEvents to MOD
[27Apr2026 18:55:04.210] [modloading-worker-0/DEBUG] [net.minecraftforge.fml.javafmlmod.AutomaticEventSubscriber/LOADING]: Auto-subscribing ht.treechop.compat.CarryOn to MOD
[27Apr2026 18:55:04.212] [modloading-worker-0/DEBUG] [net.minecraftforge.fml.javafmlmod.AutomaticEventSubscriber/LOADING]: Auto-subscribing ht.treechop.compat.Apotheosis to MOD
[27Apr2026 18:55:04.216] [modloading-worker-0/DEBUG] [net.minecraftforge.fml.javafmlmod.AutomaticEventSubscriber/LOADING]: Auto-subscribing ht.treechop.common.ForgeCommon to FORGE
[27Apr2026 18:55:04.230] [modloading-worker-0/INFO] [com.jtorleonstudios.libraryferret.LibraryFerret/]: Initialize mod Library Ferret
[27Apr2026 18:55:04.235] [modloading-worker-0/DEBUG] [net.minecraftforge.fml.javafmlmod.AutomaticEventSubscriber/LOADING]: Attempting to inject @EventBusSubscriber classes into the eventbus for treeharvester
[27Apr2026 18:55:04.246] [modloading-worker-0/DEBUG] [mixin/]: Mixing ReloadableServerResourcesMixin from balm.mixins.json into net.minecraft.server.ReloadableServerResources
[27Apr2026 18:55:04.248] [modloading-worker-0/DEBUG] [mixin/]: Renaming synthetic method lambda$loadResources$0(Lnet/minecraft/server/ReloadableServerResources;)V to md43348d$lambda$loadResources$0$0 in balm.mixins.json:ReloadableServerResourcesMixin
[27Apr2026 18:55:04.249] [modloading-worker-0/DEBUG] [mixin/]: Mixing ReloadableServerResourcesMixin from blueprint.mixins.json into net.minecraft.server.ReloadableServerResources
[27Apr2026 18:55:04.256] [modloading-worker-0/DEBUG] [net.minecraftforge.fml.javafmlmod.AutomaticEventSubscriber/LOADING]: Attempting to inject @EventBusSubscriber classes into the eventbus for goblintraders
[27Apr2026 18:55:04.260] [modloading-worker-0/INFO] [dynamiclights/]: [Dynamic Lights] Registering server started event...
[27Apr2026 18:55:04.265] [modloading-worker-0/DEBUG] [net.minecraftforge.fml.javafmlmod.AutomaticEventSubscriber/LOADING]: Attempting to inject @EventBusSubscriber classes into the eventbus for dynamiclights
[27Apr2026 18:55:04.268] [modloading-worker-0/DEBUG] [net.minecraftforge.fml.javafmlmod.AutomaticEventSubscriber/LOADING]: Auto-subscribing net.tschipcraft.dynamiclights.forge.Init to FORGE
[27Apr2026 18:55:04.268] [modloading-worker-0/INFO] [com.jtorleonstudios.libraryferret.LibraryFerret/]: Initialized mod Library Ferret
[27Apr2026 18:55:04.272] [modloading-worker-0/DEBUG] [net.minecraftforge.fml.javafmlmod.AutomaticEventSubscriber/LOADING]: Attempting to inject @EventBusSubscriber classes into the eventbus for libraryferret
[27Apr2026 18:55:04.272] [modloading-worker-0/DEBUG] [net.minecraftforge.fml.javafmlmod.AutomaticEventSubscriber/LOADING]: Auto-subscribing com.jtorleonstudios.libraryferret.CommonEvent to FORGE
[27Apr2026 18:55:04.272] [modloading-worker-0/DEBUG] [net.minecraftforge.fml.javafmlmod.AutomaticEventSubscriber/LOADING]: Attempting to inject @EventBusSubscriber classes into the eventbus for connectivity
[27Apr2026 18:55:04.301] [modloading-worker-0/DEBUG] [mixin/]: Mixing SimpleJsonResourceReloadListenerMixin from blueprint.mixins.json into net.minecraft.server.packs.resources.SimpleJsonResourceReloadListener
[27Apr2026 18:55:04.314] [modloading-worker-0/DEBUG] [xaero.map.WorldMap/]: Loaded xaero.map.platform.services.ForgePlatformHelper@109e9a4d for service interface xaero.map.platform.services.IPlatformHelper
[27Apr2026 18:55:04.345] [modloading-worker-0/DEBUG] [net.minecraftforge.fml.javafmlmod.AutomaticEventSubscriber/LOADING]: Attempting to inject @EventBusSubscriber classes into the eventbus for xaeroworldmap
[27Apr2026 18:55:04.398] [modloading-worker-0/DEBUG] [net.minecraftforge.fml.config.ConfigTracker/CONFIG]: Config file citadel-common.toml for citadel tracking
[27Apr2026 18:55:04.403] [modloading-worker-0/DEBUG] [net.minecraftforge.fml.javafmlmod.AutomaticEventSubscriber/LOADING]: Attempting to inject @EventBusSubscriber classes into the eventbus for citadel
[27Apr2026 18:55:04.404] [modloading-worker-0/DEBUG] [net.minecraftforge.fml.javafmlmod.AutomaticEventSubscriber/LOADING]: Auto-subscribing com.github.alexthe666.citadel.ServerProxy to MOD
[27Apr2026 18:55:04.441] [modloading-worker-0/DEBUG] [net.minecraftforge.fml.config.ConfigTracker/CONFIG]: Config file mowziesmobs-common.toml for mowziesmobs tracking
[27Apr2026 18:55:04.461] [modloading-worker-0/DEBUG] [net.minecraftforge.fml.javafmlmod.AutomaticEventSubscriber/LOADING]: Attempting to inject @EventBusSubscriber classes into the eventbus for immersive_aircraft
[27Apr2026 18:55:04.462] [modloading-worker-0/DEBUG] [net.minecraftforge.fml.javafmlmod.AutomaticEventSubscriber/LOADING]: Auto-subscribing immersive_aircraft.forge.ForgeBusEvents to FORGE
[27Apr2026 18:55:04.481] [modloading-worker-0/DEBUG] [net.minecraftforge.coremod.transformer.CoreModBaseTransformer/COREMOD]: Transforming m_11229_ with desc (Lnet/minecraft/server/level/ServerPlayer;Lnet/minecraft/server/level/ServerLevel;)V
[27Apr2026 18:55:04.485] [modloading-worker-0/DEBUG] [net.minecraftforge.coremod.transformer.CoreModBaseTransformer/COREMOD]: Transforming m_11229_ with desc (Lnet/minecraft/server/level/ServerPlayer;Lnet/minecraft/server/level/ServerLevel;)V
[27Apr2026 18:55:04.485] [modloading-worker-0/DEBUG] [mixin/]: Mixing PlayerListAccess from ftbessentials-common.mixins.json into net.minecraft.server.players.PlayerList
[27Apr2026 18:55:04.486] [modloading-worker-0/DEBUG] [mixin/]: Mixing PlayerListMixin from balm.mixins.json into net.minecraft.server.players.PlayerList
[27Apr2026 18:55:04.511] [modloading-worker-0/DEBUG] [net.minecraftforge.fml.javafmlmod.AutomaticEventSubscriber/LOADING]: Auto-subscribing immersive_aircraft.forge.CommonForge to MOD
[27Apr2026 18:55:04.520] [modloading-worker-0/DEBUG] [net.minecraftforge.fml.config.ConfigTracker/CONFIG]: Config file waystones-common.toml for waystones tracking
[27Apr2026 18:55:04.555] [modloading-worker-0/DEBUG] [net.minecraftforge.fml.config.ConfigTracker/CONFIG]: Config file travelersbackpack-server.toml for travelersbackpack tracking
[27Apr2026 18:55:04.556] [modloading-worker-0/DEBUG] [net.minecraftforge.fml.javafmlmod.AutomaticEventSubscriber/LOADING]: Attempting to inject @EventBusSubscriber classes into the eventbus for mowziesmobs
[27Apr2026 18:55:04.557] [modloading-worker-0/DEBUG] [net.minecraftforge.fml.javafmlmod.AutomaticEventSubscriber/LOADING]: Auto-subscribing com.bobmowzie.mowziesmobs.server.sound.MMSounds to FORGE
[27Apr2026 18:55:04.557] [modloading-worker-0/DEBUG] [net.minecraftforge.fml.javafmlmod.AutomaticEventSubscriber/LOADING]: Auto-subscribing com.bobmowzie.mowziesmobs.server.inventory.ContainerHandler to MOD
[27Apr2026 18:55:04.557] [modloading-worker-0/DEBUG] [net.minecraftforge.fml.config.ConfigTracker/CONFIG]: Config file travelersbackpack-common.toml for travelersbackpack tracking
[27Apr2026 18:55:04.557] [modloading-worker-0/DEBUG] [net.minecraftforge.fml.config.ConfigTracker/CONFIG]: Config file travelersbackpack-client.toml for travelersbackpack tracking
[27Apr2026 18:55:04.557] [modloading-worker-0/DEBUG] [net.minecraftforge.fml.javafmlmod.AutomaticEventSubscriber/LOADING]: Auto-subscribing com.bobmowzie.mowziesmobs.server.entity.EntityHandler to MOD
[27Apr2026 18:55:04.558] [modloading-worker-0/DEBUG] [net.minecraftforge.fml.javafmlmod.AutomaticEventSubscriber/LOADING]: Auto-subscribing com.bobmowzie.mowziesmobs.server.config.ConfigHandler to MOD
[27Apr2026 18:55:04.560] [modloading-worker-0/DEBUG] [net.minecraftforge.fml.javafmlmod.AutomaticEventSubscriber/LOADING]: Auto-subscribing com.bobmowzie.mowziesmobs.MowziesMobs to FORGE
[27Apr2026 18:55:04.560] [modloading-worker-0/DEBUG] [net.minecraftforge.fml.javafmlmod.AutomaticEventSubscriber/LOADING]: Auto-subscribing com.bobmowzie.mowziesmobs.datagen.DataGenerators to MOD
[27Apr2026 18:55:04.695] [modloading-worker-0/DEBUG] [net.minecraftforge.fml.javafmlmod.AutomaticEventSubscriber/LOADING]: Attempting to inject @EventBusSubscriber classes into the eventbus for waystones
[27Apr2026 18:55:04.749] [modloading-worker-0/INFO] [dev.architectury.networking.forge.NetworkManagerImpl/]: Registering C2S receiver with id architectury:sync_ids
[27Apr2026 18:55:04.755] [modloading-worker-0/INFO] [dev.architectury.networking.forge.NetworkManagerImpl/]: Registering C2S receiver with id artifacts:networking_channel/42a7ad70b1cc371599a0eff744096b8a
[27Apr2026 18:55:04.757] [modloading-worker-0/DEBUG] [betterfortresses/]: Loaded com.yungnickyoung.minecraft.betterfortresses.services.ForgePlatformHelper@658eff3b for service interface com.yungnickyoung.minecraft.betterfortresses.services.IPlatformHelper
[27Apr2026 18:55:04.758] [modloading-worker-0/DEBUG] [betterfortresses/]: Loaded com.yungnickyoung.minecraft.betterfortresses.services.ForgeModulesLoader@71d49586 for service interface com.yungnickyoung.minecraft.betterfortresses.services.IModulesLoader
[27Apr2026 18:55:04.756] [modloading-worker-0/INFO] [dev.architectury.networking.forge.NetworkManagerImpl/]: Registering C2S receiver with id artifacts:networking_channel/74a5e841822a3a87854ae896a33430d6
[27Apr2026 18:55:04.760] [modloading-worker-0/DEBUG] [betterfortresses/]: Loaded com.yungnickyoung.minecraft.betterfortresses.services.ForgeProcessorProvider@76650f83 for service interface com.yungnickyoung.minecraft.betterfortresses.services.IProcessorProvider
[27Apr2026 18:55:04.768] [modloading-worker-0/INFO] [dev.architectury.networking.forge.NetworkManagerImpl/]: Registering C2S receiver with id artifacts:networking_channel/eb3d1e2748533430848cadf0f37c7e9c
[27Apr2026 18:55:04.769] [modloading-worker-0/INFO] [dev.architectury.networking.forge.NetworkManagerImpl/]: Registering C2S receiver with id artifacts:networking_channel/91c8520f19f93b3e8b6a727568e194ab
[27Apr2026 18:55:04.770] [modloading-worker-0/INFO] [dev.architectury.networking.forge.NetworkManagerImpl/]: Registering C2S receiver with id artifacts:networking_channel/8c2784d778293fd482ed84b8aa5fedb9
[27Apr2026 18:55:04.774] [modloading-worker-0/INFO] [dev.architectury.networking.forge.NetworkManagerImpl/]: Registering C2S receiver with id artifacts:networking_channel/ea038224ea783d40b2863f52239e2604
[27Apr2026 18:55:04.775] [modloading-worker-0/INFO] [dev.architectury.networking.forge.NetworkManagerImpl/]: Registering C2S receiver with id artifacts:networking_channel/97ad64b7ecaf33209991c4f031501a58
[27Apr2026 18:55:04.790] [modloading-worker-0/DEBUG] [net.minecraftforge.fml.config.ConfigTracker/CONFIG]: Config file alexsmobs.toml for alexsmobs tracking
[27Apr2026 18:55:04.823] [modloading-worker-0/DEBUG] [mixin/]: Mixing item.wearable.WearableArtifactItemMixin from mixins.artifacts.forge.json into artifacts.item.wearable.WearableArtifactItem
[27Apr2026 18:55:04.853] [modloading-worker-0/DEBUG] [net.minecraftforge.fml.javafmlmod.AutomaticEventSubscriber/LOADING]: Attempting to inject @EventBusSubscriber classes into the eventbus for yungsapi
[27Apr2026 18:55:04.854] [modloading-worker-0/DEBUG] [net.minecraftforge.fml.javafmlmod.AutomaticEventSubscriber/LOADING]: Attempting to inject @EventBusSubscriber classes into the eventbus for mixinextras
[27Apr2026 18:55:04.854] [modloading-worker-0/DEBUG] [net.minecraftforge.fml.javafmlmod.AutomaticEventSubscriber/LOADING]: Attempting to inject @EventBusSubscriber classes into the eventbus for mr_veinminer
[27Apr2026 18:55:04.862] [modloading-worker-0/DEBUG] [mixin/]: Mixing item.umbrella.UmbrellaItemMixin from mixins.artifacts.forge.json into artifacts.item.UmbrellaItem
[27Apr2026 18:55:04.908] [modloading-worker-0/DEBUG] [net.minecraftforge.fml.javafmlmod.AutomaticEventSubscriber/LOADING]: Attempting to inject @EventBusSubscriber classes into the eventbus for alexsmobs
[27Apr2026 18:55:04.909] [modloading-worker-0/DEBUG] [net.minecraftforge.fml.javafmlmod.AutomaticEventSubscriber/LOADING]: Auto-subscribing com.github.alexthe666.alexsmobs.world.AMWorldRegistry to MOD
[27Apr2026 18:55:04.914] [modloading-worker-0/DEBUG] [net.minecraftforge.fml.javafmlmod.AutomaticEventSubscriber/LOADING]: Auto-subscribing com.github.alexthe666.alexsmobs.tileentity.AMTileEntityRegistry to MOD
[27Apr2026 18:55:04.914] [modloading-worker-0/DEBUG] [net.minecraftforge.fml.javafmlmod.AutomaticEventSubscriber/LOADING]: Auto-subscribing com.github.alexthe666.alexsmobs.event.ServerEvents to FORGE
[27Apr2026 18:55:04.919] [modloading-worker-0/DEBUG] [net.minecraftforge.fml.javafmlmod.AutomaticEventSubscriber/LOADING]: Auto-subscribing com.github.alexthe666.alexsmobs.entity.AMEntityRegistry to MOD
[27Apr2026 18:55:04.919] [modloading-worker-0/DEBUG] [net.minecraftforge.fml.javafmlmod.AutomaticEventSubscriber/LOADING]: Auto-subscribing com.github.alexthe666.alexsmobs.CommonProxy to MOD
[27Apr2026 18:55:04.920] [modloading-worker-0/DEBUG] [net.minecraftforge.fml.javafmlmod.AutomaticEventSubscriber/LOADING]: Auto-subscribing com.github.alexthe666.alexsmobs.AlexsMobs to FORGE
[27Apr2026 18:55:04.926] [modloading-worker-0/DEBUG] [net.minecraftforge.fml.javafmlmod.AutomaticEventSubscriber/LOADING]: Attempting to inject @EventBusSubscriber classes into the eventbus for royalvariations
[27Apr2026 18:55:04.927] [modloading-worker-0/DEBUG] [net.minecraftforge.fml.javafmlmod.AutomaticEventSubscriber/LOADING]: Auto-subscribing net.mcreator.royalvariations.procedures.SpiritualCrownClicProcedure to FORGE
[27Apr2026 18:55:04.928] [modloading-worker-0/DEBUG] [net.minecraftforge.fml.javafmlmod.AutomaticEventSubscriber/LOADING]: Auto-subscribing net.mcreator.royalvariations.procedures.RoyalZombieAtackProcedure to FORGE
[27Apr2026 18:55:04.929] [modloading-worker-0/DEBUG] [net.minecraftforge.fml.javafmlmod.AutomaticEventSubscriber/LOADING]: Auto-subscribing net.mcreator.royalvariations.procedures.RoyalBoneClicProcedure to FORGE
[27Apr2026 18:55:04.930] [modloading-worker-0/DEBUG] [net.minecraftforge.fml.javafmlmod.AutomaticEventSubscriber/LOADING]: Auto-subscribing net.mcreator.royalvariations.procedures.RottenKingProProcedure to FORGE
[27Apr2026 18:55:04.933] [modloading-worker-0/DEBUG] [net.minecraftforge.fml.javafmlmod.AutomaticEventSubscriber/LOADING]: Auto-subscribing net.mcreator.royalvariations.procedures.ExplosiveKingProProcedure to FORGE
[27Apr2026 18:55:04.935] [modloading-worker-0/DEBUG] [net.minecraftforge.fml.javafmlmod.AutomaticEventSubscriber/LOADING]: Auto-subscribing net.mcreator.royalvariations.procedures.DeathofKingsProcedure to FORGE
[27Apr2026 18:55:04.936] [modloading-worker-0/DEBUG] [net.minecraftforge.fml.javafmlmod.AutomaticEventSubscriber/LOADING]: Auto-subscribing net.mcreator.royalvariations.procedures.BonyKingProProcedure to FORGE
[27Apr2026 18:55:04.937] [modloading-worker-0/DEBUG] [net.minecraftforge.fml.javafmlmod.AutomaticEventSubscriber/LOADING]: Auto-subscribing net.mcreator.royalvariations.init.RoyalvariationsModGameRules to MOD
[27Apr2026 18:55:04.938] [modloading-worker-0/DEBUG] [mixin/]: Mixing gamerule.BooleanValueInvoker from mixins.artifacts.common.json into net.minecraft.world.level.GameRules$BooleanValue
[27Apr2026 18:55:04.939] [modloading-worker-0/DEBUG] [mixin/]: Renaming @Invoker method invokeCreate(ZLjava/util/function/BiConsumer;)Lnet/minecraft/world/level/GameRules$Type; to invokeCreate_$md$43348d$0 in mixins.artifacts.common.json:gamerule.BooleanValueInvoker
[27Apr2026 18:55:04.948] [modloading-worker-0/DEBUG] [mixin/]: Mixing collections.gamerules.GameRulesMixin from lithium.mixins.json into net.minecraft.world.level.GameRules
[27Apr2026 18:55:04.949] [modloading-worker-0/DEBUG] [mixin/]: lithium.mixins.json:collections.gamerules.GameRulesMixin: Class version 61 required is higher than the class version supported by the current version of Mixin (JAVA_16 supports class version 60)
[27Apr2026 18:55:04.968] [modloading-worker-0/DEBUG] [mixin/]: Mixing gamerule.IntegerValueInvoker from mixins.artifacts.common.json into net.minecraft.world.level.GameRules$IntegerValue
[27Apr2026 18:55:04.968] [modloading-worker-0/DEBUG] [mixin/]: Renaming @Invoker method invokeCreate(ILjava/util/function/BiConsumer;)Lnet/minecraft/world/level/GameRules$Type; to invokeCreate_$md$43348d$0 in mixins.artifacts.common.json:gamerule.IntegerValueInvoker
[27Apr2026 18:55:04.974] [modloading-worker-0/DEBUG] [net.minecraftforge.fml.javafmlmod.AutomaticEventSubscriber/LOADING]: Auto-subscribing net.mcreator.royalvariations.init.RoyalvariationsModEntities to MOD
[27Apr2026 18:55:04.976] [modloading-worker-0/DEBUG] [net.minecraftforge.fml.javafmlmod.AutomaticEventSubscriber/LOADING]: Auto-subscribing net.mcreator.royalvariations.init.EntityAnimationFactory to FORGE
[27Apr2026 18:55:05.004] [modloading-worker-0/DEBUG] [net.minecraftforge.fml.javafmlmod.AutomaticEventSubscriber/LOADING]: Attempting to inject @EventBusSubscriber classes into the eventbus for artifacts
[27Apr2026 18:55:05.021] [modloading-worker-0/DEBUG] [net.minecraftforge.fml.javafmlmod.AutomaticEventSubscriber/LOADING]: Attempting to inject @EventBusSubscriber classes into the eventbus for clickadv
[27Apr2026 18:55:05.022] [modloading-worker-0/DEBUG] [net.minecraftforge.fml.javafmlmod.AutomaticEventSubscriber/LOADING]: Attempting to inject @EventBusSubscriber classes into the eventbus for medieval_buildings
[27Apr2026 18:55:05.038] [modloading-worker-0/DEBUG] [net.minecraftforge.fml.config.ConfigTracker/CONFIG]: Config file iceandfire-client.toml for iceandfire tracking
[27Apr2026 18:55:05.039] [modloading-worker-0/DEBUG] [net.minecraftforge.fml.config.ConfigTracker/CONFIG]: Config file iceandfire-common.toml for iceandfire tracking
[27Apr2026 18:55:05.191] [modloading-worker-0/DEBUG] [net.minecraftforge.fml.javafmlmod.AutomaticEventSubscriber/LOADING]: Attempting to inject @EventBusSubscriber classes into the eventbus for relics
[27Apr2026 18:55:05.193] [modloading-worker-0/DEBUG] [net.minecraftforge.fml.javafmlmod.AutomaticEventSubscriber/LOADING]: Auto-subscribing it.hurts.sskirillss.relics.network.NetworkHandler to MOD
[27Apr2026 18:55:05.193] [modloading-worker-0/DEBUG] [net.minecraftforge.fml.javafmlmod.AutomaticEventSubscriber/LOADING]: Auto-subscribing it.hurts.sskirillss.relics.items.relics.ring.ChorusInhibitorItem$Events to FORGE
[27Apr2026 18:55:05.201] [modloading-worker-0/DEBUG] [net.minecraftforge.fml.javafmlmod.AutomaticEventSubscriber/LOADING]: Auto-subscribing it.hurts.sskirillss.relics.items.relics.ring.BastionRingItem$Events to FORGE
[27Apr2026 18:55:05.206] [modloading-worker-0/DEBUG] [net.minecraftforge.fml.javafmlmod.AutomaticEventSubscriber/LOADING]: Auto-subscribing it.hurts.sskirillss.relics.items.relics.necklace.ReflectionNecklaceItem$ReflectionNecklaceServerEvents to FORGE
[27Apr2026 18:55:05.207] [modloading-worker-0/DEBUG] [net.minecraftforge.fml.javafmlmod.AutomaticEventSubscriber/LOADING]: Attempting to inject @EventBusSubscriber classes into the eventbus for travelersbackpack
[27Apr2026 18:55:05.207] [modloading-worker-0/DEBUG] [net.minecraftforge.fml.javafmlmod.AutomaticEventSubscriber/LOADING]: Auto-subscribing com.tiviacz.travelersbackpack.handlers.NeoForgeEventHandler to FORGE
[27Apr2026 18:55:05.208] [modloading-worker-0/DEBUG] [net.minecraftforge.fml.javafmlmod.AutomaticEventSubscriber/LOADING]: Auto-subscribing it.hurts.sskirillss.relics.items.relics.necklace.HolyLocketItem$Events to FORGE
[27Apr2026 18:55:05.217] [modloading-worker-0/DEBUG] [net.minecraftforge.fml.javafmlmod.AutomaticEventSubscriber/LOADING]: Auto-subscribing it.hurts.sskirillss.relics.items.relics.hands.WoolMittenItem$Events to FORGE
[27Apr2026 18:55:05.224] [modloading-worker-0/DEBUG] [net.minecraftforge.fml.javafmlmod.AutomaticEventSubscriber/LOADING]: Auto-subscribing it.hurts.sskirillss.relics.items.relics.hands.RageGloveItem$Events to FORGE
[27Apr2026 18:55:05.227] [modloading-worker-0/DEBUG] [net.minecraftforge.fml.javafmlmod.AutomaticEventSubscriber/LOADING]: Auto-subscribing it.hurts.sskirillss.relics.items.relics.feet.RollerSkatesItem$Events to FORGE
[27Apr2026 18:55:05.229] [modloading-worker-0/DEBUG] [net.minecraftforge.fml.javafmlmod.AutomaticEventSubscriber/LOADING]: Auto-subscribing it.hurts.sskirillss.relics.items.relics.feet.MagmaWalkerItem to FORGE
[27Apr2026 18:55:05.258] [modloading-worker-0/DEBUG] [net.minecraftforge.fml.javafmlmod.AutomaticEventSubscriber/LOADING]: Auto-subscribing com.tiviacz.travelersbackpack.handlers.ModEventHandler to MOD
[27Apr2026 18:55:05.276] [modloading-worker-0/DEBUG] [net.minecraftforge.fml.javafmlmod.AutomaticEventSubscriber/LOADING]: Auto-subscribing it.hurts.sskirillss.relics.items.relics.feet.IceBreakerItem$Events to FORGE
[27Apr2026 18:55:05.278] [modloading-worker-0/DEBUG] [net.minecraftforge.fml.javafmlmod.AutomaticEventSubscriber/LOADING]: Auto-subscribing it.hurts.sskirillss.relics.items.relics.feet.AquaWalkerItem to FORGE
[27Apr2026 18:55:05.279] [modloading-worker-0/DEBUG] [net.minecraftforge.fml.javafmlmod.AutomaticEventSubscriber/LOADING]: Auto-subscribing it.hurts.sskirillss.relics.items.relics.feet.AmphibianBootItem$Events to FORGE
[27Apr2026 18:55:05.281] [modloading-worker-0/DEBUG] [net.minecraftforge.fml.config.ConfigTracker/CONFIG]: Config file balm-common.toml for balm tracking
[27Apr2026 18:55:05.285] [modloading-worker-0/DEBUG] [net.minecraftforge.fml.javafmlmod.AutomaticEventSubscriber/LOADING]: Auto-subscribing it.hurts.sskirillss.relics.items.relics.charm.SporeSackItem$Events to FORGE
[27Apr2026 18:55:05.286] [modloading-worker-0/DEBUG] [net.minecraftforge.fml.javafmlmod.AutomaticEventSubscriber/LOADING]: Auto-subscribing it.hurts.sskirillss.relics.items.relics.belt.LeatherBeltItem to FORGE
[27Apr2026 18:55:05.286] [modloading-worker-0/DEBUG] [net.minecraftforge.fml.javafmlmod.AutomaticEventSubscriber/LOADING]: Auto-subscribing it.hurts.sskirillss.relics.items.relics.belt.HunterBeltItem$HunterBeltEvents to FORGE
[27Apr2026 18:55:05.288] [modloading-worker-0/DEBUG] [net.minecraftforge.fml.javafmlmod.AutomaticEventSubscriber/LOADING]: Auto-subscribing it.hurts.sskirillss.relics.items.relics.belt.DrownedBeltItem$Events to FORGE
[27Apr2026 18:55:05.292] [modloading-worker-0/DEBUG] [net.minecraftforge.fml.javafmlmod.AutomaticEventSubscriber/LOADING]: Auto-subscribing it.hurts.sskirillss.relics.items.relics.back.MidnightRobeItem$ServerEvents to FORGE
[27Apr2026 18:55:05.293] [modloading-worker-0/DEBUG] [net.minecraftforge.fml.javafmlmod.AutomaticEventSubscriber/LOADING]: Attempting to inject @EventBusSubscriber classes into the eventbus for balm
[27Apr2026 18:55:05.296] [modloading-worker-0/DEBUG] [net.minecraftforge.fml.javafmlmod.AutomaticEventSubscriber/LOADING]: Auto-subscribing it.hurts.sskirillss.relics.items.relics.back.ElytraBoosterItem to FORGE
[27Apr2026 18:55:05.297] [modloading-worker-0/DEBUG] [net.minecraftforge.fml.javafmlmod.AutomaticEventSubscriber/LOADING]: Auto-subscribing it.hurts.sskirillss.relics.items.relics.back.ArrowQuiverItem$Events to FORGE
[27Apr2026 18:55:05.315] [modloading-worker-0/DEBUG] [net.minecraftforge.fml.javafmlmod.AutomaticEventSubscriber/LOADING]: Auto-subscribing it.hurts.sskirillss.relics.items.relics.SpatialSignItem$Events to FORGE
[27Apr2026 18:55:05.318] [modloading-worker-0/DEBUG] [net.minecraftforge.fml.javafmlmod.AutomaticEventSubscriber/LOADING]: Auto-subscribing it.hurts.sskirillss.relics.items.relics.MagicMirrorItem$ServerEvents to FORGE
[27Apr2026 18:55:05.318] [modloading-worker-0/DEBUG] [net.minecraftforge.fml.javafmlmod.AutomaticEventSubscriber/LOADING]: Auto-subscribing it.hurts.sskirillss.relics.items.relics.InfinityHamItem$Events to FORGE
[27Apr2026 18:55:05.319] [modloading-worker-0/DEBUG] [net.minecraftforge.fml.javafmlmod.AutomaticEventSubscriber/LOADING]: Auto-subscribing it.hurts.sskirillss.relics.init.CommandRegistry to FORGE
[27Apr2026 18:55:05.321] [modloading-worker-0/DEBUG] [net.minecraftforge.fml.javafmlmod.AutomaticEventSubscriber/LOADING]: Auto-subscribing it.hurts.sskirillss.relics.init.CapabilityRegistry to FORGE
[27Apr2026 18:55:05.325] [modloading-worker-0/DEBUG] [net.minecraftforge.fml.javafmlmod.AutomaticEventSubscriber/LOADING]: Auto-subscribing it.hurts.sskirillss.relics.entities.ArrowRainEntity$Events to FORGE
[27Apr2026 18:55:05.327] [modloading-worker-0/DEBUG] [net.minecraftforge.fml.javafmlmod.AutomaticEventSubscriber/LOADING]: Auto-subscribing it.hurts.sskirillss.relics.effects.BleedingEffect$Events to FORGE
[27Apr2026 18:55:05.334] [modloading-worker-0/DEBUG] [net.minecraftforge.fml.javafmlmod.AutomaticEventSubscriber/LOADING]: Auto-subscribing it.hurts.sskirillss.relics.effects.AntiHealEffect$Events to FORGE
[27Apr2026 18:55:05.335] [modloading-worker-0/DEBUG] [net.minecraftforge.fml.javafmlmod.AutomaticEventSubscriber/LOADING]: Auto-subscribing it.hurts.sskirillss.relics.capability.handlers.SyncHandler to FORGE
[27Apr2026 18:55:05.362] [modloading-worker-0/DEBUG] [Carry On/]: Loaded tschipp.carryon.platform.ForgePlatformHelper@95e692c for service interface tschipp.carryon.platform.services.IPlatformHelper
[27Apr2026 18:55:05.364] [modloading-worker-0/DEBUG] [Carry On/]: Loaded tschipp.carryon.platform.ForgeGamestagesHelper@27c8708d for service interface tschipp.carryon.platform.services.IGamestagePlatformHelper
[27Apr2026 18:55:05.367] [modloading-worker-0/DEBUG] [mixin/]: Mixing CommandExceptionLoggingMixin from cupboard.mixins.json into net.minecraft.commands.Commands
[27Apr2026 18:55:05.374] [modloading-worker-0/DEBUG] [net.minecraftforge.fml.config.ConfigTracker/CONFIG]: Config file carryon-client.toml for carryon tracking
[27Apr2026 18:55:05.374] [modloading-worker-0/DEBUG] [net.minecraftforge.fml.config.ConfigTracker/CONFIG]: Config file carryon-common.toml for carryon tracking
[27Apr2026 18:55:05.378] [modloading-worker-0/DEBUG] [mixin/]: Mixing accessor.RecipeManagerAccessor from farmersdelight.mixins.json into net.minecraft.world.item.crafting.RecipeManager
[27Apr2026 18:55:05.374] [modloading-worker-0/DEBUG] [net.minecraftforge.fml.javafmlmod.AutomaticEventSubscriber/LOADING]: Attempting to inject @EventBusSubscriber classes into the eventbus for carryon
[27Apr2026 18:55:05.379] [modloading-worker-0/DEBUG] [net.minecraftforge.fml.javafmlmod.AutomaticEventSubscriber/LOADING]: Auto-subscribing tschipp.carryon.CarryOnForge to MOD
[27Apr2026 18:55:05.379] [modloading-worker-0/DEBUG] [net.minecraftforge.fml.javafmlmod.AutomaticEventSubscriber/LOADING]: Auto-subscribing tschipp.carryon.events.CommonEvents to FORGE
[27Apr2026 18:55:05.394] [modloading-worker-0/DEBUG] [net.minecraftforge.fml.javafmlmod.AutomaticEventSubscriber/LOADING]: Auto-subscribing tschipp.carryon.events.ModBusEvents to MOD
[27Apr2026 18:55:05.395] [modloading-worker-0/DEBUG] [mixin/]: Mixing LootDataManagerMixin from blueprint.mixins.json into net.minecraft.world.level.storage.loot.LootDataManager
[27Apr2026 18:55:05.396] [modloading-worker-0/DEBUG] [mixin/]: Renaming synthetic method lambda$modifyLootTables$0(Lcom/teamabnormals/blueprint/common/loot/modification/LootModificationManager;Lnet/minecraft/resources/ResourceLocation;Lnet/minecraft/world/level/storage/loot/LootTable;)V to md43348d$lambda$modifyLootTables$0$0 in blueprint.mixins.json:LootDataManagerMixin
[27Apr2026 18:55:05.398] [modloading-worker-0/DEBUG] [mixin/]: Mixing MixinLootDataManager from architectury.mixins.json into net.minecraft.world.level.storage.loot.LootDataManager
[27Apr2026 18:55:05.405] [modloading-worker-0/DEBUG] [mixin/]: Mixing LootDataManagerForgeMixin from puzzleslib.forge.mixins.json into net.minecraft.world.level.storage.loot.LootDataManager
[27Apr2026 18:55:05.418] [modloading-worker-0/INFO] [coroutil/]: forge loader environment detected
[27Apr2026 18:55:05.437] [modloading-worker-0/DEBUG] [net.minecraftforge.fml.config.ConfigTracker/CONFIG]: Config file watut-common.toml for watut tracking
[27Apr2026 18:55:05.448] [modloading-worker-0/DEBUG] [net.minecraftforge.fml.config.ConfigTracker/CONFIG]: Config file watut-server.toml for watut tracking
[27Apr2026 18:55:05.455] [modloading-worker-0/DEBUG] [net.minecraftforge.fml.config.ConfigTracker/CONFIG]: Config file watut-client.toml for watut tracking
[27Apr2026 18:55:05.463] [modloading-worker-0/DEBUG] [net.minecraftforge.fml.config.ConfigTracker/CONFIG]: Config file blueprint-client.toml for blueprint tracking
[27Apr2026 18:55:05.468] [modloading-worker-0/DEBUG] [net.minecraftforge.fml.config.ConfigTracker/CONFIG]: Config file blueprint-common.toml for blueprint tracking
[27Apr2026 18:55:05.469] [modloading-worker-0/DEBUG] [net.minecraftforge.fml.javafmlmod.AutomaticEventSubscriber/LOADING]: Attempting to inject @EventBusSubscriber classes into the eventbus for blueprint
[27Apr2026 18:55:05.469] [modloading-worker-0/DEBUG] [net.minecraftforge.fml.javafmlmod.AutomaticEventSubscriber/LOADING]: Auto-subscribing com.teamabnormals.blueprint.core.util.DataUtil to FORGE
[27Apr2026 18:55:05.481] [modloading-worker-0/DEBUG] [net.minecraftforge.fml.javafmlmod.AutomaticEventSubscriber/LOADING]: Auto-subscribing com.teamabnormals.blueprint.core.registry.BlueprintEntityTypes to MOD
[27Apr2026 18:55:05.486] [modloading-worker-0/DEBUG] [net.minecraftforge.fml.javafmlmod.AutomaticEventSubscriber/LOADING]: Attempting to inject @EventBusSubscriber classes into the eventbus for watut
[27Apr2026 18:55:05.488] [modloading-worker-0/DEBUG] [net.minecraftforge.fml.javafmlmod.AutomaticEventSubscriber/LOADING]: Auto-subscribing com.corosus.watut.loader.forge.EventHandlerForge to MOD
[27Apr2026 18:55:05.491] [modloading-worker-0/DEBUG] [net.minecraftforge.fml.javafmlmod.AutomaticEventSubscriber/LOADING]: Attempting to inject @EventBusSubscriber classes into the eventbus for puzzlesaccessapi
[27Apr2026 18:55:05.495] [modloading-worker-0/DEBUG] [net.minecraftforge.fml.javafmlmod.AutomaticEventSubscriber/LOADING]: Auto-subscribing com.teamabnormals.blueprint.core.registry.BlueprintBlockEntityTypes to MOD
[27Apr2026 18:55:05.525] [modloading-worker-0/DEBUG] [net.minecraftforge.fml.javafmlmod.AutomaticEventSubscriber/LOADING]: Auto-subscribing com.teamabnormals.blueprint.core.other.BlueprintEvents to FORGE
[27Apr2026 18:55:05.534] [modloading-worker-0/DEBUG] [net.minecraftforge.fml.config.ConfigTracker/CONFIG]: Config file betterfortresses-forge-1_20.toml for betterfortresses tracking
[27Apr2026 18:55:05.538] [modloading-worker-0/DEBUG] [net.minecraftforge.fml.javafmlmod.AutomaticEventSubscriber/LOADING]: Auto-subscribing com.teamabnormals.blueprint.core.Blueprint to MOD
[27Apr2026 18:55:05.539] [modloading-worker-0/DEBUG] [net.minecraftforge.fml.javafmlmod.AutomaticEventSubscriber/LOADING]: Auto-subscribing com.teamabnormals.blueprint.common.world.modification.structure.StructureRepalleterManager to FORGE
[27Apr2026 18:55:05.542] [modloading-worker-0/DEBUG] [mixin/]: Mixing MixinLevelEvent from architectury.mixins.json into net.minecraftforge.event.level.LevelEvent
[27Apr2026 18:55:05.550] [modloading-worker-0/DEBUG] [net.minecraftforge.fml.javafmlmod.AutomaticEventSubscriber/LOADING]: Attempting to inject @EventBusSubscriber classes into the eventbus for betterfortresses
[27Apr2026 18:55:05.553] [modloading-worker-0/DEBUG] [net.minecraftforge.fml.javafmlmod.AutomaticEventSubscriber/LOADING]: Attempting to inject @EventBusSubscriber classes into the eventbus for cloth_config
[27Apr2026 18:55:05.559] [modloading-worker-0/DEBUG] [net.minecraftforge.versions.forge.ForgeVersion/CORE]: Forge Version package package net.minecraftforge.versions.forge, Forge, version 47.3 from cpw.mods.modlauncher.TransformingClassLoader@474619d9
[27Apr2026 18:55:05.559] [modloading-worker-0/DEBUG] [net.minecraftforge.versions.forge.ForgeVersion/CORE]: Found Forge version 47.3.7
[27Apr2026 18:55:05.559] [modloading-worker-0/DEBUG] [net.minecraftforge.versions.forge.ForgeVersion/CORE]: Found Forge spec 47.3
[27Apr2026 18:55:05.559] [modloading-worker-0/DEBUG] [net.minecraftforge.versions.forge.ForgeVersion/CORE]: Found Forge group net.minecraftforge
[27Apr2026 18:55:05.564] [modloading-worker-0/DEBUG] [net.minecraftforge.versions.mcp.MCPVersion/CORE]: MCP Version package package net.minecraftforge.versions.mcp, Minecraft, version 1.20.1 from cpw.mods.modlauncher.TransformingClassLoader@474619d9
[27Apr2026 18:55:05.564] [modloading-worker-0/DEBUG] [net.minecraftforge.versions.mcp.MCPVersion/CORE]: Found MC version information 1.20.1
[27Apr2026 18:55:05.564] [modloading-worker-0/DEBUG] [net.minecraftforge.versions.mcp.MCPVersion/CORE]: Found MCP version information 20230612.114412
[27Apr2026 18:55:05.564] [modloading-worker-0/INFO] [net.minecraftforge.common.ForgeMod/FORGEMOD]: Forge mod loading, version 47.3.7, for MC 1.20.1 with MCP 20230612.114412
[27Apr2026 18:55:05.564] [modloading-worker-0/INFO] [net.minecraftforge.common.MinecraftForge/FORGE]: MinecraftForge v47.3.7 Initialized
[27Apr2026 18:55:05.560] [modloading-worker-0/DEBUG] [net.minecraftforge.fml.javafmlmod.AutomaticEventSubscriber/LOADING]: Auto-subscribing com.teamabnormals.blueprint.common.world.modification.chunk.ChunkGeneratorModificationManager to FORGE
[27Apr2026 18:55:05.593] [modloading-worker-0/DEBUG] [net.minecraftforge.fml.javafmlmod.AutomaticEventSubscriber/LOADING]: Auto-subscribing com.teamabnormals.blueprint.common.loot.modification.LootModificationManager to FORGE
[27Apr2026 18:55:05.604] [modloading-worker-0/DEBUG] [mixin/]: Mixing networkstats.CCustomPayloadPacketNameMixin from connectivity.mixins.json into net.minecraft.network.protocol.game.ServerboundCustomPayloadPacket
[27Apr2026 18:55:05.609] [modloading-worker-0/DEBUG] [mixin/]: Mixing ClientBoundCustomPayloadPacketLMixin from connectivity.mixins.json into net.minecraft.network.protocol.game.ClientboundCustomPayloadPacket
[27Apr2026 18:55:05.609] [modloading-worker-0/DEBUG] [mixin/]: Mixing networkstats.SCustomPayloadPlayPacketNameMixin from connectivity.mixins.json into net.minecraft.network.protocol.game.ClientboundCustomPayloadPacket
[27Apr2026 18:55:05.613] [modloading-worker-0/DEBUG] [mixin/]: Mixing networkstats.CCustomPayloadLoginPacketNameMixin from connectivity.mixins.json into net.minecraft.network.protocol.login.ServerboundCustomQueryPacket
[27Apr2026 18:55:05.616] [modloading-worker-0/DEBUG] [mixin/]: Mixing networkstats.SCustomPayloadLoginPacketNameMixin from connectivity.mixins.json into net.minecraft.network.protocol.login.ClientboundCustomQueryPacket
[27Apr2026 18:55:05.627] [modloading-worker-0/DEBUG] [mixin/]: Mixing LootTableMixin from balm.mixins.json into net.minecraft.world.level.storage.loot.LootTable
[27Apr2026 18:55:05.629] [modloading-worker-0/DEBUG] [mixin/]: Mixing accessor.LootTableForgeAccessor from puzzleslib.forge.mixins.json into net.minecraft.world.level.storage.loot.LootTable
[27Apr2026 18:55:05.639] [modloading-worker-0/DEBUG] [net.minecraftforge.fml.javafmlmod.AutomaticEventSubscriber/LOADING]: Auto-subscribing com.teamabnormals.blueprint.common.advancement.modification.AdvancementModificationManager to FORGE
[27Apr2026 18:55:05.646] [modloading-worker-0/DEBUG] [io.netty.util.internal.PlatformDependent0/]: -Dio.netty.noUnsafe: false
[27Apr2026 18:55:05.649] [modloading-worker-0/DEBUG] [io.netty.util.internal.PlatformDependent0/]: Java version: 17
[27Apr2026 18:55:05.649] [modloading-worker-0/DEBUG] [io.netty.util.internal.PlatformDependent0/]: sun.misc.Unsafe.theUnsafe: available
[27Apr2026 18:55:05.650] [modloading-worker-0/DEBUG] [io.netty.util.internal.PlatformDependent0/]: sun.misc.Unsafe.copyMemory: available
[27Apr2026 18:55:05.653] [modloading-worker-0/DEBUG] [net.minecraftforge.fml.config.ConfigTracker/CONFIG]: Config file twilightforest-common.toml for twilightforest tracking
[27Apr2026 18:55:05.653] [modloading-worker-0/DEBUG] [io.netty.util.internal.PlatformDependent0/]: sun.misc.Unsafe.storeFence: available
[27Apr2026 18:55:05.654] [modloading-worker-0/DEBUG] [io.netty.util.internal.PlatformDependent0/]: java.nio.Buffer.address: available
[27Apr2026 18:55:05.654] [modloading-worker-0/DEBUG] [io.netty.util.internal.PlatformDependent0/]: direct buffer constructor: unavailable
java.lang.UnsupportedOperationException: Reflective setAccessible(true) disabled
	at io.netty.util.internal.ReflectionUtil.trySetAccessible(ReflectionUtil.java:31) ~[netty-common-4.1.82.Final.jar%2380!/:4.1.82.Final]
	at io.netty.util.internal.PlatformDependent0$5.run(PlatformDependent0.java:288) ~[netty-common-4.1.82.Final.jar%2380!/:4.1.82.Final]
	at java.security.AccessController.doPrivileged(AccessController.java:318) ~[?:?]
	at io.netty.util.internal.PlatformDependent0.<clinit>(PlatformDependent0.java:282) ~[netty-common-4.1.82.Final.jar%2380!/:4.1.82.Final]
	at io.netty.util.internal.PlatformDependent.isAndroid(PlatformDependent.java:333) ~[netty-common-4.1.82.Final.jar%2380!/:4.1.82.Final]
	at io.netty.util.internal.PlatformDependent.<clinit>(PlatformDependent.java:88) ~[netty-common-4.1.82.Final.jar%2380!/:4.1.82.Final]
	at io.netty.util.ConstantPool.<init>(ConstantPool.java:34) ~[netty-common-4.1.82.Final.jar%2380!/:4.1.82.Final]
	at io.netty.util.AttributeKey$1.<init>(AttributeKey.java:27) ~[netty-common-4.1.82.Final.jar%2380!/:4.1.82.Final]
	at io.netty.util.AttributeKey.<clinit>(AttributeKey.java:27) ~[netty-common-4.1.82.Final.jar%2380!/:4.1.82.Final]
	at net.minecraftforge.network.NetworkConstants.<clinit>(NetworkConstants.java:34) ~[forge-1.20.1-47.3.7-universal.jar%23254!/:?]
	at net.minecraftforge.common.ForgeMod.<init>(ForgeMod.java:429) ~[forge-1.20.1-47.3.7-universal.jar%23254!/:?]
	at jdk.internal.reflect.NativeConstructorAccessorImpl.newInstance0(Native Method) ~[?:?]
	at jdk.internal.reflect.NativeConstructorAccessorImpl.newInstance(NativeConstructorAccessorImpl.java:77) ~[?:?]
	at jdk.internal.reflect.DelegatingConstructorAccessorImpl.newInstance(DelegatingConstructorAccessorImpl.java:45) ~[?:?]
	at java.lang.reflect.Constructor.newInstanceWithCaller(Constructor.java:500) ~[?:?]
	at java.lang.reflect.Constructor.newInstance(Constructor.java:481) ~[?:?]
	at net.minecraftforge.fml.javafmlmod.FMLModContainer.constructMod(FMLModContainer.java:70) ~[javafmllanguage-1.20.1-47.3.7.jar%23251!/:?]
	at net.minecraftforge.fml.ModContainer.lambda$buildTransitionHandler$4(ModContainer.java:124) ~[fmlcore-1.20.1-47.3.7.jar%23250!/:?]
	at java.util.concurrent.CompletableFuture$AsyncRun.run(CompletableFuture.java:1804) ~[?:?]
	at java.util.concurrent.CompletableFuture$AsyncRun.exec(CompletableFuture.java:1796) ~[?:?]
	at java.util.concurrent.ForkJoinTask.doExec(ForkJoinTask.java:373) ~[?:?]
	at java.util.concurrent.ForkJoinPool$WorkQueue.topLevelExec(ForkJoinPool.java:1182) ~[?:?]
	at java.util.concurrent.ForkJoinPool.scan(ForkJoinPool.java:1655) ~[?:?]
	at java.util.concurrent.ForkJoinPool.runWorker(ForkJoinPool.java:1622) ~[?:?]
	at java.util.concurrent.ForkJoinWorkerThread.run(ForkJoinWorkerThread.java:165) ~[?:?]
[27Apr2026 18:55:05.655] [modloading-worker-0/DEBUG] [net.minecraftforge.fml.config.ConfigTracker/CONFIG]: Config file twilightforest-client.toml for twilightforest tracking
[27Apr2026 18:55:05.655] [modloading-worker-0/DEBUG] [io.netty.util.internal.PlatformDependent0/]: java.nio.Bits.unaligned: available, true
[27Apr2026 18:55:05.658] [modloading-worker-0/DEBUG] [io.netty.util.internal.PlatformDependent0/]: jdk.internal.misc.Unsafe.allocateUninitializedArray(int): unavailable
java.lang.IllegalAccessException: class io.netty.util.internal.PlatformDependent0$7 (in module io.netty.common) cannot access class jdk.internal.misc.Unsafe (in module java.base) because module java.base does not export jdk.internal.misc to module io.netty.common
	at jdk.internal.reflect.Reflection.newIllegalAccessException(Reflection.java:392) ~[?:?]
	at java.lang.reflect.AccessibleObject.checkAccess(AccessibleObject.java:674) ~[?:?]
	at java.lang.reflect.Method.invoke(Method.java:561) ~[?:?]
	at io.netty.util.internal.PlatformDependent0$7.run(PlatformDependent0.java:410) ~[netty-common-4.1.82.Final.jar%2380!/:4.1.82.Final]
	at java.security.AccessController.doPrivileged(AccessController.java:318) ~[?:?]
	at io.netty.util.internal.PlatformDependent0.<clinit>(PlatformDependent0.java:401) ~[netty-common-4.1.82.Final.jar%2380!/:4.1.82.Final]
	at io.netty.util.internal.PlatformDependent.isAndroid(PlatformDependent.java:333) ~[netty-common-4.1.82.Final.jar%2380!/:4.1.82.Final]
	at io.netty.util.internal.PlatformDependent.<clinit>(PlatformDependent.java:88) ~[netty-common-4.1.82.Final.jar%2380!/:4.1.82.Final]
	at io.netty.util.ConstantPool.<init>(ConstantPool.java:34) ~[netty-common-4.1.82.Final.jar%2380!/:4.1.82.Final]
	at io.netty.util.AttributeKey$1.<init>(AttributeKey.java:27) ~[netty-common-4.1.82.Final.jar%2380!/:4.1.82.Final]
	at io.netty.util.AttributeKey.<clinit>(AttributeKey.java:27) ~[netty-common-4.1.82.Final.jar%2380!/:4.1.82.Final]
	at net.minecraftforge.network.NetworkConstants.<clinit>(NetworkConstants.java:34) ~[forge-1.20.1-47.3.7-universal.jar%23254!/:?]
	at net.minecraftforge.common.ForgeMod.<init>(ForgeMod.java:429) ~[forge-1.20.1-47.3.7-universal.jar%23254!/:?]
	at jdk.internal.reflect.NativeConstructorAccessorImpl.newInstance0(Native Method) ~[?:?]
	at jdk.internal.reflect.NativeConstructorAccessorImpl.newInstance(NativeConstructorAccessorImpl.java:77) ~[?:?]
	at jdk.internal.reflect.DelegatingConstructorAccessorImpl.newInstance(DelegatingConstructorAccessorImpl.java:45) ~[?:?]
	at java.lang.reflect.Constructor.newInstanceWithCaller(Constructor.java:500) ~[?:?]
	at java.lang.reflect.Constructor.newInstance(Constructor.java:481) ~[?:?]
	at net.minecraftforge.fml.javafmlmod.FMLModContainer.constructMod(FMLModContainer.java:70) ~[javafmllanguage-1.20.1-47.3.7.jar%23251!/:?]
	at net.minecraftforge.fml.ModContainer.lambda$buildTransitionHandler$4(ModContainer.java:124) ~[fmlcore-1.20.1-47.3.7.jar%23250!/:?]
	at java.util.concurrent.CompletableFuture$AsyncRun.run(CompletableFuture.java:1804) ~[?:?]
	at java.util.concurrent.CompletableFuture$AsyncRun.exec(CompletableFuture.java:1796) ~[?:?]
	at java.util.concurrent.ForkJoinTask.doExec(ForkJoinTask.java:373) ~[?:?]
	at java.util.concurrent.ForkJoinPool$WorkQueue.topLevelExec(ForkJoinPool.java:1182) ~[?:?]
	at java.util.concurrent.ForkJoinPool.scan(ForkJoinPool.java:1655) ~[?:?]
	at java.util.concurrent.ForkJoinPool.runWorker(ForkJoinPool.java:1622) ~[?:?]
	at java.util.concurrent.ForkJoinWorkerThread.run(ForkJoinWorkerThread.java:165) ~[?:?]
[27Apr2026 18:55:05.663] [modloading-worker-0/DEBUG] [io.netty.util.internal.PlatformDependent0/]: java.nio.DirectByteBuffer.<init>(long, int): unavailable
[27Apr2026 18:55:05.663] [modloading-worker-0/DEBUG] [io.netty.util.internal.PlatformDependent/]: sun.misc.Unsafe: available
[27Apr2026 18:55:05.663] [modloading-worker-0/DEBUG] [io.netty.util.internal.PlatformDependent/]: maxDirectMemory: 12884901888 bytes (maybe)
[27Apr2026 18:55:05.663] [modloading-worker-0/DEBUG] [io.netty.util.internal.PlatformDependent/]: -Dio.netty.tmpdir: /tmp (java.io.tmpdir)
[27Apr2026 18:55:05.663] [modloading-worker-0/DEBUG] [io.netty.util.internal.PlatformDependent/]: -Dio.netty.bitMode: 64 (sun.arch.data.model)
[27Apr2026 18:55:05.664] [modloading-worker-0/DEBUG] [io.netty.util.internal.PlatformDependent/]: -Dio.netty.maxDirectMemory: -1 bytes
[27Apr2026 18:55:05.664] [modloading-worker-0/DEBUG] [io.netty.util.internal.PlatformDependent/]: -Dio.netty.uninitializedArrayAllocationThreshold: -1
[27Apr2026 18:55:05.665] [modloading-worker-0/DEBUG] [io.netty.util.internal.CleanerJava9/]: java.nio.ByteBuffer.cleaner(): available
[27Apr2026 18:55:05.668] [modloading-worker-0/DEBUG] [io.netty.util.internal.PlatformDependent/]: -Dio.netty.noPreferDirect: false
[27Apr2026 18:55:05.724] [modloading-worker-0/DEBUG] [net.minecraftforge.common.ForgeMod/FORGEMOD]: Loading Network data for FML net version: FML3
[27Apr2026 18:55:05.744] [modloading-worker-0/DEBUG] [net.minecraftforge.fml.config.ConfigTracker/CONFIG]: Config file forge-client.toml for forge tracking
[27Apr2026 18:55:05.745] [modloading-worker-0/DEBUG] [net.minecraftforge.fml.config.ConfigTracker/CONFIG]: Config file forge-server.toml for forge tracking
[27Apr2026 18:55:05.745] [modloading-worker-0/DEBUG] [net.minecraftforge.fml.ModLoadingContext/]: Attempted to register an empty config for type COMMON on mod forge
[27Apr2026 18:55:05.773] [modloading-worker-0/DEBUG] [net.minecraftforge.fml.javafmlmod.AutomaticEventSubscriber/LOADING]: Attempting to inject @EventBusSubscriber classes into the eventbus for forge
[27Apr2026 18:55:05.773] [modloading-worker-0/DEBUG] [net.minecraftforge.fml.javafmlmod.AutomaticEventSubscriber/LOADING]: Auto-subscribing net.minecraftforge.common.ForgeSpawnEggItem$CommonHandler to MOD
[27Apr2026 18:55:05.780] [modloading-worker-0/DEBUG] [net.minecraftforge.fml.config.ConfigTracker/CONFIG]: Config file corpse-server.toml for corpse tracking
[27Apr2026 18:55:05.784] [modloading-worker-0/DEBUG] [net.minecraftforge.fml.javafmlmod.AutomaticEventSubscriber/LOADING]: Attempting to inject @EventBusSubscriber classes into the eventbus for corpse
[27Apr2026 18:55:05.787] [modloading-worker-0/DEBUG] [net.minecraftforge.fml.javafmlmod.AutomaticEventSubscriber/LOADING]: Auto-subscribing de.maxhenkel.corpse.Main to FORGE
[27Apr2026 18:55:05.793] [modloading-worker-0/DEBUG] [net.minecraftforge.fml.config.ConfigTracker/CONFIG]: Config file farmersdelight-common.toml for farmersdelight tracking
[27Apr2026 18:55:05.797] [modloading-worker-0/DEBUG] [net.minecraftforge.fml.config.ConfigTracker/CONFIG]: Config file farmersdelight-client.toml for farmersdelight tracking
[27Apr2026 18:55:05.969] [modloading-worker-0/DEBUG] [net.minecraftforge.fml.config.ConfigTracker/CONFIG]: Config file creature_compendium-common.toml for creature_compendium tracking
[27Apr2026 18:55:05.970] [modloading-worker-0/DEBUG] [net.minecraftforge.fml.javafmlmod.AutomaticEventSubscriber/LOADING]: Attempting to inject @EventBusSubscriber classes into the eventbus for creature_compendium
[27Apr2026 18:55:05.973] [modloading-worker-0/DEBUG] [net.minecraftforge.fml.javafmlmod.AutomaticEventSubscriber/LOADING]: Auto-subscribing com.TBK.creature_compendium.server.InputEvents to FORGE
[27Apr2026 18:55:05.978] [modloading-worker-0/DEBUG] [net.minecraftforge.fml.javafmlmod.AutomaticEventSubscriber/LOADING]: Auto-subscribing com.TBK.creature_compendium.server.Events to FORGE
[27Apr2026 18:55:05.987] [modloading-worker-0/DEBUG] [net.minecraftforge.fml.javafmlmod.AutomaticEventSubscriber/LOADING]: Attempting to inject @EventBusSubscriber classes into the eventbus for iceandfire
[27Apr2026 18:55:05.987] [modloading-worker-0/DEBUG] [net.minecraftforge.fml.javafmlmod.AutomaticEventSubscriber/LOADING]: Auto-subscribing com.github.alexthe666.iceandfire.recipe.IafRecipeRegistry to MOD
[27Apr2026 18:55:05.988] [modloading-worker-0/DEBUG] [net.minecraftforge.fml.javafmlmod.AutomaticEventSubscriber/LOADING]: Auto-subscribing com.github.alexthe666.iceandfire.misc.IafSoundRegistry to MOD
[27Apr2026 18:55:05.988] [modloading-worker-0/DEBUG] [net.minecraftforge.fml.javafmlmod.AutomaticEventSubscriber/LOADING]: Auto-subscribing com.github.alexthe666.iceandfire.misc.IafDamageRegistry to MOD
[27Apr2026 18:55:05.994] [modloading-worker-0/DEBUG] [net.minecraftforge.fml.javafmlmod.AutomaticEventSubscriber/LOADING]: Auto-subscribing com.github.alexthe666.iceandfire.item.IafItemRegistry to MOD
[27Apr2026 18:55:05.995] [modloading-worker-0/DEBUG] [net.minecraftforge.fml.javafmlmod.AutomaticEventSubscriber/LOADING]: Auto-subscribing com.github.alexthe666.iceandfire.event.ServerEvents to FORGE
[27Apr2026 18:55:05.996] [modloading-worker-0/DEBUG] [net.minecraftforge.fml.javafmlmod.AutomaticEventSubscriber/LOADING]: Attempting to inject @EventBusSubscriber classes into the eventbus for farmersdelight
[27Apr2026 18:55:05.996] [modloading-worker-0/DEBUG] [net.minecraftforge.fml.javafmlmod.AutomaticEventSubscriber/LOADING]: Auto-subscribing vectorwing.farmersdelight.data.DataGenerators to MOD
[27Apr2026 18:55:06.000] [modloading-worker-0/DEBUG] [net.minecraftforge.fml.javafmlmod.AutomaticEventSubscriber/LOADING]: Auto-subscribing vectorwing.farmersdelight.common.item.SkilletItem$SkilletEvents to FORGE
[27Apr2026 18:55:06.001] [modloading-worker-0/DEBUG] [net.minecraftforge.fml.javafmlmod.AutomaticEventSubscriber/LOADING]: Auto-subscribing vectorwing.farmersdelight.common.item.KnifeItem$KnifeEvents to FORGE
[27Apr2026 18:55:06.004] [modloading-worker-0/DEBUG] [net.minecraftforge.fml.javafmlmod.AutomaticEventSubscriber/LOADING]: Auto-subscribing com.github.alexthe666.iceandfire.entity.props.CapabilityHandler to FORGE
[27Apr2026 18:55:06.007] [modloading-worker-0/DEBUG] [net.minecraftforge.fml.javafmlmod.AutomaticEventSubscriber/LOADING]: Auto-subscribing vectorwing.farmersdelight.common.item.HorseFeedItem$HorseFeedEvent to FORGE
[27Apr2026 18:55:06.010] [modloading-worker-0/DEBUG] [net.minecraftforge.fml.javafmlmod.AutomaticEventSubscriber/LOADING]: Auto-subscribing com.TBK.creature_compendium.common.ModEvent to MOD
[27Apr2026 18:55:06.015] [modloading-worker-0/DEBUG] [net.minecraftforge.fml.javafmlmod.AutomaticEventSubscriber/LOADING]: Auto-subscribing com.TBK.creature_compendium.common.CreatureCompendium to FORGE
[27Apr2026 18:55:06.013] [modloading-worker-0/DEBUG] [net.minecraftforge.fml.javafmlmod.AutomaticEventSubscriber/LOADING]: Auto-subscribing com.github.alexthe666.iceandfire.entity.IafVillagerRegistry to MOD
[27Apr2026 18:55:06.011] [modloading-worker-0/DEBUG] [net.minecraftforge.fml.javafmlmod.AutomaticEventSubscriber/LOADING]: Auto-subscribing vectorwing.farmersdelight.common.item.enchantment.BackstabbingEnchantment$BackstabbingEvent to FORGE
[27Apr2026 18:55:06.015] [modloading-worker-0/DEBUG] [net.minecraftforge.fml.javafmlmod.AutomaticEventSubscriber/LOADING]: Auto-subscribing com.github.alexthe666.iceandfire.entity.IafEntityRegistry to MOD
[27Apr2026 18:55:06.016] [modloading-worker-0/DEBUG] [net.minecraftforge.fml.javafmlmod.AutomaticEventSubscriber/LOADING]: Auto-subscribing vectorwing.farmersdelight.common.item.DogFoodItem$DogFoodEvent to FORGE
[27Apr2026 18:55:06.016] [modloading-worker-0/DEBUG] [net.minecraftforge.fml.javafmlmod.AutomaticEventSubscriber/LOADING]: Auto-subscribing com.github.alexthe666.iceandfire.datagen.DataGenerators to MOD
[27Apr2026 18:55:06.017] [modloading-worker-0/DEBUG] [net.minecraftforge.fml.javafmlmod.AutomaticEventSubscriber/LOADING]: Auto-subscribing vectorwing.farmersdelight.common.event.VillagerEvents to FORGE
[27Apr2026 18:55:06.019] [modloading-worker-0/DEBUG] [net.minecraftforge.fml.javafmlmod.AutomaticEventSubscriber/LOADING]: Auto-subscribing com.TBK.creature_compendium.common.BKConfig to MOD
[27Apr2026 18:55:06.023] [modloading-worker-0/DEBUG] [net.minecraftforge.fml.javafmlmod.AutomaticEventSubscriber/LOADING]: Auto-subscribing vectorwing.farmersdelight.common.event.SetupEvents to MOD
[27Apr2026 18:55:06.024] [modloading-worker-0/DEBUG] [mixin/]: Mixing TagsProviderForgeMixin from puzzleslib.forge.mixins.json into net.minecraft.data.tags.TagsProvider
[27Apr2026 18:55:06.028] [modloading-worker-0/DEBUG] [net.minecraftforge.fml.javafmlmod.AutomaticEventSubscriber/LOADING]: Auto-subscribing vectorwing.farmersdelight.common.event.MappingEvents to FORGE
[27Apr2026 18:55:06.029] [modloading-worker-0/DEBUG] [net.minecraftforge.fml.javafmlmod.AutomaticEventSubscriber/LOADING]: Auto-subscribing vectorwing.farmersdelight.common.event.CommonEvents to FORGE
[27Apr2026 18:55:06.035] [modloading-worker-0/DEBUG] [net.minecraftforge.fml.javafmlmod.AutomaticEventSubscriber/LOADING]: Auto-subscribing vectorwing.farmersdelight.common.block.CuttingBoardBlock$ToolCarvingEvent to FORGE
[27Apr2026 18:55:06.036] [modloading-worker-0/DEBUG] [net.minecraftforge.fml.javafmlmod.AutomaticEventSubscriber/LOADING]: Auto-subscribing com.github.alexthe666.iceandfire.block.IafBlockRegistry to MOD
[27Apr2026 18:55:06.038] [modloading-worker-0/DEBUG] [net.minecraftforge.fml.javafmlmod.AutomaticEventSubscriber/LOADING]: Auto-subscribing com.github.alexthe666.iceandfire.IceAndFire to FORGE
[27Apr2026 18:55:06.039] [modloading-worker-0/DEBUG] [net.minecraftforge.fml.javafmlmod.AutomaticEventSubscriber/LOADING]: Auto-subscribing com.github.alexthe666.iceandfire.CommonProxy to MOD
[27Apr2026 18:55:06.040] [modloading-worker-0/INFO] [necronomicon/]: Necronomicon Initialized
[27Apr2026 18:55:06.043] [modloading-worker-0/DEBUG] [net.minecraftforge.fml.javafmlmod.AutomaticEventSubscriber/LOADING]: Attempting to inject @EventBusSubscriber classes into the eventbus for voicechat
[27Apr2026 18:55:06.045] [modloading-worker-0/INFO] [necronomicon/]: File exists, reading config for elocindev.necronomicon.NecronomiconConfig.
[27Apr2026 18:55:06.050] [modloading-worker-0/INFO] [necronomicon/]: Config for elocindev.necronomicon.NecronomiconConfig read successfully.
[27Apr2026 18:55:06.059] [modloading-worker-0/DEBUG] [net.minecraftforge.fml.javafmlmod.AutomaticEventSubscriber/LOADING]: Attempting to inject @EventBusSubscriber classes into the eventbus for jade
[27Apr2026 18:55:06.064] [modloading-worker-0/DEBUG] [net.minecraftforge.fml.javafmlmod.AutomaticEventSubscriber/LOADING]: Attempting to inject @EventBusSubscriber classes into the eventbus for necronomicon
[27Apr2026 18:55:06.065] [modloading-worker-0/DEBUG] [net.minecraftforge.fml.javafmlmod.AutomaticEventSubscriber/LOADING]: Attempting to inject @EventBusSubscriber classes into the eventbus for spectrelib
[27Apr2026 18:55:06.066] [modloading-worker-0/DEBUG] [net.minecraftforge.fml.javafmlmod.AutomaticEventSubscriber/LOADING]: Attempting to inject @EventBusSubscriber classes into the eventbus for hangglider
[27Apr2026 18:55:06.067] [modloading-worker-0/DEBUG] [net.minecraftforge.fml.javafmlmod.AutomaticEventSubscriber/LOADING]: Auto-subscribing fuzs.hangglider.HangGliderForge to MOD
[27Apr2026 18:55:06.103] [modloading-worker-0/INFO] [Puzzles Lib/]: Constructing common components for hangglider:main
[27Apr2026 18:55:06.142] [modloading-worker-0/DEBUG] [net.minecraftforge.fml.config.ConfigTracker/CONFIG]: Config file hangglider-server.toml for hangglider tracking
[27Apr2026 18:55:06.143] [modloading-worker-0/DEBUG] [net.minecraftforge.fml.javafmlmod.AutomaticEventSubscriber/LOADING]: Attempting to inject @EventBusSubscriber classes into the eventbus for another_furniture
[27Apr2026 18:55:06.144] [modloading-worker-0/DEBUG] [net.minecraftforge.fml.javafmlmod.AutomaticEventSubscriber/LOADING]: Auto-subscribing com.starfish_studios.another_furniture.forge.AnotherFurnitureForgeClient to MOD
[27Apr2026 18:55:06.145] [modloading-worker-0/DEBUG] [net.minecraftforge.fml.javafmlmod.AutomaticEventSubscriber/LOADING]: Auto-subscribing com.starfish_studios.another_furniture.event.forge.FurnaceFuelEvent to FORGE
[27Apr2026 18:55:06.148] [modloading-worker-0/DEBUG] [net.minecraftforge.fml.javafmlmod.AutomaticEventSubscriber/LOADING]: Auto-subscribing com.starfish_studios.another_furniture.event.forge.DatapackSyncEvent to FORGE
[27Apr2026 18:55:06.149] [modloading-worker-0/DEBUG] [net.minecraftforge.fml.javafmlmod.AutomaticEventSubscriber/LOADING]: Auto-subscribing com.starfish_studios.another_furniture.event.forge.BlockInteractionEventImpl to FORGE
[27Apr2026 18:55:06.162] [modloading-worker-0/DEBUG] [creativecore/]: Created network creativecore:main
[27Apr2026 18:55:06.165] [modloading-worker-0/DEBUG] [net.minecraftforge.fml.config.ConfigTracker/CONFIG]: Config file curios-client.toml for curios tracking
[27Apr2026 18:55:06.168] [modloading-worker-0/DEBUG] [net.minecraftforge.fml.javafmlmod.AutomaticEventSubscriber/LOADING]: Attempting to inject @EventBusSubscriber classes into the eventbus for creativecore
[27Apr2026 18:55:06.170] [modloading-worker-0/DEBUG] [net.minecraftforge.fml.config.ConfigTracker/CONFIG]: Config file curios-common.toml for curios tracking
[27Apr2026 18:55:06.170] [modloading-worker-0/DEBUG] [net.minecraftforge.fml.config.ConfigTracker/CONFIG]: Config file curios-server.toml for curios tracking
[27Apr2026 18:55:06.171] [modloading-worker-0/DEBUG] [net.minecraftforge.fml.config.ConfigTracker/CONFIG]: Config file patchouli-client.toml for patchouli tracking
[27Apr2026 18:55:06.172] [modloading-worker-0/DEBUG] [net.minecraftforge.fml.javafmlmod.AutomaticEventSubscriber/LOADING]: Attempting to inject @EventBusSubscriber classes into the eventbus for curios
[27Apr2026 18:55:06.173] [modloading-worker-0/DEBUG] [net.minecraftforge.fml.javafmlmod.AutomaticEventSubscriber/LOADING]: Attempting to inject @EventBusSubscriber classes into the eventbus for patchouli
[27Apr2026 18:55:06.173] [modloading-worker-0/DEBUG] [net.minecraftforge.fml.javafmlmod.AutomaticEventSubscriber/LOADING]: Auto-subscribing vazkii.patchouli.forge.common.ForgeModInitializer to MOD
[27Apr2026 18:55:06.185] [modloading-worker-0/INFO] [Collective/]: Loading Collective version 7.94.
[27Apr2026 18:55:06.193] [modloading-worker-0/DEBUG] [mixin/]: Mixing item.wearable.charmofsinking.EnchantmentHelperMixin from mixins.artifacts.common.json into net.minecraft.world.item.enchantment.EnchantmentHelper
[27Apr2026 18:55:06.193] [modloading-worker-0/DEBUG] [mixin/]: Mixing item.wearable.pendant.EnchantmentHelperMixin from mixins.artifacts.common.json into net.minecraft.world.item.enchantment.EnchantmentHelper
[27Apr2026 18:55:06.223] [modloading-worker-0/DEBUG] [net.minecraftforge.fml.javafmlmod.AutomaticEventSubscriber/LOADING]: Attempting to inject @EventBusSubscriber classes into the eventbus for collective
[27Apr2026 18:55:06.226] [modloading-worker-0/DEBUG] [net.minecraftforge.fml.javafmlmod.AutomaticEventSubscriber/LOADING]: Auto-subscribing com.natamus.collective.forge.events.RegisterCollectiveForgeEvents to FORGE
[27Apr2026 18:55:06.233] [modloading-worker-0/DEBUG] [net.minecraftforge.fml.javafmlmod.AutomaticEventSubscriber/LOADING]: Attempting to inject @EventBusSubscriber classes into the eventbus for pet_cemetery
[27Apr2026 18:55:06.233] [modloading-worker-0/DEBUG] [net.minecraftforge.fml.javafmlmod.AutomaticEventSubscriber/LOADING]: Auto-subscribing com.teamabnormals.pet_cemetery.core.registry.PCItems to MOD
[27Apr2026 18:55:06.239] [modloading-worker-0/DEBUG] [xaero.hud.minimap.MinimapLogs/]: Loaded xaero.common.platform.services.ForgePlatformHelper@7e80c9ff for service interface xaero.common.platform.services.IPlatformHelper
[27Apr2026 18:55:06.247] [modloading-worker-0/DEBUG] [net.minecraftforge.fml.javafmlmod.AutomaticEventSubscriber/LOADING]: Attempting to inject @EventBusSubscriber classes into the eventbus for moreplayermodels
[27Apr2026 18:55:06.251] [modloading-worker-0/DEBUG] [net.minecraftforge.fml.javafmlmod.AutomaticEventSubscriber/LOADING]: Attempting to inject @EventBusSubscriber classes into the eventbus for sitmod
[27Apr2026 18:55:06.254] [modloading-worker-0/DEBUG] [net.minecraftforge.fml.javafmlmod.AutomaticEventSubscriber/LOADING]: Auto-subscribing net.mcreator.sitmod.procedures.SittingtickprocedureProcedure to FORGE
[27Apr2026 18:55:06.255] [modloading-worker-0/DEBUG] [net.minecraftforge.fml.javafmlmod.AutomaticEventSubscriber/LOADING]: Auto-subscribing net.mcreator.sitmod.procedures.SetupAnimationsProcedure$SitmodModAnimationMessage to MOD
[27Apr2026 18:55:06.258] [modloading-worker-0/DEBUG] [net.minecraftforge.fml.javafmlmod.AutomaticEventSubscriber/LOADING]: Auto-subscribing net.mcreator.sitmod.procedures.RightclickchairsProcedure to FORGE
[27Apr2026 18:55:06.259] [modloading-worker-0/DEBUG] [net.minecraftforge.fml.javafmlmod.AutomaticEventSubscriber/LOADING]: Auto-subscribing com.teamabnormals.pet_cemetery.core.registry.PCEntityTypes to MOD
[27Apr2026 18:55:06.259] [modloading-worker-0/DEBUG] [net.minecraftforge.fml.javafmlmod.AutomaticEventSubscriber/LOADING]: Auto-subscribing com.teamabnormals.pet_cemetery.core.other.PCEvents to FORGE
[27Apr2026 18:55:06.257] [modloading-worker-0/DEBUG] [net.minecraftforge.fml.javafmlmod.AutomaticEventSubscriber/LOADING]: Attempting to inject @EventBusSubscriber classes into the eventbus for xaerominimap
[27Apr2026 18:55:06.261] [modloading-worker-0/DEBUG] [net.minecraftforge.fml.javafmlmod.AutomaticEventSubscriber/LOADING]: Auto-subscribing net.mcreator.sitmod.network.SitmodModVariables to MOD
[27Apr2026 18:55:06.266] [modloading-worker-0/DEBUG] [net.minecraftforge.fml.javafmlmod.AutomaticEventSubscriber/LOADING]: Auto-subscribing net.mcreator.sitmod.network.SitmodModVariables$PlayerVariablesProvider to FORGE
[27Apr2026 18:55:06.266] [modloading-worker-0/DEBUG] [net.minecraftforge.fml.javafmlmod.AutomaticEventSubscriber/LOADING]: Auto-subscribing com.teamabnormals.pet_cemetery.core.other.PCCriteriaTriggers to FORGE
[27Apr2026 18:55:06.268] [modloading-worker-0/DEBUG] [net.minecraftforge.fml.javafmlmod.AutomaticEventSubscriber/LOADING]: Auto-subscribing net.mcreator.sitmod.network.SitmodModVariables$EventBusVariableHandlers to FORGE
[27Apr2026 18:55:06.270] [modloading-worker-0/DEBUG] [mixin/]: Mixing accessor.CriteriaTriggersAccessor from yungsapi.mixins.json into net.minecraft.advancements.CriteriaTriggers
[27Apr2026 18:55:06.270] [modloading-worker-0/DEBUG] [mixin/]: Renaming @Accessor method getValues()Ljava/util/Map; to getValues_$md$43348d$0 in yungsapi.mixins.json:accessor.CriteriaTriggersAccessor
[27Apr2026 18:55:06.275] [modloading-worker-0/DEBUG] [net.minecraftforge.fml.javafmlmod.AutomaticEventSubscriber/LOADING]: Auto-subscribing net.mcreator.sitmod.network.SitMessage to MOD
[27Apr2026 18:55:06.326] [modloading-worker-0/DEBUG] [net.minecraftforge.fml.javafmlmod.AutomaticEventSubscriber/LOADING]: Attempting to inject @EventBusSubscriber classes into the eventbus for crittersandcompanions
[27Apr2026 18:55:06.326] [modloading-worker-0/DEBUG] [net.minecraftforge.fml.javafmlmod.AutomaticEventSubscriber/LOADING]: Auto-subscribing com.github.eterdelta.crittersandcompanions.CrittersAndCompanionsForge to MOD
[27Apr2026 18:55:06.328] [modloading-worker-0/DEBUG] [net.minecraftforge.fml.javafmlmod.AutomaticEventSubscriber/LOADING]: Auto-subscribing com.github.eterdelta.crittersandcompanions.CrittersAndCompanionsForge$ForgeEvents to FORGE
[27Apr2026 18:55:06.339] [modloading-worker-0/DEBUG] [net.minecraftforge.fml.javafmlmod.AutomaticEventSubscriber/LOADING]: Attempting to inject @EventBusSubscriber classes into the eventbus for bettervillage
[27Apr2026 18:55:06.339] [modloading-worker-0/DEBUG] [net.minecraftforge.fml.config.ConfigTracker/CONFIG]: Config file CoroUtil/General.toml for coroutil tracking
[27Apr2026 18:55:06.345] [modloading-worker-0/DEBUG] [net.minecraftforge.fml.javafmlmod.AutomaticEventSubscriber/LOADING]: Attempting to inject @EventBusSubscriber classes into the eventbus for coroutil
[27Apr2026 18:55:06.347] [modloading-worker-0/DEBUG] [net.minecraftforge.fml.config.ConfigTracker/CONFIG]: Config file rusticdelight-common.toml for rusticdelight tracking
[27Apr2026 18:55:06.387] [modloading-worker-0/DEBUG] [net.minecraftforge.fml.config.ConfigTracker/CONFIG]: Config file parcool-server.toml for parcool tracking
[27Apr2026 18:55:06.391] [modloading-worker-0/DEBUG] [net.minecraftforge.fml.javafmlmod.AutomaticEventSubscriber/LOADING]: Attempting to inject @EventBusSubscriber classes into the eventbus for rusticdelight
[27Apr2026 18:55:06.391] [modloading-worker-0/DEBUG] [net.minecraftforge.fml.javafmlmod.AutomaticEventSubscriber/LOADING]: Auto-subscribing com.phantomwing.rusticdelight.event.ModEvents to FORGE
[27Apr2026 18:55:06.392] [modloading-worker-0/DEBUG] [net.minecraftforge.fml.javafmlmod.AutomaticEventSubscriber/LOADING]: Auto-subscribing com.phantomwing.rusticdelight.datagen.DataGenerators to MOD
[27Apr2026 18:55:06.405] [modloading-worker-0/INFO] [dev.architectury.networking.forge.NetworkManagerImpl/]: Registering C2S receiver with id ftblibrary:edit_nbt_response
[27Apr2026 18:55:06.407] [modloading-worker-0/DEBUG] [net.minecraftforge.fml.javafmlmod.AutomaticEventSubscriber/LOADING]: Attempting to inject @EventBusSubscriber classes into the eventbus for ftblibrary
[27Apr2026 18:55:06.416] [modloading-worker-0/DEBUG] [net.minecraftforge.fml.javafmlmod.AutomaticEventSubscriber/LOADING]: Attempting to inject @EventBusSubscriber classes into the eventbus for octolib
[27Apr2026 18:55:06.429] [modloading-worker-0/DEBUG] [net.minecraftforge.fml.config.ConfigTracker/CONFIG]: Config file parcool-client.toml for parcool tracking
[27Apr2026 18:55:06.432] [modloading-worker-0/DEBUG] [net.minecraftforge.fml.javafmlmod.AutomaticEventSubscriber/LOADING]: Attempting to inject @EventBusSubscriber classes into the eventbus for parcool
[27Apr2026 18:55:06.433] [modloading-worker-0/DEBUG] [net.minecraftforge.fml.javafmlmod.AutomaticEventSubscriber/LOADING]: Attempting to inject @EventBusSubscriber classes into the eventbus for embeddium_extra
[27Apr2026 18:55:06.434] [modloading-worker-0/DEBUG] [net.minecraftforge.fml.javafmlmod.AutomaticEventSubscriber/LOADING]: Attempting to inject @EventBusSubscriber classes into the eventbus for architectury
[27Apr2026 18:55:06.434] [modloading-worker-0/DEBUG] [net.minecraftforge.fml.javafmlmod.AutomaticEventSubscriber/LOADING]: Auto-subscribing dev.architectury.registry.level.entity.trade.forge.TradeRegistryImpl to FORGE
[27Apr2026 18:55:06.435] [modloading-worker-0/DEBUG] [net.minecraftforge.fml.javafmlmod.AutomaticEventSubscriber/LOADING]: Auto-subscribing dev.architectury.registry.forge.ReloadListenerRegistryImpl to FORGE
[27Apr2026 18:55:06.437] [modloading-worker-0/DEBUG] [net.minecraftforge.fml.javafmlmod.AutomaticEventSubscriber/LOADING]: Auto-subscribing dev.architectury.networking.forge.NetworkManagerImpl to FORGE
[27Apr2026 18:55:06.439] [modloading-worker-0/INFO] [com.cupboard.Cupboard/]: Loaded config for: cupboard.json
[27Apr2026 18:55:06.441] [modloading-worker-0/DEBUG] [net.minecraftforge.fml.javafmlmod.AutomaticEventSubscriber/LOADING]: Attempting to inject @EventBusSubscriber classes into the eventbus for cupboard
[27Apr2026 18:55:06.442] [modloading-worker-0/DEBUG] [net.minecraftforge.fml.javafmlmod.AutomaticEventSubscriber/LOADING]: Attempting to inject @EventBusSubscriber classes into the eventbus for puzzleslib
[27Apr2026 18:55:06.442] [modloading-worker-0/DEBUG] [net.minecraftforge.fml.javafmlmod.AutomaticEventSubscriber/LOADING]: Auto-subscribing fuzs.puzzleslib.impl.PuzzlesLibForge to MOD
[27Apr2026 18:55:06.451] [modloading-worker-0/DEBUG] [net.minecraftforge.fml.javafmlmod.AutomaticEventSubscriber/LOADING]: Attempting to inject @EventBusSubscriber classes into the eventbus for refurbished_furniture
[27Apr2026 18:55:06.451] [modloading-worker-0/DEBUG] [net.minecraftforge.fml.javafmlmod.AutomaticEventSubscriber/LOADING]: Auto-subscribing com.mrcrayfish.furniture.refurbished.ForgeEvents to FORGE
[27Apr2026 18:55:06.462] [modloading-worker-0/DEBUG] [mixin/]: Mixing BootsItemMixin from vinery.mixins.json into net.satisfy.vinery.core.item.WinemakerBootsItem
[27Apr2026 18:55:06.466] [modloading-worker-0/DEBUG] [Charm of Undying/]: Loaded com.illusivesoulworks.charmofundying.platform.ForgeClientPlatform@47557c2c for service interface com.illusivesoulworks.charmofundying.platform.services.IClientPlatform
[27Apr2026 18:55:06.467] [modloading-worker-0/DEBUG] [Charm of Undying/]: Loaded com.illusivesoulworks.charmofundying.platform.ForgePlatform@4b18bed1 for service interface com.illusivesoulworks.charmofundying.platform.services.IPlatform
[27Apr2026 18:55:06.468] [modloading-worker-0/DEBUG] [mixin/]: Mixing LeggingsItemMixin from vinery.mixins.json into net.satisfy.vinery.core.item.WinemakerLegsItem
[27Apr2026 18:55:06.470] [modloading-worker-0/DEBUG] [mixin/]: Mixing ChestplateItemMixin from vinery.mixins.json into net.satisfy.vinery.core.item.WinemakerChestItem
[27Apr2026 18:55:06.472] [modloading-worker-0/DEBUG] [mixin/]: Mixing HelmetItemMixin from vinery.mixins.json into net.satisfy.vinery.core.item.WinemakerHelmetItem
[27Apr2026 18:55:06.486] [modloading-worker-0/INFO] [Puzzles Lib/]: Constructing common components for puzzleslib:main
[27Apr2026 18:55:06.509] [modloading-worker-0/DEBUG] [SpectreLib/CONFIG]: Config file charmofundying-server.toml for charmofundying added to tracking
[27Apr2026 18:55:06.510] [modloading-worker-0/DEBUG] [net.minecraftforge.fml.javafmlmod.AutomaticEventSubscriber/LOADING]: Attempting to inject @EventBusSubscriber classes into the eventbus for charmofundying
[27Apr2026 18:55:06.516] [modloading-worker-0/ERROR] [net.minecraftforge.fml.loading.RuntimeDistCleaner/DISTXFORM]: Attempted to load class net/minecraft/client/gui/screens/Screen for invalid dist DEDICATED_SERVER
[27Apr2026 18:55:06.516] [modloading-worker-0/DEBUG] [net.minecraftforge.fml.javafmlmod.AutomaticEventSubscriber/LOADING]: Attempting to inject @EventBusSubscriber classes into the eventbus for ears
[27Apr2026 18:55:06.529] [modloading-worker-0/DEBUG] [Framework/]: Loaded com.mrcrayfish.framework.platform.ForgePlatformHelper@68984316 for service interface com.mrcrayfish.framework.platform.services.IPlatformHelper
[27Apr2026 18:55:06.532] [modloading-worker-0/DEBUG] [net.minecraftforge.fml.javafmlmod.AutomaticEventSubscriber/LOADING]: Attempting to inject @EventBusSubscriber classes into the eventbus for mns
[27Apr2026 18:55:06.532] [modloading-worker-0/DEBUG] [Framework/]: Loaded com.mrcrayfish.framework.platform.ForgeNetworkHelper@5cb11af9 for service interface com.mrcrayfish.framework.platform.services.INetworkHelper
[27Apr2026 18:55:06.534] [modloading-worker-0/DEBUG] [Framework/]: Loaded com.mrcrayfish.framework.platform.ForgeRegistrationHelper@3aafc427 for service interface com.mrcrayfish.framework.platform.services.IRegistrationHelper
[27Apr2026 18:55:06.535] [modloading-worker-0/DEBUG] [Framework/]: Loaded com.mrcrayfish.framework.platform.ForgeEntityHelper@64d7790d for service interface com.mrcrayfish.framework.platform.services.IEntityHelper
[27Apr2026 18:55:06.536] [modloading-worker-0/DEBUG] [Framework/]: Loaded com.mrcrayfish.framework.platform.ForgeItemHelper@3d6d4074 for service interface com.mrcrayfish.framework.platform.services.IItemHelper
[27Apr2026 18:55:06.540] [modloading-worker-0/DEBUG] [Framework/]: Loaded com.mrcrayfish.framework.platform.ForgeConfigHelper@770065e6 for service interface com.mrcrayfish.framework.platform.services.IConfigHelper
[27Apr2026 18:55:06.558] [modloading-worker-0/DEBUG] [net.minecraftforge.fml.javafmlmod.AutomaticEventSubscriber/LOADING]: Attempting to inject @EventBusSubscriber classes into the eventbus for immersive_melodies
[27Apr2026 18:55:06.558] [modloading-worker-0/DEBUG] [net.minecraftforge.fml.javafmlmod.AutomaticEventSubscriber/LOADING]: Auto-subscribing immersive_melodies.forge.EventBus to FORGE
[27Apr2026 18:55:06.560] [modloading-worker-0/DEBUG] [net.minecraftforge.fml.javafmlmod.AutomaticEventSubscriber/LOADING]: Auto-subscribing immersive_melodies.forge.CommonForge to MOD
[27Apr2026 18:55:06.601] [modloading-worker-0/DEBUG] [net.minecraftforge.fml.javafmlmod.AutomaticEventSubscriber/LOADING]: Attempting to inject @EventBusSubscriber classes into the eventbus for wings
[27Apr2026 18:55:06.601] [modloading-worker-0/DEBUG] [net.minecraftforge.fml.javafmlmod.AutomaticEventSubscriber/LOADING]: Auto-subscribing me.paulf.wings.server.sound.WingsSounds to FORGE
[27Apr2026 18:55:06.601] [modloading-worker-0/DEBUG] [net.minecraftforge.fml.javafmlmod.AutomaticEventSubscriber/LOADING]: Auto-subscribing me.paulf.wings.server.item.WingsItems to FORGE
[27Apr2026 18:55:06.601] [modloading-worker-0/DEBUG] [net.minecraftforge.fml.javafmlmod.AutomaticEventSubscriber/LOADING]: Auto-subscribing me.paulf.wings.server.flight.Flights to FORGE
[27Apr2026 18:55:06.607] [modloading-worker-0/DEBUG] [net.minecraftforge.fml.javafmlmod.AutomaticEventSubscriber/LOADING]: Auto-subscribing me.paulf.wings.server.dreamcatcher.InSomniableEventHandler to FORGE
[27Apr2026 18:55:06.608] [modloading-worker-0/DEBUG] [net.minecraftforge.fml.javafmlmod.AutomaticEventSubscriber/LOADING]: Auto-subscribing me.paulf.wings.server.dreamcatcher.InSomniableCapability to FORGE
[27Apr2026 18:55:06.609] [modloading-worker-0/DEBUG] [net.minecraftforge.fml.javafmlmod.AutomaticEventSubscriber/LOADING]: Auto-subscribing me.paulf.wings.server.ServerEventHandler to FORGE
[27Apr2026 18:55:06.625] [modloading-worker-0/DEBUG] [net.minecraftforge.fml.config.ConfigTracker/CONFIG]: Config file cosmeticarmorreworked-client.toml for cosmeticarmorreworked tracking
[27Apr2026 18:55:06.625] [modloading-worker-0/DEBUG] [net.minecraftforge.fml.config.ConfigTracker/CONFIG]: Config file cosmeticarmorreworked-common.toml for cosmeticarmorreworked tracking
[27Apr2026 18:55:06.625] [modloading-worker-0/DEBUG] [net.minecraftforge.fml.javafmlmod.AutomaticEventSubscriber/LOADING]: Attempting to inject @EventBusSubscriber classes into the eventbus for cosmeticarmorreworked
[27Apr2026 18:55:06.626] [modloading-worker-0/INFO] [be.florens.expandability.ExpandAbility/]: ExpandAbility here, who dis?
[27Apr2026 18:55:06.626] [modloading-worker-0/DEBUG] [net.minecraftforge.fml.javafmlmod.AutomaticEventSubscriber/LOADING]: Attempting to inject @EventBusSubscriber classes into the eventbus for expandability
[27Apr2026 18:55:06.635] [modloading-worker-0/DEBUG] [net.minecraftforge.fml.javafmlmod.AutomaticEventSubscriber/LOADING]: Attempting to inject @EventBusSubscriber classes into the eventbus for vinery
[27Apr2026 18:55:06.635] [modloading-worker-0/DEBUG] [net.minecraftforge.fml.javafmlmod.AutomaticEventSubscriber/LOADING]: Auto-subscribing net.satisfy.vinery.forge.core.event.VineryForgeEventhandler to FORGE
[27Apr2026 18:55:06.642] [modloading-worker-0/DEBUG] [playerrevive/]: Created network playerrevive:main
[27Apr2026 18:55:06.644] [modloading-worker-0/DEBUG] [net.minecraftforge.fml.javafmlmod.AutomaticEventSubscriber/LOADING]: Attempting to inject @EventBusSubscriber classes into the eventbus for playerrevive
[27Apr2026 18:55:06.645] [modloading-worker-0/INFO] [de.cristelknight999.wwoo_forge.wwoo_forge/]: Enabling William Wythers' Overhauled Overworld [FORGE]
[27Apr2026 18:55:06.645] [modloading-worker-0/DEBUG] [net.minecraftforge.fml.javafmlmod.AutomaticEventSubscriber/LOADING]: Attempting to inject @EventBusSubscriber classes into the eventbus for wwoo_forge
[27Apr2026 18:55:06.675] [modloading-worker-0/DEBUG] [MrCrayfish's Furniture Mod: Refurbished/]: Loaded com.mrcrayfish.furniture.refurbished.platform.ForgePlatformHelper@4354b316 for service interface com.mrcrayfish.furniture.refurbished.platform.services.IPlatformHelper
[27Apr2026 18:55:06.680] [modloading-worker-0/DEBUG] [MrCrayfish's Furniture Mod: Refurbished/]: Loaded com.mrcrayfish.furniture.refurbished.platform.ForgeBlockHelper@19712ff6 for service interface com.mrcrayfish.furniture.refurbished.platform.services.IBlockHelper
[27Apr2026 18:55:06.707] [modloading-worker-0/DEBUG] [MrCrayfish's Furniture Mod: Refurbished/]: Loaded com.mrcrayfish.furniture.refurbished.platform.ForgeBlockEntityHelper@1e72cca2 for service interface com.mrcrayfish.furniture.refurbished.platform.services.IBlockEntityHelper
[27Apr2026 18:55:06.711] [modloading-worker-0/DEBUG] [MrCrayfish's Furniture Mod: Refurbished/]: Loaded com.mrcrayfish.furniture.refurbished.platform.ForgeItemHelper@1a46b90f for service interface com.mrcrayfish.furniture.refurbished.platform.services.IItemHelper
[27Apr2026 18:55:06.712] [modloading-worker-0/DEBUG] [MrCrayfish's Furniture Mod: Refurbished/]: Loaded com.mrcrayfish.furniture.refurbished.platform.ForgeEntityHelper@683cd3f4 for service interface com.mrcrayfish.furniture.refurbished.platform.services.IEntityHelper
[27Apr2026 18:55:06.713] [modloading-worker-0/DEBUG] [MrCrayfish's Furniture Mod: Refurbished/]: Loaded com.mrcrayfish.furniture.refurbished.platform.ForgeRecipeHelper@589a6d5a for service interface com.mrcrayfish.furniture.refurbished.platform.services.IRecipeHelper
[27Apr2026 18:55:06.715] [modloading-worker-0/DEBUG] [MrCrayfish's Furniture Mod: Refurbished/]: Loaded com.mrcrayfish.furniture.refurbished.platform.ForgeFluidHelper@2988e2bc for service interface com.mrcrayfish.furniture.refurbished.platform.services.IFluidHelper
[27Apr2026 18:55:06.715] [modloading-worker-0/DEBUG] [MrCrayfish's Furniture Mod: Refurbished/]: Loaded com.mrcrayfish.furniture.refurbished.platform.ForgeTagHelper@5c34e640 for service interface com.mrcrayfish.furniture.refurbished.platform.services.ITagHelper
[27Apr2026 18:55:06.724] [modloading-worker-0/DEBUG] [MrCrayfish's Furniture Mod: Refurbished/]: Loaded com.mrcrayfish.furniture.refurbished.platform.ForgeMenuHelper@55ce26c9 for service interface com.mrcrayfish.furniture.refurbished.platform.services.IMenuHelper
[27Apr2026 18:55:06.818] [modloading-worker-0/DEBUG] [net.minecraftforge.fml.javafmlmod.AutomaticEventSubscriber/LOADING]: Attempting to inject @EventBusSubscriber classes into the eventbus for twilightforest
[27Apr2026 18:55:06.819] [modloading-worker-0/DEBUG] [net.minecraftforge.fml.javafmlmod.AutomaticEventSubscriber/LOADING]: Attempting to inject @EventBusSubscriber classes into the eventbus for moa_decor_electronics
[27Apr2026 18:55:06.819] [modloading-worker-0/DEBUG] [net.minecraftforge.fml.javafmlmod.AutomaticEventSubscriber/LOADING]: Auto-subscribing twilightforest.util.TFRemapper to FORGE
[27Apr2026 18:55:06.821] [modloading-worker-0/DEBUG] [net.minecraftforge.fml.javafmlmod.AutomaticEventSubscriber/LOADING]: Auto-subscribing twilightforest.loot.modifiers.GiantToolGroupingModifier to FORGE
[27Apr2026 18:55:06.824] [modloading-worker-0/DEBUG] [net.minecraftforge.fml.javafmlmod.AutomaticEventSubscriber/LOADING]: Auto-subscribing twilightforest.item.OreMagnetItem to FORGE
[27Apr2026 18:55:06.825] [modloading-worker-0/DEBUG] [net.minecraftforge.fml.javafmlmod.AutomaticEventSubscriber/LOADING]: Auto-subscribing twilightforest.item.FierySwordItem to FORGE
[27Apr2026 18:55:06.826] [modloading-worker-0/DEBUG] [net.minecraftforge.fml.javafmlmod.AutomaticEventSubscriber/LOADING]: Auto-subscribing twilightforest.init.TFEntities to MOD
[27Apr2026 18:55:06.827] [modloading-worker-0/DEBUG] [net.minecraftforge.fml.javafmlmod.AutomaticEventSubscriber/LOADING]: Auto-subscribing twilightforest.init.TFCaveCarvers to MOD
[27Apr2026 18:55:06.829] [modloading-worker-0/DEBUG] [net.minecraftforge.fml.javafmlmod.AutomaticEventSubscriber/LOADING]: Auto-subscribing twilightforest.events.ToolEvents to FORGE
[27Apr2026 18:55:06.833] [modloading-worker-0/DEBUG] [net.minecraftforge.fml.javafmlmod.AutomaticEventSubscriber/LOADING]: Auto-subscribing twilightforest.events.ProgressionEvents to FORGE
[27Apr2026 18:55:06.835] [modloading-worker-0/DEBUG] [net.minecraftforge.fml.javafmlmod.AutomaticEventSubscriber/LOADING]: Auto-subscribing twilightforest.events.MiscEvents to FORGE
[27Apr2026 18:55:06.837] [modloading-worker-0/DEBUG] [net.minecraftforge.fml.javafmlmod.AutomaticEventSubscriber/LOADING]: Auto-subscribing twilightforest.events.HostileMountEvents to FORGE
[27Apr2026 18:55:06.839] [modloading-worker-0/DEBUG] [net.minecraftforge.fml.javafmlmod.AutomaticEventSubscriber/LOADING]: Auto-subscribing twilightforest.events.EntityEvents to FORGE
[27Apr2026 18:55:06.844] [modloading-worker-0/DEBUG] [net.minecraftforge.fml.javafmlmod.AutomaticEventSubscriber/LOADING]: Auto-subscribing twilightforest.events.CharmEvents to FORGE
[27Apr2026 18:55:06.846] [modloading-worker-0/DEBUG] [net.minecraftforge.fml.javafmlmod.AutomaticEventSubscriber/LOADING]: Auto-subscribing twilightforest.events.CapabilityEvents to FORGE
[27Apr2026 18:55:06.848] [modloading-worker-0/DEBUG] [net.minecraftforge.fml.javafmlmod.AutomaticEventSubscriber/LOADING]: Auto-subscribing twilightforest.data.DataGenerators to MOD
[27Apr2026 18:55:06.850] [modloading-worker-0/DEBUG] [net.minecraftforge.fml.javafmlmod.AutomaticEventSubscriber/LOADING]: Auto-subscribing twilightforest.TFTickHandler to FORGE
[27Apr2026 18:55:06.852] [modloading-worker-0/DEBUG] [net.minecraftforge.fml.javafmlmod.AutomaticEventSubscriber/LOADING]: Auto-subscribing twilightforest.TFConfig to MOD
[27Apr2026 18:55:06.853] [modloading-worker-0/DEBUG] [net.minecraftforge.fml.javafmlmod.AutomaticEventSubscriber/LOADING]: Auto-subscribing twilightforest.TFConfig$ConfigSync to FORGE
[27Apr2026 18:55:06.958] [modloading-worker-0/DEBUG] [Framework/]: Started watching config: /workspaces/Explorecraft/servidor_minecraft/config/goblintraders-entities.toml
[27Apr2026 18:55:06.968] [modloading-worker-0/DEBUG] [mixin/]: Mixing AdvancedPacketErrorLogging from connectivity.mixins.json into net.minecraft.network.Connection
[27Apr2026 18:55:06.971] [modloading-worker-0/DEBUG] [mixin/]: Mixing ConnectionErrorMixin from connectivity.mixins.json into net.minecraft.network.Connection
[27Apr2026 18:55:06.971] [modloading-worker-0/DEBUG] [mixin/]: Mixing NetworkManagerMixin from connectivity.mixins.json into net.minecraft.network.Connection
[27Apr2026 18:55:06.972] [modloading-worker-0/DEBUG] [mixin/]: Renaming synthetic method lambda$on$0()Ljava/lang/Boolean; to md43348d$lambda$on$0$0 in connectivity.mixins.json:NetworkManagerMixin
[27Apr2026 18:55:06.995] [modloading-worker-0/DEBUG] [net.minecraftforge.fml.javafmlmod.AutomaticEventSubscriber/LOADING]: Attempting to inject @EventBusSubscriber classes into the eventbus for framework
[27Apr2026 18:55:06.995] [modloading-worker-0/DEBUG] [net.minecraftforge.fml.javafmlmod.AutomaticEventSubscriber/LOADING]: Auto-subscribing com.mrcrayfish.framework.entity.sync.ForgeSyncedEntityDataHandler to FORGE
[27Apr2026 18:55:07.009] [main/DEBUG] [SpectreLib/CONFIG]: Loading global configs
[27Apr2026 18:55:07.012] [main/DEBUG] [SpectreLib/]: Loaded com.illusivesoulworks.spectrelib.platform.ForgeConfigHelper@2b8598a2 for service interface com.illusivesoulworks.spectrelib.platform.services.IConfigHelper
[27Apr2026 18:55:07.013] [main/DEBUG] [SpectreLib/CONFIG]: Built TOML config for /workspaces/Explorecraft/servidor_minecraft/config/charmofundying-server.toml
[27Apr2026 18:55:07.013] [main/DEBUG] [SpectreLib/CONFIG]: Loaded TOML config file /workspaces/Explorecraft/servidor_minecraft/config/charmofundying-server.toml
[27Apr2026 18:55:07.084] [main/DEBUG] [net.minecraftforge.common.capabilities.CapabilityManager/CAPABILITIES]: Attempting to automatically register: Lcom/tiviacz/travelersbackpack/capability/ITravelersBackpack;
[27Apr2026 18:55:07.084] [main/DEBUG] [net.minecraftforge.common.capabilities.CapabilityManager/CAPABILITIES]: Attempting to automatically register: Lnet/minecraftforge/energy/IEnergyStorage;
[27Apr2026 18:55:07.084] [main/DEBUG] [net.minecraftforge.common.capabilities.CapabilityManager/CAPABILITIES]: Attempting to automatically register: Lnet/minecraftforge/fluids/capability/IFluidHandler;
[27Apr2026 18:55:07.084] [main/DEBUG] [net.minecraftforge.common.capabilities.CapabilityManager/CAPABILITIES]: Attempting to automatically register: Lnet/minecraftforge/fluids/capability/IFluidHandlerItem;
[27Apr2026 18:55:07.084] [main/DEBUG] [net.minecraftforge.common.capabilities.CapabilityManager/CAPABILITIES]: Attempting to automatically register: Lnet/minecraftforge/items/IItemHandler;
[27Apr2026 18:55:07.095] [main/WARN] [net.minecraftforge.registries.ForgeRegistry/REGISTRIES]: Registry minecraft:sound_event: The object net.minecraft.sounds.SoundEvent@12e74d4f has been registered twice for the same name treechop:chop_wood.
[27Apr2026 18:55:11.044] [main/DEBUG] [software.bernie.geckolib.GeckoLib/]: Registered SyncedAnimatable for class com.bobmowzie.mowziesmobs.server.item.ItemEarthrendGauntlet
[27Apr2026 18:55:11.044] [main/DEBUG] [software.bernie.geckolib.GeckoLib/]: Registered SyncedAnimatable for class com.bobmowzie.mowziesmobs.server.item.ItemSculptorStaff
[27Apr2026 18:55:11.294] [main/DEBUG] [Goblin Traders/]: Loaded com.mrcrayfish.goblintraders.platform.ForgePlatformHelper@140dfde1 for service interface com.mrcrayfish.goblintraders.platform.services.IPlatformHelper
[27Apr2026 18:55:11.712] [main/DEBUG] [dev.architectury.core.item.ArchitecturySpawnEggItem/]: Registering spawn egg mimic_spawn_egg for artifacts:mimic
[27Apr2026 18:55:11.712] [main/WARN] [dev.architectury.registry.registries.forge.RegistrarManagerImpl/]: Registry entry listened Registry Entry [minecraft:entity_type / vinery:wandering_winemaker] was not realized!
[27Apr2026 18:55:11.713] [main/WARN] [dev.architectury.registry.registries.forge.RegistrarManagerImpl/]: Registry entry listened Registry Entry [minecraft:entity_type / vinery:mule] was not realized!
[27Apr2026 18:55:11.779] [main/DEBUG] [dev.architectury.core.item.ArchitecturySpawnEggItem/]: Registering spawn egg mule_spawn_egg for vinery:mule
[27Apr2026 18:55:11.780] [main/DEBUG] [dev.architectury.core.item.ArchitecturySpawnEggItem/]: Registering spawn egg wandering_winemaker_spawn_egg for vinery:wandering_winemaker
[27Apr2026 18:55:12.287] [main/DEBUG] [net.minecraftforge.coremod.transformer.CoreModBaseTransformer/COREMOD]: Transforming net/minecraft/world/entity/raid/Raid
[27Apr2026 18:55:12.331] [main/DEBUG] [mixin/]: Mixing ai.raid.RaidMixin from lithium.mixins.json into net.minecraft.world.entity.raid.Raid
[27Apr2026 18:55:12.332] [main/DEBUG] [mixin/]: lithium.mixins.json:ai.raid.RaidMixin: Class version 61 required is higher than the class version supported by the current version of Mixin (JAVA_16 supports class version 60)
[27Apr2026 18:55:12.376] [main/WARN] [net.minecraft.network.syncher.SynchedEntityData/]: defineId called for: class com.modderg.tameablebeasts.server.entity.TBAnimal from interface com.modderg.tameablebeasts.server.entity.TBRideable
[27Apr2026 18:55:12.377] [main/WARN] [net.minecraft.network.syncher.SynchedEntityData/]: defineId called for: class com.modderg.tameablebeasts.server.entity.TBAnimal from class com.modderg.tameablebeasts.server.entity.custom.GroundBeetleEntity
[27Apr2026 18:55:12.380] [main/DEBUG] [mixin/]: Mixing SpawnPlacementsAccessor from crittersandcompanions.mixins.json into net.minecraft.world.entity.SpawnPlacements
[27Apr2026 18:55:12.380] [main/DEBUG] [mixin/]: Renaming @Invoker method invokeRegister(Lnet/minecraft/world/entity/EntityType;Lnet/minecraft/world/entity/SpawnPlacements$Type;Lnet/minecraft/world/level/levelgen/Heightmap$Types;Lnet/minecraft/world/entity/SpawnPlacements$SpawnPredicate;)V to invokeRegister_$md$43348d$0 in crittersandcompanions.mixins.json:SpawnPlacementsAccessor
[27Apr2026 18:55:12.432] [main/DEBUG] [io.netty.util.internal.InternalThreadLocalMap/]: -Dio.netty.threadLocalMap.stringBuilder.initialSize: 1024
[27Apr2026 18:55:12.432] [main/DEBUG] [io.netty.util.internal.InternalThreadLocalMap/]: -Dio.netty.threadLocalMap.stringBuilder.maxSize: 4096
[27Apr2026 18:55:12.432] [main/DEBUG] [io.netty.util.internal.ThreadLocalRandom/]: -Dio.netty.initialSeedUniquifier: 0xc6bb5e6d259cf6c3
[27Apr2026 18:55:12.453] [main/DEBUG] [net.minecraftforge.fml.config.ConfigTracker/CONFIG]: Loading configs type COMMON
[27Apr2026 18:55:12.454] [main/DEBUG] [net.minecraftforge.fml.config.ConfigFileTypeHandler/CONFIG]: Built TOML config for /workspaces/Explorecraft/servidor_minecraft/config/treechop-common.toml
[27Apr2026 18:55:12.455] [main/DEBUG] [net.minecraftforge.fml.config.ConfigFileTypeHandler/CONFIG]: Loaded TOML config file /workspaces/Explorecraft/servidor_minecraft/config/treechop-common.toml
[27Apr2026 18:55:12.456] [main/DEBUG] [net.minecraftforge.fml.config.ConfigFileTypeHandler/CONFIG]: Watching TOML config file /workspaces/Explorecraft/servidor_minecraft/config/treechop-common.toml for changes
[27Apr2026 18:55:12.457] [Thread-1/DEBUG] [net.minecraftforge.fml.config.ConfigFileTypeHandler/CONFIG]: Config file treechop-common.toml changed, sending notifies
[27Apr2026 18:55:12.459] [main/DEBUG] [net.minecraftforge.fml.config.ConfigFileTypeHandler/CONFIG]: Built TOML config for /workspaces/Explorecraft/servidor_minecraft/config/tameable-beasts-common.toml
[27Apr2026 18:55:12.459] [main/DEBUG] [net.minecraftforge.fml.config.ConfigFileTypeHandler/CONFIG]: Loaded TOML config file /workspaces/Explorecraft/servidor_minecraft/config/tameable-beasts-common.toml
[27Apr2026 18:55:12.459] [main/DEBUG] [net.minecraftforge.fml.config.ConfigFileTypeHandler/CONFIG]: Watching TOML config file /workspaces/Explorecraft/servidor_minecraft/config/tameable-beasts-common.toml for changes
[27Apr2026 18:55:12.460] [main/DEBUG] [net.minecraftforge.fml.config.ConfigFileTypeHandler/CONFIG]: Built TOML config for /workspaces/Explorecraft/servidor_minecraft/config/citadel-common.toml
[27Apr2026 18:55:12.460] [main/DEBUG] [net.minecraftforge.fml.config.ConfigFileTypeHandler/CONFIG]: Loaded TOML config file /workspaces/Explorecraft/servidor_minecraft/config/citadel-common.toml
[27Apr2026 18:55:12.460] [main/DEBUG] [net.minecraftforge.fml.config.ConfigFileTypeHandler/CONFIG]: Watching TOML config file /workspaces/Explorecraft/servidor_minecraft/config/citadel-common.toml for changes
[27Apr2026 18:55:12.460] [Thread-1/DEBUG] [net.minecraftforge.fml.config.ConfigFileTypeHandler/CONFIG]: Config file treechop-common.toml changed, sending notifies
[27Apr2026 18:55:12.460] [Thread-1/DEBUG] [net.minecraftforge.fml.config.ConfigFileTypeHandler/CONFIG]: Config file citadel-common.toml changed, sending notifies
[27Apr2026 18:55:12.460] [Thread-1/DEBUG] [net.minecraftforge.fml.config.ConfigFileTypeHandler/CONFIG]: Config file citadel-common.toml changed, sending notifies
[27Apr2026 18:55:12.460] [main/DEBUG] [net.minecraftforge.fml.config.ConfigFileTypeHandler/CONFIG]: Built TOML config for /workspaces/Explorecraft/servidor_minecraft/config/mowziesmobs-common.toml
[27Apr2026 18:55:12.463] [main/DEBUG] [net.minecraftforge.fml.config.ConfigFileTypeHandler/CONFIG]: Loaded TOML config file /workspaces/Explorecraft/servidor_minecraft/config/mowziesmobs-common.toml
[27Apr2026 18:55:12.463] [main/DEBUG] [net.minecraftforge.fml.config.ConfigFileTypeHandler/CONFIG]: Watching TOML config file /workspaces/Explorecraft/servidor_minecraft/config/mowziesmobs-common.toml for changes
[27Apr2026 18:55:12.467] [Thread-1/DEBUG] [net.minecraftforge.fml.config.ConfigFileTypeHandler/CONFIG]: Config file mowziesmobs-common.toml changed, sending notifies
[27Apr2026 18:55:12.470] [Thread-1/DEBUG] [net.minecraftforge.fml.config.ConfigFileTypeHandler/CONFIG]: Config file mowziesmobs-common.toml changed, sending notifies
[27Apr2026 18:55:12.470] [main/DEBUG] [net.minecraftforge.fml.config.ConfigFileTypeHandler/CONFIG]: Built TOML config for /workspaces/Explorecraft/servidor_minecraft/config/waystones-common.toml
[27Apr2026 18:55:12.471] [main/DEBUG] [net.minecraftforge.fml.config.ConfigFileTypeHandler/CONFIG]: Loaded TOML config file /workspaces/Explorecraft/servidor_minecraft/config/waystones-common.toml
[27Apr2026 18:55:12.471] [main/DEBUG] [net.minecraftforge.fml.config.ConfigFileTypeHandler/CONFIG]: Watching TOML config file /workspaces/Explorecraft/servidor_minecraft/config/waystones-common.toml for changes
[27Apr2026 18:55:12.472] [Thread-1/DEBUG] [net.minecraftforge.fml.config.ConfigFileTypeHandler/CONFIG]: Config file mowziesmobs-common.toml changed, sending notifies
[27Apr2026 18:55:12.473] [Thread-1/DEBUG] [net.minecraftforge.fml.config.ConfigFileTypeHandler/CONFIG]: Config file waystones-common.toml changed, sending notifies
[27Apr2026 18:55:12.473] [main/DEBUG] [net.minecraftforge.fml.config.ConfigFileTypeHandler/CONFIG]: Built TOML config for /workspaces/Explorecraft/servidor_minecraft/config/travelersbackpack-common.toml
[27Apr2026 18:55:12.473] [main/DEBUG] [net.minecraftforge.fml.config.ConfigFileTypeHandler/CONFIG]: Loaded TOML config file /workspaces/Explorecraft/servidor_minecraft/config/travelersbackpack-common.toml
[27Apr2026 18:55:12.474] [main/DEBUG] [net.minecraftforge.fml.config.ConfigFileTypeHandler/CONFIG]: Watching TOML config file /workspaces/Explorecraft/servidor_minecraft/config/travelersbackpack-common.toml for changes
[27Apr2026 18:55:12.475] [main/DEBUG] [net.minecraftforge.fml.config.ConfigFileTypeHandler/CONFIG]: Built TOML config for /workspaces/Explorecraft/servidor_minecraft/config/alexsmobs.toml
[27Apr2026 18:55:12.476] [Thread-1/DEBUG] [net.minecraftforge.fml.config.ConfigFileTypeHandler/CONFIG]: Config file waystones-common.toml changed, sending notifies
[27Apr2026 18:55:12.478] [main/DEBUG] [net.minecraftforge.fml.config.ConfigFileTypeHandler/CONFIG]: Loaded TOML config file /workspaces/Explorecraft/servidor_minecraft/config/alexsmobs.toml
[27Apr2026 18:55:12.478] [main/DEBUG] [net.minecraftforge.fml.config.ConfigFileTypeHandler/CONFIG]: Watching TOML config file /workspaces/Explorecraft/servidor_minecraft/config/alexsmobs.toml for changes
[27Apr2026 18:55:12.547] [Thread-1/DEBUG] [net.minecraftforge.fml.config.ConfigFileTypeHandler/CONFIG]: Config file alexsmobs.toml changed, sending notifies
[27Apr2026 18:55:12.548] [main/DEBUG] [net.minecraftforge.fml.config.ConfigFileTypeHandler/CONFIG]: Built TOML config for /workspaces/Explorecraft/servidor_minecraft/config/iceandfire-common.toml
[27Apr2026 18:55:12.550] [main/DEBUG] [net.minecraftforge.fml.config.ConfigFileTypeHandler/CONFIG]: Loaded TOML config file /workspaces/Explorecraft/servidor_minecraft/config/iceandfire-common.toml
[27Apr2026 18:55:12.550] [main/DEBUG] [net.minecraftforge.fml.config.ConfigFileTypeHandler/CONFIG]: Watching TOML config file /workspaces/Explorecraft/servidor_minecraft/config/iceandfire-common.toml for changes
[27Apr2026 18:55:12.568] [Thread-1/DEBUG] [net.minecraftforge.fml.config.ConfigFileTypeHandler/CONFIG]: Config file iceandfire-common.toml changed, sending notifies
[27Apr2026 18:55:12.569] [main/DEBUG] [net.minecraftforge.fml.config.ConfigFileTypeHandler/CONFIG]: Built TOML config for /workspaces/Explorecraft/servidor_minecraft/config/balm-common.toml
[27Apr2026 18:55:12.569] [Thread-1/DEBUG] [net.minecraftforge.fml.config.ConfigFileTypeHandler/CONFIG]: Config file iceandfire-common.toml changed, sending notifies
[27Apr2026 18:55:12.570] [main/DEBUG] [net.minecraftforge.fml.config.ConfigFileTypeHandler/CONFIG]: Loaded TOML config file /workspaces/Explorecraft/servidor_minecraft/config/balm-common.toml
[27Apr2026 18:55:12.570] [main/DEBUG] [net.minecraftforge.fml.config.ConfigFileTypeHandler/CONFIG]: Watching TOML config file /workspaces/Explorecraft/servidor_minecraft/config/balm-common.toml for changes
[27Apr2026 18:55:12.571] [main/DEBUG] [net.minecraftforge.fml.config.ConfigFileTypeHandler/CONFIG]: Built TOML config for /workspaces/Explorecraft/servidor_minecraft/config/carryon-common.toml
[27Apr2026 18:55:12.571] [Thread-1/DEBUG] [net.minecraftforge.fml.config.ConfigFileTypeHandler/CONFIG]: Config file iceandfire-common.toml changed, sending notifies
[27Apr2026 18:55:12.572] [main/DEBUG] [net.minecraftforge.fml.config.ConfigFileTypeHandler/CONFIG]: Loaded TOML config file /workspaces/Explorecraft/servidor_minecraft/config/carryon-common.toml
[27Apr2026 18:55:12.572] [main/DEBUG] [net.minecraftforge.fml.config.ConfigFileTypeHandler/CONFIG]: Watching TOML config file /workspaces/Explorecraft/servidor_minecraft/config/carryon-common.toml for changes
[27Apr2026 18:55:12.676] [Thread-1/DEBUG] [net.minecraftforge.fml.config.ConfigFileTypeHandler/CONFIG]: Config file carryon-common.toml changed, sending notifies
[27Apr2026 18:55:12.677] [main/DEBUG] [net.minecraftforge.fml.config.ConfigFileTypeHandler/CONFIG]: Built TOML config for /workspaces/Explorecraft/servidor_minecraft/config/watut-common.toml
[27Apr2026 18:55:12.677] [main/DEBUG] [net.minecraftforge.fml.config.ConfigFileTypeHandler/CONFIG]: Loaded TOML config file /workspaces/Explorecraft/servidor_minecraft/config/watut-common.toml
[27Apr2026 18:55:12.677] [main/DEBUG] [net.minecraftforge.fml.config.ConfigFileTypeHandler/CONFIG]: Watching TOML config file /workspaces/Explorecraft/servidor_minecraft/config/watut-common.toml for changes
[27Apr2026 18:55:12.678] [main/DEBUG] [net.minecraftforge.fml.config.ConfigFileTypeHandler/CONFIG]: Built TOML config for /workspaces/Explorecraft/servidor_minecraft/config/watut-server.toml
[27Apr2026 18:55:12.678] [main/DEBUG] [net.minecraftforge.fml.config.ConfigFileTypeHandler/CONFIG]: Loaded TOML config file /workspaces/Explorecraft/servidor_minecraft/config/watut-server.toml
[27Apr2026 18:55:12.678] [main/DEBUG] [net.minecraftforge.fml.config.ConfigFileTypeHandler/CONFIG]: Watching TOML config file /workspaces/Explorecraft/servidor_minecraft/config/watut-server.toml for changes
[27Apr2026 18:55:12.679] [main/DEBUG] [net.minecraftforge.fml.config.ConfigFileTypeHandler/CONFIG]: Built TOML config for /workspaces/Explorecraft/servidor_minecraft/config/watut-client.toml
[27Apr2026 18:55:12.679] [main/DEBUG] [net.minecraftforge.fml.config.ConfigFileTypeHandler/CONFIG]: Loaded TOML config file /workspaces/Explorecraft/servidor_minecraft/config/watut-client.toml
[27Apr2026 18:55:12.679] [main/DEBUG] [net.minecraftforge.fml.config.ConfigFileTypeHandler/CONFIG]: Watching TOML config file /workspaces/Explorecraft/servidor_minecraft/config/watut-client.toml for changes
[27Apr2026 18:55:12.680] [main/DEBUG] [net.minecraftforge.fml.config.ConfigFileTypeHandler/CONFIG]: Built TOML config for /workspaces/Explorecraft/servidor_minecraft/config/blueprint-common.toml
[27Apr2026 18:55:12.680] [main/DEBUG] [net.minecraftforge.fml.config.ConfigFileTypeHandler/CONFIG]: Loaded TOML config file /workspaces/Explorecraft/servidor_minecraft/config/blueprint-common.toml
[27Apr2026 18:55:12.680] [main/DEBUG] [net.minecraftforge.fml.config.ConfigFileTypeHandler/CONFIG]: Watching TOML config file /workspaces/Explorecraft/servidor_minecraft/config/blueprint-common.toml for changes
[27Apr2026 18:55:12.681] [main/DEBUG] [net.minecraftforge.fml.config.ConfigFileTypeHandler/CONFIG]: Built TOML config for /workspaces/Explorecraft/servidor_minecraft/config/betterfortresses-forge-1_20.toml
[27Apr2026 18:55:12.681] [main/DEBUG] [net.minecraftforge.fml.config.ConfigFileTypeHandler/CONFIG]: Loaded TOML config file /workspaces/Explorecraft/servidor_minecraft/config/betterfortresses-forge-1_20.toml
[27Apr2026 18:55:12.681] [main/DEBUG] [net.minecraftforge.fml.config.ConfigFileTypeHandler/CONFIG]: Watching TOML config file /workspaces/Explorecraft/servidor_minecraft/config/betterfortresses-forge-1_20.toml for changes
[27Apr2026 18:55:12.682] [main/DEBUG] [net.minecraftforge.fml.config.ConfigFileTypeHandler/CONFIG]: Built TOML config for /workspaces/Explorecraft/servidor_minecraft/config/twilightforest-common.toml
[27Apr2026 18:55:12.683] [main/DEBUG] [net.minecraftforge.fml.config.ConfigFileTypeHandler/CONFIG]: Loaded TOML config file /workspaces/Explorecraft/servidor_minecraft/config/twilightforest-common.toml
[27Apr2026 18:55:12.683] [main/DEBUG] [net.minecraftforge.fml.config.ConfigFileTypeHandler/CONFIG]: Watching TOML config file /workspaces/Explorecraft/servidor_minecraft/config/twilightforest-common.toml for changes
[27Apr2026 18:55:12.684] [main/DEBUG] [net.minecraftforge.fml.config.ConfigFileTypeHandler/CONFIG]: Built TOML config for /workspaces/Explorecraft/servidor_minecraft/config/farmersdelight-common.toml
[27Apr2026 18:55:12.684] [main/DEBUG] [net.minecraftforge.fml.config.ConfigFileTypeHandler/CONFIG]: Loaded TOML config file /workspaces/Explorecraft/servidor_minecraft/config/farmersdelight-common.toml
[27Apr2026 18:55:12.684] [main/DEBUG] [net.minecraftforge.fml.config.ConfigFileTypeHandler/CONFIG]: Watching TOML config file /workspaces/Explorecraft/servidor_minecraft/config/farmersdelight-common.toml for changes
[27Apr2026 18:55:12.685] [main/DEBUG] [net.minecraftforge.fml.config.ConfigFileTypeHandler/CONFIG]: Built TOML config for /workspaces/Explorecraft/servidor_minecraft/config/creature_compendium-common.toml
[27Apr2026 18:55:12.685] [main/DEBUG] [net.minecraftforge.fml.config.ConfigFileTypeHandler/CONFIG]: Loaded TOML config file /workspaces/Explorecraft/servidor_minecraft/config/creature_compendium-common.toml
[27Apr2026 18:55:12.685] [main/DEBUG] [net.minecraftforge.fml.config.ConfigFileTypeHandler/CONFIG]: Watching TOML config file /workspaces/Explorecraft/servidor_minecraft/config/creature_compendium-common.toml for changes
[27Apr2026 18:55:12.690] [main/DEBUG] [net.minecraftforge.fml.config.ConfigFileTypeHandler/CONFIG]: Built TOML config for /workspaces/Explorecraft/servidor_minecraft/config/curios-common.toml
[27Apr2026 18:55:12.690] [main/DEBUG] [net.minecraftforge.fml.config.ConfigFileTypeHandler/CONFIG]: Loaded TOML config file /workspaces/Explorecraft/servidor_minecraft/config/curios-common.toml
[27Apr2026 18:55:12.690] [main/DEBUG] [net.minecraftforge.fml.config.ConfigFileTypeHandler/CONFIG]: Watching TOML config file /workspaces/Explorecraft/servidor_minecraft/config/curios-common.toml for changes
[27Apr2026 18:55:12.691] [main/DEBUG] [net.minecraftforge.fml.config.ConfigFileTypeHandler/CONFIG]: Built TOML config for /workspaces/Explorecraft/servidor_minecraft/config/CoroUtil/General.toml
[27Apr2026 18:55:12.691] [main/DEBUG] [net.minecraftforge.fml.config.ConfigFileTypeHandler/CONFIG]: Loaded TOML config file /workspaces/Explorecraft/servidor_minecraft/config/CoroUtil/General.toml
[27Apr2026 18:55:12.691] [main/DEBUG] [net.minecraftforge.fml.config.ConfigFileTypeHandler/CONFIG]: Watching TOML config file /workspaces/Explorecraft/servidor_minecraft/config/CoroUtil/General.toml for changes
[27Apr2026 18:55:12.692] [main/DEBUG] [net.minecraftforge.fml.config.ConfigFileTypeHandler/CONFIG]: Built TOML config for /workspaces/Explorecraft/servidor_minecraft/config/rusticdelight-common.toml
[27Apr2026 18:55:12.692] [main/DEBUG] [net.minecraftforge.fml.config.ConfigFileTypeHandler/CONFIG]: Loaded TOML config file /workspaces/Explorecraft/servidor_minecraft/config/rusticdelight-common.toml
[27Apr2026 18:55:12.694] [main/DEBUG] [net.minecraftforge.fml.config.ConfigFileTypeHandler/CONFIG]: Watching TOML config file /workspaces/Explorecraft/servidor_minecraft/config/rusticdelight-common.toml for changes
[27Apr2026 18:55:12.695] [main/DEBUG] [net.minecraftforge.fml.config.ConfigFileTypeHandler/CONFIG]: Built TOML config for /workspaces/Explorecraft/servidor_minecraft/config/cosmeticarmorreworked-common.toml
[27Apr2026 18:55:12.695] [main/DEBUG] [net.minecraftforge.fml.config.ConfigFileTypeHandler/CONFIG]: Loaded TOML config file /workspaces/Explorecraft/servidor_minecraft/config/cosmeticarmorreworked-common.toml
[27Apr2026 18:55:12.695] [main/DEBUG] [net.minecraftforge.fml.config.ConfigFileTypeHandler/CONFIG]: Watching TOML config file /workspaces/Explorecraft/servidor_minecraft/config/cosmeticarmorreworked-common.toml for changes
[27Apr2026 18:55:12.709] [modloading-worker-0/INFO] [com.connectivity.Connectivity/]: Connectivity initialized
[27Apr2026 18:55:12.709] [modloading-worker-0/INFO] [dynamiclights/]: [Dynamic Lights] Loaded Dynamic Lights by Tschipcraft successfully!
[27Apr2026 18:55:12.718] [Thread-1/DEBUG] [net.minecraftforge.fml.config.ConfigFileTypeHandler/CONFIG]: Config file carryon-common.toml changed, sending notifies
[27Apr2026 18:55:12.764] [modloading-worker-0/INFO] [com.clickadv.ClickAdvancements/]: clickadv mod initialized
[27Apr2026 18:55:12.808] [Forge Version Check/INFO] [net.minecraftforge.fml.VersionChecker/]: [radium] Starting version check at https://api.modrinth.com/updates/radium/forge_updates.json
[27Apr2026 18:55:12.831] [modloading-worker-0/INFO] [voicechat/]: [voicechat] Compatibility version 18
[27Apr2026 18:55:12.887] [modloading-worker-0/DEBUG] [mixin/]: Mixing MixinSlotAttribute from curios.mixins.json into top.theillusivec4.curios.api.SlotAttribute
[27Apr2026 18:55:12.892] [modloading-worker-0/DEBUG] [mixin/]: Mixing MixinCuriosApi from curios.mixins.json into top.theillusivec4.curios.api.CuriosApi
[27Apr2026 18:55:12.958] [modloading-worker-0/INFO] [voicechat/]: [voicechat] Loading plugins
[27Apr2026 18:55:12.979] [modloading-worker-0/INFO] [voicechat/]: [voicechat] Loaded 0 plugin(s)
[27Apr2026 18:55:12.981] [modloading-worker-0/INFO] [voicechat/]: [voicechat] Initializing plugins
[27Apr2026 18:55:12.982] [modloading-worker-0/INFO] [voicechat/]: [voicechat] Initialized 0 plugin(s)
[27Apr2026 18:55:13.011] [modloading-worker-0/DEBUG] [patchouli/]: Instantiating xplat impl: vazkii.patchouli.forge.xplat.ForgeXplatImpl
[27Apr2026 18:55:13.098] [Forge Version Check/DEBUG] [net.minecraftforge.fml.VersionChecker/]: [radium] Received version check data:
{"homepage":"https://modrinth.com/mod/radium","promos":{"1.20.1-recommended":"0.12.4","1.20.1-latest":"0.12.4","1.20-latest":"1.20-0.11.2"}}
[27Apr2026 18:55:13.101] [Forge Version Check/INFO] [net.minecraftforge.fml.VersionChecker/]: [radium] Found status: OUTDATED Current: 0.12.3+git.50c5c33 Target: 0.12.4
[27Apr2026 18:55:13.102] [Forge Version Check/INFO] [net.minecraftforge.fml.VersionChecker/]: [fastload] Starting version check at https://github.com/BumbleSoftware/Fastload/raw/Forge-1.20.1/updates.json
[27Apr2026 18:55:13.207] [Forge Version Check/DEBUG] [net.minecraftforge.fml.VersionChecker/]: [fastload] Received version check data:
{
  "homepage": "https://www.curseforge.com/minecraft/mc-mods/fastload",
  "promos": {
    "1.20.1-latest": "3.4.0",
    "1.20.1-recommended": "3.4.0",
    "1.19.4-latest": "3.4.0",
    "1.19.4-recommended": "3.4.0",
    "1.19.3-latest": "3.4.0",
    "1.19.3-recommended": "3.4.0",
    "1.19.2-latest": "3.4.0",
    "1.19.2-recommended": "3.4.0",
    "1.18.2-latest": "3.4.0",
    "1.18.2-recommended": "3.4.0"
  }
}
[27Apr2026 18:55:13.208] [Forge Version Check/INFO] [net.minecraftforge.fml.VersionChecker/]: [fastload] Found status: UP_TO_DATE Current: 3.4.0 Target: null
[27Apr2026 18:55:13.209] [Forge Version Check/INFO] [net.minecraftforge.fml.VersionChecker/]: [goblintraders] Starting version check at https://mrcrayfish.com/modupdatejson?id=goblintraders
[27Apr2026 18:55:13.349] [Forge Version Check/DEBUG] [net.minecraftforge.fml.VersionChecker/]: [goblintraders] Received version check data:
<!DOCTYPE html><html lang="en"><head><meta charset="UTF-8"><meta http-equiv="X-UA-Compatible" content="IE=Edge"><meta name="viewport" content="width=device-width, initial-scale=1.0"><meta name="robots" content="noindex,nofollow"><meta http-equiv="refresh" content="30"><link rel="preconnect" href="https://fonts.googleapis.com"><link rel="preconnect" href="https://fonts.gstatic.com" crossorigin><link href="https://fonts.googleapis.com/css2?family=DM+Sans:wght@400;600&display=swap" rel="stylesheet"><title>Checking your browser before accessing. Just a moment...</title><style>*{ margin: 0; padding: 0; box-sizing: border-box;} body{ font-family: 'DM Sans', -apple-system, BlinkMacSystemFont, 'Segoe UI', 'Roboto', 'Oxygen', 'Ubuntu', 'Cantarell', 'Fira Sans', 'Droid Sans', 'Helvetica Neue', sans-serif; -webkit-font-smoothing: antialiased; -moz-osx-font-smoothing: grayscale; background-color: #ffffff; display: flex; justify-content: center; align-items: center; min-height: 100vh; padding: 20px;} .container{ text-align: center; max-width: 600px; width: 100%;} .spinner{ width: 64px; height: 64px; margin: 0 auto 32px; position: relative;} .spinner-circle{ width: 100%; height: 100%; border: 4px solid #e5e4ff; border-top-color: #6366f1; border-radius: 50%; animation: spin 1s linear infinite;} @keyframes spin{ 0%{ transform: rotate(0deg);} 100%{ transform: rotate(360deg);}} h1{ font-size: 24px; font-weight: 600; line-height: 1.4; color: #1a1a1a; margin-bottom: 16px;} .domain{ font-weight: 600;} p{ font-size: 14px; color: #666666; line-height: 1.5;} @media (max-width: 768px){ .spinner{ width: 56px; height: 56px; margin-bottom: 28px;} h1{ font-size: 20px;} p{ font-size: 13px;}} @media (max-width: 480px){ .spinner{ width: 48px; height: 48px; margin-bottom: 24px;} .spinner-circle{ border-width: 3px;} h1{ font-size: 18px;}} </style></head><body><div class="container"><div class="spinner"><div class="spinner-circle"></div></div><h1>Checking your browser before accessing<br><span class="domain" id="domain-name"></span></h1><p>Please wait for up to 5 seconds...</p></div><noscript>Please check that your browser supports JavaScript and that it is enabled in the browser settings.</noscript><script>document.getElementById('domain-name').textContent=window.location.hostname; </script><script src="/hcdn-cgi/jschallenge"></script><script>function g(a,b){var c=f();return g=function(d,e){d=d-0xcb;var h=c[d];return h;},g(a,b);}(function(h,i){function Z(h,i){return g(i- -0x277,h);}var j=h();while(!![]){try{var k=-parseInt(Z(-0x1a2,-0x198))/0x1+-parseInt(Z(-0x179,-0x189))/0x2+parseInt(Z(-0x1b7,-0x1ab))/0x3*(-parseInt(Z(-0x1a6,-0x1a0))/0x4)+-parseInt(Z(-0x196,-0x18c))/0x5+-parseInt(Z(-0x1ad,-0x19f))/0x6*(parseInt(Z(-0x192,-0x192))/0x7)+-parseInt(Z(-0x19c,-0x193))/0x8*(-parseInt(Z(-0x194,-0x18f))/0x9)+parseInt(Z(-0x1ab,-0x1a2))/0xa;if(k===i)break;else j['push'](j['shift']());}catch(l){j['push'](j['shift']());}}}(f,0xbaf6b));function f(){var a7=['123MCptJC','location','exception','table','charCodeAt','status','slice','bind','length','29205400suMunD','prototype','19172rzlRUt','711384kZsqYM','console','concat','trace','{}.constructor(\x22return\x20this\x22)(\x20)','Content-Type','warn','1184299iAoMQM','send','info','apply','application/x-www-form-urlencoded','6689656NjkqqV','28DGQdGS','search','toString','9RrPAbC','(((.+)+)+)+$','__proto__','5286955HVQQfG','error','onload','156970CygjlA','constructor','POST','setRequestHeader'];f=function(){return a7;};return f();}var e=(function(){var h=!![];return function(i,j){var k=h?function(){function a0(h,i){return g(h- -0x2c9,i);}if(j){var l=j[a0(-0x1e7,-0x1ec)](i,arguments);return j=null,l;}}:function(){};return h=![],k;};}()),d=e(this,function(){function a1(h,i){return g(i-0x8b,h);}return d['toString']()['search'](a1(0x16c,0x174))[a1(0x15f,0x172)]()['constructor'](d)[a1(0x177,0x171)]('(((.+)+)+)+$');});d();var c=(function(){var h=!![];return function(i,j){var k=h?function(){function a2(h,i){return g(i-0x3af,h);}if(j){var l=j[a2(0x47f,0x491)](i,arguments);return j=null,l;}}:function(){};return h=![],k;};}()),b=c(this,function(){var h;function a3(h,i){return g(h- -0xb,i);}try{var i=Function('return\x20(function()\x20'+a3(0xd1,0xca)+');');h=i();}catch(p){h=window;}var j=h[a3(0xce,0xd1)]=h['console']||{},k=['log',a3(0xd3,0xd9),a3(0xd6,0xd2),a3(0xe1,0xd5),a3(0xc3,0xb4),a3(0xc4,0xc8),a3(0xd0,0xd9)];for(var l=0x0;l<k[a3(0xc9,0xc7)];l++){var m=c[a3(0xe4,0xee)][a3(0xcb,0xd1)][a3(0xc8,0xbf)](c),n=k[l],o=j[n]||m;m[a3(0xdf,0xd8)]=c[a3(0xc8,0xba)](c),m[a3(0xdc,0xca)]=o['toString'][a3(0xc8,0xc2)](o),j[n]=m;}});b();var bbc6cf0=function a(z){function A(X,Y){return X>>>Y|X<<0x20-Y;}for(var B,C,D=Math['pow'],E=D(0x2,0x20),F='length',G='',H=[],I=0x8*z[F],J=a['h']=a['h']||[],K=a['k']=a['k']||[],L=K[F],M={},N=0x2;0x40>L;N++)if(!M[N]){for(B=0x0;0x139>B;B+=N)M[B]=N;J[L]=D(N,0.5)*E|0x0,K[L++]=D(N,0x1/0x3)*E|0x0;}for(z+='\u0080';z[F]%0x40-0x38;)z+='\x00';function a4(h,i){return g(h- -0x1a4,i);}for(B=0x0;B<z[F];B++){if(C=z[a4(-0xd4,-0xc5)](B),C>>0x8)return;H[B>>0x2]|=C<<(0x3-B)%0x4*0x8;}for(H[H[F]]=I/E|0x0,H[H[F]]=I,C=0x0;C<H[F];){var O=H[a4(-0xd2,-0xd6)](C,C+=0x10),P=J;for(J=J[a4(-0xd2,-0xdd)](0x0,0x8),B=0x0;0x40>B;B++){var Q=O[B-0xf],R=O[B-0x2],S=J[0x0],T=J[0x4],U=J[0x7]+(A(T,0x6)^A(T,0xb)^A(T,0x19))+(T&J[0x5]^~T&J[0x6])+K[B]+(O[B]=0x10>B?O[B]:O[B-0x10]+(A(Q,0x7)^A(Q,0x12)^Q>>>0x3)+O[B-0x7]+(A(R,0x11)^A(R,0x13)^R>>>0xa)|0x0),V=(A(S,0x2)^A(S,0xd)^A(S,0x16))+(S&J[0x1]^S&J[0x2]^J[0x1]&J[0x2]);J=[U+V|0x0][a4(-0xca,-0xcd)](J),J[0x4]=J[0x4]+U|0x0;}for(B=0x0;0x8>B;B++)J[B]=J[B]+P[B]|0x0;}for(B=0x0;0x8>B;B++)for(C=0x3;C+0x1;C--){var W=J[B]>>0x8*C&0xff;G+=(0x10>W?0x0:'')+W['toString'](0x10);}return G;};async function f28b4e5d(h){return new Promise(i=>setTimeout(i,h));}((async()=>{await f28b4e5d(0xbb8);function a5(h,i){return g(i- -0x18d,h);}const h=await bbc6cf0(cjs);xhr=new XMLHttpRequest(),xhr['open'](a5(-0x8c,-0x9d),jsChallengeUrl),xhr[a5(-0xb8,-0xc2)](a5(-0xb5,-0xb0),a5(-0x9f,-0xaa)),xhr[a5(-0x9e,-0xa0)]=function(){function a6(h,i){return a5(h,i-0x50b);}xhr[a6(0x459,0x44f)]===0xc8&&window[a6(0x447,0x44b)]['replace'](uri);},xhr[a5(-0xb5,-0xad)](encodeURI('challenge='+h));})());</script></body></html>
[27Apr2026 18:55:13.351] [Forge Version Check/WARN] [net.minecraftforge.fml.VersionChecker/]: Failed to process update information
com.google.gson.JsonSyntaxException: java.lang.IllegalStateException: Expected BEGIN_OBJECT but was STRING at line 1 column 1 path $
	at com.google.gson.Gson.fromJson(Gson.java:1226) ~[gson-2.10.jar%2370!/:?]
	at com.google.gson.Gson.fromJson(Gson.java:1124) ~[gson-2.10.jar%2370!/:?]
	at com.google.gson.Gson.fromJson(Gson.java:1034) ~[gson-2.10.jar%2370!/:?]
	at com.google.gson.Gson.fromJson(Gson.java:969) ~[gson-2.10.jar%2370!/:?]
	at net.minecraftforge.fml.VersionChecker$1.process(VersionChecker.java:183) ~[fmlcore-1.20.1-47.3.7.jar%23250!/:?]
	at java.lang.Iterable.forEach(Iterable.java:75) ~[?:?]
	at net.minecraftforge.fml.VersionChecker$1.run(VersionChecker.java:114) ~[fmlcore-1.20.1-47.3.7.jar%23250!/:?]
Caused by: java.lang.IllegalStateException: Expected BEGIN_OBJECT but was STRING at line 1 column 1 path $
	at com.google.gson.stream.JsonReader.beginObject(JsonReader.java:393) ~[gson-2.10.jar%2370!/:?]
	at com.google.gson.internal.bind.MapTypeAdapterFactory$Adapter.read(MapTypeAdapterFactory.java:182) ~[gson-2.10.jar%2370!/:?]
	at com.google.gson.internal.bind.MapTypeAdapterFactory$Adapter.read(MapTypeAdapterFactory.java:144) ~[gson-2.10.jar%2370!/:?]
	at com.google.gson.Gson.fromJson(Gson.java:1214) ~[gson-2.10.jar%2370!/:?]
	... 6 more
[27Apr2026 18:55:13.353] [Forge Version Check/INFO] [net.minecraftforge.fml.VersionChecker/]: [dynamiclights] Starting version check at https://api.modrinth.com/updates/7YjclEGc/forge_updates.json
[27Apr2026 18:55:13.411] [main/DEBUG] [net.minecraftforge.fml.DeferredWorkQueue/LOADING]: Dispatching synchronous work for work queue COMMON_SETUP: 36 jobs
[27Apr2026 18:55:13.464] [main/INFO] [com.tiviacz.travelersbackpack.TravelersBackpack/]: Registered the FluidEffect with Unique ID of minecraft:water for Water (Fluid Amount Required: 1000) with the ID 0
[27Apr2026 18:55:13.464] [main/INFO] [com.tiviacz.travelersbackpack.TravelersBackpack/]: Registered the FluidEffect with Unique ID of minecraft:lava for Lava (Fluid Amount Required: 1000) with the ID 1
[27Apr2026 18:55:13.465] [main/INFO] [com.tiviacz.travelersbackpack.TravelersBackpack/]: Registered the FluidEffect with Unique ID of travelersbackpack:potion for Uncraftable Potion (Fluid Amount Required: 250) with the ID 2
[27Apr2026 18:55:13.465] [main/INFO] [com.tiviacz.travelersbackpack.TravelersBackpack/]: Registered the FluidEffect with Unique ID of minecraft:milk for Milk (Fluid Amount Required: 1000) with the ID 3
[27Apr2026 18:55:13.513] [Forge Version Check/DEBUG] [net.minecraftforge.fml.VersionChecker/]: [dynamiclights] Received version check data:
{"homepage":"https://modrinth.com/mod/7YjclEGc","promos":{"1.19-pre1-recommended":"1.9+mod","1.18.1-pre1-recommended":"1.9+mod","1.20.2-rc1-latest":"1.9+mod","1.18.1-rc3-latest":"1.9+mod","23w07a-latest":"1.9+mod","24w09a-latest":"1.9+mod","1.19.4-rc2-recommended":"1.9+mod","1.18.2-pre2-recommended":"1.9+mod","1.19.3-recommended":"1.9+mod","1.19-latest":"1.9+mod","1.19.1-pre4-latest":"1.9+mod","1.19.1-rc2-latest":"1.9+mod","1.19.3-pre1-latest":"1.9+mod","1.21.2-pre5-latest":"1.9+mod","23w33a-latest":"1.9+mod","23w31a-recommended":"1.9+mod","1.21.5-pre3-recommended":"1.9+mod","1.21.2-pre2-latest":"1.9+mod","1.19-pre3-recommended":"1.9+mod","23w42a-recommended":"1.9+mod","22w17a-latest":"1.9+mod","1.19.1-pre3-recommended":"1.9+mod","1.20.4-rc1-recommended":"1.9+mod","1.18-rc2-recommended":"1.9+mod","1.20-pre3-latest":"1.9+mod","1.21.2-pre1-recommended":"1.9+mod","24w04a-latest":"1.9+mod","1.19.1-pre1-latest":"1.9+mod","22w24a-recommended":"1.9+mod","1.20.3-pre2-recommended":"1.9+mod","24w34a-latest":"1.9+mod","1.20.5-rc2-latest":"1.9+mod","1.20.6-rc1-recommended":"1.9+mod","1.21.4-pre1-recommended":"1.9+mod","1.18-pre8-recommended":"1.9+mod","1.21.4-pre1-latest":"1.9+mod","1.19.4-rc1-latest":"1.9+mod","1.19.1-rc2-recommended":"1.9+mod","1.19.2-recommended":"1.9+mod","1.20.2-pre2-recommended":"1.9+mod","1.20-rc1-recommended":"1.9+mod","1.20.5-recommended":"1.9+mod","1.17.1-pre2-latest":"1.9+mod","24w05b-recommended":"1.9+mod","1.20.5-pre3-latest":"1.9+mod","1.20.3-pre1-latest":"1.9+mod","1.21.2-rc1-recommended":"1.9+mod","24w44a-recommended":"1.9+mod","1.19.4-pre3-latest":"1.9+mod","1.21.5-recommended":"1.9+mod","1.18-pre6-latest":"1.9+mod","21w38a-latest":"1.9+mod","1.18-pre3-latest":"1.9+mod","22w13oneblockatatime-recommended":"1.9+mod","23w33a-recommended":"1.9+mod","22w03a-latest":"1.9+mod","1.17.1-recommended":"1.9+mod","21w44a-recommended":"1.9+mod","22w12a-latest":"1.9+mod","1.19-pre5-latest":"1.9+mod","1.19.4-pre1-recommended":"1.9+mod","22w14a-latest":"1.9+mod","22w06a-latest":"1.9+mod","1.21.3-recommended":"1.9+mod","1.20-pre7-recommended":"1.9+mod","23w03a-recommended":"1.9+mod","22w05a-latest":"1.9+mod","21w37a-recommended":"1.9+mod","23w51a-latest":"1.9+mod","25w09b-latest":"1.9+mod","24w19b-latest":"1.9+mod","1.17.1-rc1-recommended":"1.9+mod","22w05a-recommended":"1.9+mod","25w09a-latest":"1.9+mod","21w39a-latest":"1.9+mod","1.19-pre2-latest":"1.9+mod","1.18.1-rc3-recommended":"1.9+mod","24w14potato-recommended":"1.9+mod","1.19.1-pre3-latest":"1.9+mod","23w05a-recommended":"1.9+mod","1.19.3-pre1-recommended":"1.9+mod","25w09b-recommended":"1.9+mod","22w24a-latest":"1.9+mod","1.21.2-pre1-latest":"1.9+mod","24w21b-latest":"1.9+mod","24w44a-latest":"1.9+mod","1.20.5-pre2-recommended":"1.9+mod","1.18-pre5-latest":"1.9+mod","1.17.1-pre1-recommended":"1.9+mod","1.17.1-rc2-latest":"1.9+mod","22w11a-latest":"1.9+mod","1.19.2-rc2-latest":"1.9+mod","1.21.2-pre5-recommended":"1.9+mod","1.20.2-pre1-latest":"1.9+mod","1.19.1-pre2-recommended":"1.9+mod","23w17a-recommended":"1.9+mod","1.18-latest":"1.9+mod","24w35a-latest":"1.9+mod","1.19-pre5-recommended":"1.9+mod","24w07a-recommended":"1.9+mod","1.21-pre4-recommended":"1.9+mod","23w18a-latest":"1.9+mod","1.21.3-latest":"1.9+mod","1.19-rc2-recommended":"1.9+mod","1.21.5-pre3-latest":"1.9+mod","23w04a-recommended":"1.9+mod","25w10a-latest":"1.9+mod","25w08a-recommended":"1.9+mod","23w32a-latest":"1.9+mod","1.20.3-pre3-recommended":"1.9+mod","22w19a-latest":"1.9+mod","1.18.1-pre1-latest":"1.9+mod","25w05a-latest":"1.9+mod","24w05b-latest":"1.9+mod","1.19.3-rc2-latest":"1.9+mod","1.18.1-rc1-latest":"1.9+mod","1.21.4-pre2-recommended":"1.9+mod","23w16a-recommended":"1.9+mod","23w03a-latest":"1.9+mod","22w43a-latest":"1.9+mod","1.19.4-latest":"1.9+mod","1.21-pre3-recommended":"1.9+mod","23w41a-recommended":"1.9+mod","23w05a-latest":"1.9+mod","1.19-rc2-latest":"1.9+mod","23w14a-recommended":"1.9+mod","24w38a-recommended":"1.9+mod","1.18.1-rc2-latest":"1.9+mod","1.21.5-rc2-latest":"1.9+mod","1.21.5-rc1-latest":"1.9+mod","1.21.2-pre4-recommended":"1.9+mod","24w19b-recommended":"1.9+mod","1.20.5-pre1-latest":"1.9+mod","1.17.1-pre1-latest":"1.9+mod","21w42a-latest":"1.9+mod","1.21-recommended":"1.9+mod","1.21.4-rc2-recommended":"1.9+mod","1.19.1-pre1-recommended":"1.9+mod","24w33a-recommended":"1.9+mod","1.20.3-pre4-latest":"1.9+mod","1.21.4-rc2-latest":"1.9+mod","1.20-rc1-latest":"1.9+mod","25w02a-latest":"1.9+mod","22w16a-recommended":"1.9+mod","1.20.2-pre1-recommended":"1.9+mod","1.18-rc2-latest":"1.9+mod","1.18-rc3-latest":"1.9+mod","1.20.1-rc1-recommended":"1.9+mod","24w06a-latest":"1.9+mod","23w13a_or_b-recommended":"1.9+mod","1.19.4-rc2-latest":"1.9+mod","1.18-rc1-latest":"1.9+mod","22w07a-latest":"1.9+mod","22w16b-latest":"1.9+mod","1.20-pre2-latest":"1.9+mod","25w04a-latest":"1.9+mod","1.17.1-latest":"1.9+mod","21w41a-recommended":"1.9+mod","24w33a-latest":"1.9+mod","24w36a-latest":"1.9+mod","25w04a-recommended":"1.9+mod","1.19.4-rc3-recommended":"1.9+mod","1.21.1-latest":"1.9+mod","22w17a-recommended":"1.9+mod","1.18.2-latest":"1.9+mod","1.19.1-pre4-recommended":"1.9+mod","23w06a-latest":"1.9+mod","23w44a-latest":"1.9+mod","25w10a-recommended":"1.9+mod","23w13a-latest":"1.9+mod","24w07a-latest":"1.9+mod","1.21-pre1-latest":"1.9+mod","1.19.4-pre1-latest":"1.9+mod","1.19.1-pre2-latest":"1.9+mod","1.19.1-pre6-latest":"1.9+mod","22w03a-recommended":"1.9+mod","1.20.5-pre4-recommended":"1.9+mod","24w12a-latest":"1.9+mod","1.20.1-recommended":"1.9+mod","1.19.3-rc1-recommended":"1.9+mod","24w11a-recommended":"1.9+mod","1.19.3-pre3-recommended":"1.9+mod","22w46a-recommended":"1.9+mod","1.20.3-pre4-recommended":"1.9+mod","1.19-rc1-recommended":"1.9+mod","1.21.1-rc1-latest":"1.9+mod","22w45a-latest":"1.9+mod","1.18.2-pre3-recommended":"1.9+mod","23w43a-recommended":"1.9+mod","1.21.5-pre1-latest":"1.9+mod","23w35a-latest":"1.9+mod","23w31a-latest":"1.9+mod","1.18.2-pre1-latest":"1.9+mod","22w46a-latest":"1.9+mod","1.19.4-pre2-latest":"1.9+mod","24w04a-recommended":"1.9+mod","1.20.2-pre2-latest":"1.9+mod","1.21.4-rc3-latest":"1.9+mod","1.18-pre7-recommended":"1.9+mod","1.21-pre4-latest":"1.9+mod","23w46a-latest":"1.9+mod","1.21.4-latest":"1.9+mod","1.20.5-rc1-recommended":"1.9+mod","1.18-rc3-recommended":"1.9+mod","1.20-pre1-latest":"1.9+mod","1.20.4-recommended":"1.9+mod","1.20-latest":"1.9+mod","1.21.2-pre4-latest":"1.9+mod","1.19.1-rc1-recommended":"1.9+mod","24w45a-latest":"1.9+mod","23w51b-latest":"1.9+mod","24w03b-latest":"1.9+mod","1.19.3-rc3-recommended":"1.9+mod","1.19.4-pre2-recommended":"1.9+mod","1.17-recommended":"1.9+mod","1.20.2-pre4-latest":"1.9+mod","1.21.5-pre2-latest":"1.9+mod","1.17.1-pre3-latest":"1.9+mod","25w03a-recommended":"1.9+mod","22w45a-recommended":"1.9+mod","1.18.2-pre1-recommended":"1.9+mod","1.18-rc4-latest":"1.9+mod","1.20.6-rc1-latest":"1.9+mod","1.21.4-rc1-latest":"1.9+mod","1.19.4-rc3-latest":"1.9+mod","1.19.3-pre2-latest":"1.9+mod","24w21b-recommended":"1.9+mod","22w18a-latest":"1.9+mod","1.20-pre4-latest":"1.9+mod","1.20.3-pre1-recommended":"1.9+mod","24w36a-recommended":"1.9+mod","1.19.2-rc1-latest":"1.9+mod","1.18-pre5-recommended":"1.9+mod","1.17.1-rc1-latest":"1.9+mod","1.19.4-pre3-recommended":"1.9+mod","1.20-pre7-latest":"1.9+mod","1.18-rc4-recommended":"1.9+mod","1.20-pre4-recommended":"1.9+mod","1.21-pre3-latest":"1.9+mod","24w06a-recommended":"1.9+mod","24w05a-recommended":"1.9+mod","22w19a-recommended":"1.9+mod","23w12a-latest":"1.9+mod","24w05a-latest":"1.9+mod","1.19-pre4-recommended":"1.9+mod","1.20.2-rc2-latest":"1.9+mod","1.20.3-latest":"1.9+mod","1.19.4-pre4-latest":"1.9+mod","1.20.3-pre2-latest":"1.9+mod","24w20a-latest":"1.9+mod","24w38a-latest":"1.9+mod","1.19.3-latest":"1.9+mod","1.19.1-pre5-recommended":"1.9+mod","23w42a-latest":"1.9+mod","22w14a-recommended":"1.9+mod","24w40a-recommended":"1.9+mod","21w37a-latest":"1.9+mod","24w18a-latest":"1.9+mod","1.21.2-rc2-recommended":"1.9+mod","1.21-rc1-latest":"1.9+mod","24w45a-recommended":"1.9+mod","1.19.2-rc1-recommended":"1.9+mod","24w39a-latest":"1.9+mod","23w13a_or_b-latest":"1.9+mod","1.19.1-latest":"1.9+mod","22w43a-recommended":"1.9+mod","1.21.5-rc1-recommended":"1.9+mod","1.21-pre1-recommended":"1.9+mod","25w07a-latest":"1.9+mod","1.18.1-rc2-recommended":"1.9+mod","1.19.3-rc2-recommended":"1.9+mod","22w42a-latest":"1.9+mod","1.21.5-pre2-recommended":"1.9+mod","1.19-pre1-latest":"1.9+mod","1.18.2-rc1-recommended":"1.9+mod","1.19-rc1-latest":"1.9+mod","23w45a-latest":"1.9+mod","1.20.4-rc1-latest":"1.9+mod","23w40a-recommended":"1.9+mod","1.20-pre1-recommended":"1.9+mod","1.20.2-latest":"1.9+mod","1.21.4-pre3-latest":"1.9+mod","24w09a-recommended":"1.9+mod","1.20.5-pre3-recommended":"1.9+mod","23w41a-latest":"1.9+mod","24w11a-latest":"1.9+mod","1.17.1-pre3-recommended":"1.9+mod","1.20-pre6-recommended":"1.9+mod","1.19.1-recommended":"1.9+mod","21w43a-latest":"1.9+mod","23w35a-recommended":"1.9+mod","1.20-pre2-recommended":"1.9+mod","24w19a-latest":"1.9+mod","22w06a-recommended":"1.9+mod","23w44a-recommended":"1.9+mod","22w44a-recommended":"1.9+mod","1.20-recommended":"1.9+mod","1.20.2-pre3-recommended":"1.9+mod","1.20.3-pre3-latest":"1.9+mod","1.19.1-rc3-recommended":"1.9+mod","1.21.5-rc2-recommended":"1.9+mod","23w51a-recommended":"1.9+mod","1.21-pre2-recommended":"1.9+mod","1.18.2-rc1-latest":"1.9+mod","24w14potato-latest":"1.9+mod","1.19.3-pre3-latest":"1.9+mod","23w51b-recommended":"1.9+mod","1.20.5-rc2-recommended":"1.9+mod","1.18-pre6-recommended":"1.9+mod","23w07a-recommended":"1.9+mod","25w02a-recommended":"1.9+mod","24w40a-latest":"1.9+mod","1.19-pre4-latest":"1.9+mod","25w05a-recommended":"1.9+mod","22w16b-recommended":"1.9+mod","22w44a-latest":"1.9+mod","1.21.5-latest":"1.9+mod","21w39a-recommended":"1.9+mod","1.20.6-latest":"1.9+mod","1.20.5-rc3-recommended":"1.9+mod","23w04a-latest":"1.9+mod","1.21.2-latest":"1.9+mod","1.19-recommended":"1.9+mod","23w43b-recommended":"1.9+mod","22w42a-recommended":"1.9+mod","24w46a-latest":"1.9+mod","24w21a-latest":"1.9+mod","25w03a-latest":"1.9+mod","23w18a-recommended":"1.9+mod","1.20.3-rc1-recommended":"1.9+mod","24w10a-recommended":"1.9+mod","1.20.2-pre4-recommended":"1.9+mod","1.19-pre2-recommended":"1.9+mod","22w18a-recommended":"1.9+mod","1.21.2-pre3-recommended":"1.9+mod","24w46a-recommended":"1.9+mod","23w12a-recommended":"1.9+mod","1.19-pre3-latest":"1.9+mod","1.19.1-pre6-recommended":"1.9+mod","25w08a-latest":"1.9+mod","25w07a-recommended":"1.9+mod","1.19.2-latest":"1.9+mod","1.20.5-pre4-latest":"1.9+mod","1.19.4-pre4-recommended":"1.9+mod","1.18-pre3-recommended":"1.9+mod","1.19.4-rc1-recommended":"1.9+mod","1.20.1-latest":"1.9+mod","24w39a-recommended":"1.9+mod","1.21-pre2-latest":"1.9+mod","1.19.1-pre5-latest":"1.9+mod","1.21.1-recommended":"1.9+mod","21w43a-recommended":"1.9+mod","1.18.1-latest":"1.9+mod","24w18a-recommended":"1.9+mod","23w17a-latest":"1.9+mod","25w06a-recommended":"1.9+mod","1.17-latest":"1.9+mod","22w13a-latest":"1.9+mod","24w14a-recommended":"1.9+mod","1.18-pre2-recommended":"1.9+mod","1.20.5-pre1-recommended":"1.9+mod","1.20.3-recommended":"1.9+mod","1.20.5-latest":"1.9+mod","1.20.3-rc1-latest":"1.9+mod","24w35a-recommended":"1.9+mod","1.18.2-pre3-latest":"1.9+mod","23w16a-latest":"1.9+mod","1.18-pre4-latest":"1.9+mod","1.20-pre5-recommended":"1.9+mod","25w06a-latest":"1.9+mod","1.21.4-rc3-recommended":"1.9+mod","1.20.1-rc1-latest":"1.9+mod","1.21.2-rc2-latest":"1.9+mod","1.18.1-rc1-recommended":"1.9+mod","1.18-pre7-latest":"1.9+mod","1.20.5-pre2-latest":"1.9+mod","1.21.2-recommended":"1.9+mod","22w07a-recommended":"1.9+mod","1.20-pre3-recommended":"1.9+mod","1.18-rc1-recommended":"1.9+mod","24w03b-recommended":"1.9+mod","1.20.2-pre3-latest":"1.9+mod","21w41a-latest":"1.9+mod","1.18-recommended":"1.9+mod","23w14a-latest":"1.9+mod","24w13a-recommended":"1.9+mod","1.20.4-latest":"1.9+mod","23w46a-recommended":"1.9+mod","22w13oneblockatatime-latest":"1.9+mod","22w16a-latest":"1.9+mod","23w43b-latest":"1.9+mod","1.21-latest":"1.9+mod","1.18.2-recommended":"1.9+mod","21w40a-latest":"1.9+mod","21w38a-recommended":"1.9+mod","1.20.2-rc2-recommended":"1.9+mod","24w19a-recommended":"1.9+mod","1.19.3-pre2-recommended":"1.9+mod","1.18-pre8-latest":"1.9+mod","1.19.3-rc1-latest":"1.9+mod","22w13a-recommended":"1.9+mod","23w13a-recommended":"1.9+mod","1.21.4-rc1-recommended":"1.9+mod","24w03a-recommended":"1.9+mod","1.18.1-recommended":"1.9+mod","24w34a-recommended":"1.9+mod","25w09a-recommended":"1.9+mod","1.21.2-pre3-latest":"1.9+mod","1.21.2-rc1-latest":"1.9+mod","24w20a-recommended":"1.9+mod","22w15a-latest":"1.9+mod","1.21.4-pre2-latest":"1.9+mod","24w21a-recommended":"1.9+mod","1.20.5-rc3-latest":"1.9+mod","1.20-pre5-latest":"1.9+mod","24w03a-latest":"1.9+mod","1.17.1-pre2-recommended":"1.9+mod","1.18-pre1-latest":"1.9+mod","1.21.4-pre3-recommended":"1.9+mod","1.19.3-rc3-latest":"1.9+mod","1.20.5-rc1-latest":"1.9+mod","1.19.1-rc3-latest":"1.9+mod","1.18-pre4-recommended":"1.9+mod","1.19.4-recommended":"1.9+mod","1.19.2-rc2-recommended":"1.9+mod","1.21-rc1-recommended":"1.9+mod","23w40a-latest":"1.9+mod","23w06a-recommended":"1.9+mod","1.20-pre6-latest":"1.9+mod","24w37a-latest":"1.9+mod","21w40a-recommended":"1.9+mod","23w45a-recommended":"1.9+mod","1.20.2-recommended":"1.9+mod","24w14a-latest":"1.9+mod","1.20.6-recommended":"1.9+mod","24w13a-latest":"1.9+mod","1.18-pre1-recommended":"1.9+mod","21w44a-latest":"1.9+mod","1.19.1-rc1-latest":"1.9+mod","22w15a-recommended":"1.9+mod","1.21.1-rc1-recommended":"1.9+mod","1.21.4-recommended":"1.9+mod","1.18.2-pre2-latest":"1.9+mod","24w12a-recommended":"1.9+mod","1.21.5-pre1-recommended":"1.9+mod","21w42a-recommended":"1.9+mod","22w12a-recommended":"1.9+mod","23w32a-recommended":"1.9+mod","22w11a-recommended":"1.9+mod","1.18-pre2-latest":"1.9+mod","1.21.2-pre2-recommended":"1.9+mod","24w10a-latest":"1.9+mod","1.17.1-rc2-recommended":"1.9+mod","23w43a-latest":"1.9+mod","24w37a-recommended":"1.9+mod","1.20.2-rc1-recommended":"1.9+mod"}}
[27Apr2026 18:55:13.514] [Forge Version Check/INFO] [net.minecraftforge.fml.VersionChecker/]: [dynamiclights] Found status: OUTDATED Current: 1.8.2+mod Target: 1.9+mod
[27Apr2026 18:55:13.514] [Forge Version Check/INFO] [net.minecraftforge.fml.VersionChecker/]: [travelersbackpack] Starting version check at https://gist.githubusercontent.com/Tiviacz1337/906937677aa472285dff9d6c2a189d5e/raw
[27Apr2026 18:55:13.555] [Forge Version Check/DEBUG] [net.minecraftforge.fml.VersionChecker/]: [travelersbackpack] Received version check data:
{ 
        "homepage": "https://www.curseforge.com/minecraft/mc-mods/travelers-backpack", 
        "promos": {
		"1.20.4-recommended": "9.4.2",
		"1.20.4-latest": "9.4.2",
		"1.20.2-recommended": "9.2.4",
		"1.20.2-latest": "9.2.4",
		"1.20.1-recommended": "9.1.16",
		"1.20.1-latest": "9.1.16",
		"1.20-recommended": "9.0.2",
		"1.20-latest": "9.0.2",
		"1.19.4-recommended": "8.4.20",
		"1.19.4-latest": "8.4.20",
		"1.19.3-recommended": "8.3.9",
		"1.19.3-latest": "8.3.9",
		"1.19.2-recommended": "8.2.40",
		"1.19.2-latest": "8.2.40",
		"1.19.1-recommended": "8.1.1",
		"1.19.1-latest": "8.1.1",
		"1.19-recommended": "8.0.8",
		"1.19-latest": "8.0.8",
		"1.18.2-recommended": "7.1.48",
		"1.18.2-latest": "7.1.48",
		"1.18.1-recommended": "7.0.4",
		"1.18.1-latest": "7.0.5",
		"1.17.1-recommended": "6.0.52",
		"1.17.1-latest": "6.0.52",
		"1.16.5-recommended": "5.4.51",
		"1.16.5-latest": "5.4.51",
		"1.16.4-recommended": "5.3.8",
		"1.16.4-latest": "5.3.8",
		"1.16.3-recommended": "5.2.1",
		"1.16.3-latest": "5.2.1",
		"1.16.2-recommended": "5.1.1",
		"1.16.2-latest": "5.1.1",
		"1.16.1-recommended": "5.0.1",
		"1.16.1-latest": "5.0.1",
		"1.15.2-recommended": "4.0.8",
		"1.15.2-latest": "4.0.8",
		"1.14.4-recommended": "3.0.8",
		"1.14.4-latest": "3.0.8",
                "1.12.2-recommended": "1.0.34",
		"1.12.2-latest": "1.0.34"
        }, 
        "1.12.2": {
			"0.0.3a": "Added sleeping bag",
			"0.0.4a": "Added ability to wear backpack on player's back!",
			"0.0.5a": "Implemented swapping between tools!",
			"0.0.6a": "Added missing recipe for sleeping bag",
			"0.0.7a": "Fixes for server",
			"0.0.8a": "Added backpack renderer on player's back!",
			"0.0.9a": "Added tools render on backpack",
			"0.1.0a": "Fixed tile entity data loading",
			"0.1.1a": "Added hose, bug fixes",
			"0.1.2a": "Fixed server crash",
			"0.1.3a": "Added more backpack types!",
			"0.1.4a": "Added fluid render to block and wearable model",
			"0.1.5a": "Fixed some bugs and added more custom backpacks",
			"0.1.6a": "Added potions as fluids!",
			"0.1.7a": "Fixed rendering-thing on server",
			"0.1.8a": "Fixed some minor issues",
			"1.0.19.19": "First beta release",
			"1.0.20.20": "Mainly bug fixes",
			"1.0.21.21": "Bug fixes",
			"1.0.22.22": "Added backpack abilities",
			"1.0.23.23": "Bug fixes",
			"1.0.24.24": "Bug fixes",
			"1.0.25.25": "Bug fixes",
			"1.0.26.26": "Fixed NPE",
			"1.0.27": "Capability code clean-up, bug fix",
			"1.0.28": "Mod ID change, see note in 1.0.28 on the site",
			"1.0.29": "Mod ID change, see note in 1.0.29 on the site",
			"1.0.30": "Bug fixes, standard backpack texture improvements",
			"1.0.31": "Fixed bug that causes buckets to dissapear",
			"1.0.32": "Added in-game warning about modid change and method to keep backpacks after updating to newer version",
			"1.0.33": "Fixed backpack dissapear in explosions",
			"1.0.34": "Mainly bug fixes",
			"1.0.35": "Misc bug fixes"
        },
	"1.14.4":  { 
			"3.0.7": "Initial port",
			"3.0.8": "Compatibility for modded tools"
	},
	"1.15.2":  {
      			"4.0.0": "Initial port",
			"4.0.1": "FPS bug fix",
			"4.0.2": "Fixed unwanted backpack placement after death",
			"4.0.3": "Fixed NPE while using sleeping bag",
			"4.0.4": "Fixed crash, updated few textures",
			"4.0.5": "Bug fixes",
			"4.0.6": "Fixed backpack dissapear in explosions",
			"4.0.7": "Keybind for tool cycle",
			"4.0.8": "Compatibility for modded tools"
	},
	"1.16.1":  { 
			"5.0.0": "Initial port",
			"5.0.1": "Fixed backpack not saving contents, compatibility for modded tools"
	},
	"1.16.2":  { 
			"5.1.0": "Initial port",
			"5.1.1": "Fixed server crashes, backpack not saving contents, compatibility for modded tools"
	},
	"1.16.3":  { 
			"5.2.1": "Initial port"
	},
	"1.16.4":  { 
			"5.3.1": "Initial port",
			"5.3.2": "Bug fixes, game-breaking change",
			"5.3.3": "A lot of bug fixes",
			"5.3.4": "Dupe bug fix",
			"5.3.5": "Curios integration",
			"5.3.6": "Crafting grid dupe bug fix",
			"5.3.7": "Crash fix, curiosIntegration option migration",
			"5.3.8": "Fixed item saving bug"
	},
	"1.16.5":  { 
			"5.3.8": "Fixed item saving bug",
			"5.4.0": "Few new custom backpacks",
			"5.4.1": "Fixed villager trades",
			"5.4.2": "Fixed crash with turkish language and small tweaks",
			"5.4.3": "Fixed dupe bug",
			"5.4.4": "JEI dupe bug fix and more",
			"5.4.5": "Dyeable backpacks update! :>",
			"5.4.6": "More backpacks and bug fixes",
			"5.4.7": "Exploit and bug fixes",
			"5.4.8": "Fixed spawn point setting",
			"5.4.9": "20 new backpacks",
			"5.4.10": "Added backpack abilties",
			"5.4.11": "Code cleanup",
			"5.4.12": "Fixed crash",
			"5.4.13": "Added sorting buttons",
			"5.4.14": "Fixed LAN crash",
			"5.4.15": "Fixed few bugs",
			"5.4.16": "Fixed crash",
			"5.4.17": "Fixed bugs",
			"5.4.18": "Fixed crash",
			"5.4.19": "Fixed curio dupe bug",
			"5.4.20": "Added 9 new abilities",
			"5.4.21": "Added too many backpacks slowness effect",
			"5.4.22": "Fixed abilities",
			"5.4.23": "Added colorable sleeping bags",
			"5.4.24": "Bug fixes",
			"5.4.25": "Added slot memory",
			"5.4.26": "Added dedicated settings menu",
			"5.4.28": "Added milk and milk effect",
			"5.4.29": "Mobs can spawn with backpack equipped",
			"5.4.31": "Added /restore command",
			"5.4.32": "Added void protection config option",
			"5.4.33": "Fixed bad coded coordinates",
			"5.4.35": "Tweaked config and commands",
			"5.4.36": "Added backpack tiers",
			"5.4.37": "Changed tier upgrades recipes",
			"5.4.38": "Added enableTierUpgrades config option",
			"5.4.39": "Added Crafting widget",
			"5.4.40": "Fixed dupe bug",
			"5.4.41": "Backpack can be placed in fluids after death",
			"5.4.42": "Added compat with gravestone mods",
			"5.4.43": "Tweaked some recipes",
			"5.4.44": "Misc",
			"5.4.45": "Misc",
			"5.4.46": "Misc",
			"5.4.47": "Added tool slots widget",
			"5.4.48": "Fixed few bugs",
			"5.4.49": "Shift + Right Click with Empty Hand allows to place backpack on the ground",
			"5.4.50": "Sleeping bag can be used without backpack",
			"5.4.51": "Added loot to chests and fixed bugs"
	},
	"1.17.1":  { 
			"6.0.0": "Initial Release",
			"6.0.1": "Fixed datapack issue",
			"6.0.2": "Fixed crash with newest Forge",
			"6.0.3": "Fixed backpack disappearing on death",
			"6.0.4": "JEI integration and more",
			"6.0.5": "Dyeable backpacks update! :>",
			"6.0.6": "More backpacks and bug fixes",
			"6.0.7": "Fixed significant FPS drop",
			"6.0.8": "Fixed dupe bug",
			"6.0.9": "Fixed spawn point setting",
			"6.0.10": "20 new backpacks",
			"6.0.11": "Added backpack abilties",
			"6.0.12": "Code cleanup",
			"6.0.13": "Fixed crash",
			"6.0.14": "Added sorting buttons",
			"6.0.15": "Fixed LAN crash",
			"6.0.16": "Fixed few bugs",
			"6.0.17": "Fixed crash",
			"6.0.18": "Fixed bugs",
			"6.0.19": "Fixed crash",
			"6.0.20": "Fixed curio dupe bug",
			"6.0.21": "Added 9 new abilities",
			"6.0.22": "Added too many backpacks slowness effect",
			"6.0.23": "Fixed abilities",
			"6.0.24": "Added colorable sleeping bags",
			"6.0.25": "Bug fixes",
			"6.0.26": "Added slot memory",
			"6.0.27": "Added dedicated settings menu",
			"6.0.29": "Added milk and milk effect",
			"6.0.30": "Mobs can spawn with backpack equipped",
			"6.0.32": "Added /restore command",
			"6.0.33": "Added void protection config option",
			"6.0.34": "Fixed bad coded coordinates",
			"6.0.36": "Tweaked config and commands",
			"6.0.37": "Added backpack Tiers",
			"6.0.38": "Changed tier upgrades recipes",
			"6.0.39": "Added enableTierUpgrades config option",
			"6.0.40": "Added Crafting widget",
			"6.0.41": "Fixed dupe bug",
			"6.0.42": "Backpack can be placed in fluids after death",
			"6.0.43": "Added compat with gravestone mods",
			"6.0.44": "Added inventory tooltip in preview",
			"6.0.45": "Misc",
			"6.0.46": "Misc",
			"6.0.47": "Misc",
			"6.0.48": "Added tool slots widget",
			"6.0.49": "Fixed few bugs",
			"6.0.50": "Shift + Right Click with Empty Hand allows to place backpack on the ground",
			"6.0.51": "Sleeping bag can be used without backpack",
			"6.0.52": "Added loot to chests and fixed bugs"
	},
	"1.18.1":  { 
			"7.0.0": "Initial Release",
			"7.0.1": "Backpack lose items bug fix",
			"7.0.2": "New backpacks",
			"7.0.3": "Fixed dupe bug",
			"7.0.4": "Fixed spawn point setting"
	},
	"1.18.2":  { 
			"7.1.0": "Initial Release",
			"7.1.1": "Fixed spawn point setting",
			"7.1.2": "20 new backpacks",
			"7.1.3": "Added backpack abilties",
			"7.1.4": "Code cleanup",
			"7.1.5": "Fixed bug with duplicating buckets",
			"7.1.6": "Fixed crash",
			"7.1.7": "Added sorting buttons",
			"7.1.8": "Fixed LAN crash",
			"7.1.9": "Fixed few bugs",
			"7.1.10": "Fixed crash",
			"7.1.11": "Fixed bugs",
			"7.1.12": "Fixed crash",
			"7.1.13": "Fixed curio dupe bug",
			"7.1.14": "Added 9 new abilities",
			"7.1.15": "Added too many backpacks slowness effect",
			"7.1.16": "Fixed abilities",
			"7.1.17": "Added colorable sleeping bags",
			"7.1.18": "Bug fixes",
			"7.1.20": "Added slot memory",
			"7.1.21": "Added dedicated settings menu",
			"7.1.23": "Added milk and milk effect",
			"7.1.24": "Mobs can spawn with backpack equipped",
			"7.1.26": "Added /restore command",
			"7.1.27": "Added void protection config option",
			"7.1.28": "Fixed bad coded coordinates",
			"7.1.30": "Tweaked config and commands",
			"7.1.31": "Added backpack Tiers",
			"7.1.32": "Changed tier upgrades recipes",
			"7.1.33": "Added enableTierUpgrades config option",
			"7.1.34": "Added Crafting widget",
			"7.1.35": "Fixed dupe bug",
			"7.1.36": "Backpack can be placed in fluids after death",
			"7.1.37": "Added compat with gravestone mods",
			"7.1.38": "Added inventory preview in tooltip",
			"7.1.39": "Misc",
			"7.1.40": "Misc",
			"7.1.41": "Misc",
			"7.1.42": "Added tool slots widget",
			"7.1.43": "Fixed few bugs",
			"7.1.44": "Shift + Right Click with Empty Hand allows to place backpack on the ground",
			"7.1.45": "Sleeping bag can be used without backpack",
			"7.1.46": "Added loot to chests and fixed bugs",
			"7.1.47": "Configuration for backpack slots",
			"7.1.48": "Added recipes to recipe book"
			
	},
	"1.19":  { 
			"8.0.0": "Initial Release",
			"8.0.1": "Fixed crashes",
			"8.0.2": "20 new backpacks",
			"8.0.3": "Added backpack abilties",
			"8.0.4": "Updated Forge",
			"8.0.5": "Fixed few bugs",
			"8.0.6": "Code cleanup",
			"8.0.7": "Fixed crash",
			"8.0.8": "Added sorting buttons"
	},
	"1.19.1":  { 
			"8.1.0": "Initial Release",
			"8.1.1": "Fixed LAN crash"
	},
	"1.19.2":  { 
			"8.2.0": "Initial Release",
			"8.2.1": "Fixed few bugs",
			"8.2.2": "Fixed crash",
			"8.2.3": "Fixed bugs",
			"8.2.4": "Fixed crash",
			"8.2.5": "Fixed curio dupe bug",
			"8.2.6": "Added 9 new abilities",
			"8.2.7": "Added too many backpacks slowness effect",
			"8.2.8": "Fixed abilities",
			"8.2.9": "Added colorable sleeping bags",
			"8.2.10": "Bug fixes",
			"8.2.11": "Added slot memory",
			"8.2.12": "Added dedicated settings menu",
			"8.2.14": "Added milk and milk effect",
			"8.2.15": "Mobs can spawn with backpack equipped",
			"8.2.17": "Added /restore command",
			"8.2.18": "Added void protection config option",
			"8.2.19": "Fixed bad coded coordinates",
			"8.2.21": "Tweaked config and commands",
			"8.2.22": "Added backpack tiers",
			"8.2.23": "Changed tier upgrades recipes",
			"8.2.24": "Missing texture hotfix",
			"8.2.25": "Added enableTierUpgrades config option",
			"8.2.26": "Added Crafting widget",
			"8.2.27": "Fixed dupe bug",
			"8.2.28": "Backpack can be placed in fluids after death",
			"8.2.29": "Added compat with gravestone mods",
			"8.2.30": "Added inventory preview in tooltip",
			"8.2.31": "Misc",
			"8.2.32": "Misc",
			"8.2.33": "Misc",
			"8.2.34": "Added tool slots widget",
			"8.2.35": "Fixed few bugs",
			"8.2.36": "Shift + Right Click with Empty Hand allows to place backpack on the ground",
			"8.2.37": "Sleeping bag can be used without backpack",
			"8.2.38": "Added loot to chests and fixed bugs",
			"8.2.39": "Configuration for backpack slots",
			"8.2.40": "Added recipes to recipe book"
	},
	"1.19.3":  { 
			"8.3.0": "Initial Release",
			"8.3.2": "Added milk and milk effect",
			"8.3.3": "Mobs can spawn with backpack equipped",
			"8.3.5": "Added /restore command",
			"8.2.6": "Added void protection config option",
			"8.2.7": "Fixed bad coded coordinates",
			"8.2.9": "Tweaked config and commands"
	},
	"1.19.4":  { 
			"8.4.2": "Tweaked config and commands",
			"8.4.3": "Added backpack tiers",
			"8.4.4": "Changed tier upgrades recipes",
			"8.4.5": "Added enableTierUpgrades config option",
			"8.4.6": "Added support for new smithing table",
			"8.4.7": "Added support for new smithing table",
			"8.4.8": "Added Crafting widget",
			"8.4.9": "Fixed dupe bug",
			"8.4.10": "Backpack can be placed in fluids after death",
			"8.4.11": "Added compat with gravestone mods",
			"8.4.12": "Added inventory preview in tooltip",
			"8.4.13": "Misc",
			"8.4.14": "Misc",
			"8.4.15": "Misc",
			"8.4.16": "Added tool slots widget",
			"8.4.17": "Fixed few bugs",
			"8.4.18": "Shift + Right Click with Empty Hand allows to place backpack on the ground",
			"8.4.19": "Sleeping bag can be used without backpack",
			"8.4.20": "Added loot to chests and fixed bugs"
	},
	"1.20":  { 
			"9.0.0": "Initial update",
			"9.0.1": "Fixed disappearing backpack on contact with water",
			"9.0.2": "Fixed smithing bug and restored Curios compat"
	},
	"1.20.1":  { 
			"9.1.0": "Initial update",
			"9.1.1": "Initial update",
			"9.1.2": "Fixed dupe bug",
			"9.1.3": "Added compat with gravestone mods",
			"9.1.4": "Added inventory preview in tooltip",
			"9.1.5": "Misc",
			"9.1.6": "Misc",
			"9.1.7": "Misc",
			"9.1.8": "Added tool slots widget",
			"9.1.9": "Fixed few bugs",
			"9.1.10": "Shift + Right Click with Empty Hand allows to place backpack on the ground",
			"9.1.11": "Sleeping bag can be used without backpack",
			"9.1.12": "Configuration for backpack slots",
			"9.1.13": "Added loot to chests and fixed bugs",
			"9.1.14": "Added recipes to recipe book",
			"9.1.15": "Improvements",
			"9.1.16": "Stopped excessive drops of backpack from mob farms, added visibility button, fixed some bugs"
	},
	"1.20.2":  { 
			"9.2.0": "Initial update",
			"9.2.1": "Fixed few bugs",
			"9.2.2": "Shift + Right Click with Empty Hand allows to place backpack on the ground",
			"9.2.3": "Sleeping bag can be used without backpack",
			"9.2.4": "Added loot to chests and fixed bugs"
	},
	"1.20.4":  { 
			"9.4.0": "Initial update",
			"9.4.1": "Configuration for backpack slots",
			"9.4.2": "Added recipes to recipe book"
	}
}
[27Apr2026 18:55:13.556] [Forge Version Check/INFO] [net.minecraftforge.fml.VersionChecker/]: [travelersbackpack] Found status: AHEAD Current: 9.1.33 Target: null
[27Apr2026 18:55:13.559] [Forge Version Check/INFO] [net.minecraftforge.fml.VersionChecker/]: [mr_veinminer] Starting version check at https://api.modrinth.com/updates/OhduvhIc/forge_updates.json
[27Apr2026 18:55:13.582] [main/INFO] [Framework/SYNCED_ENTITY_DATA]: Registered synced data key refurbished_furniture:lock_yaw for refurbished_furniture:seat
[27Apr2026 18:55:13.595] [main/DEBUG] [net.minecraftforge.fml.DeferredWorkQueue/LOADING]: Synchronous work queue completed in 182.2 ms
[27Apr2026 18:55:13.597] [modloading-worker-0/INFO] [xaero.minimap.XaeroMinimap/]: Loading Xaero's Minimap - Stage 1/2 (Server)
[27Apr2026 18:55:13.599] [modloading-worker-0/INFO] [xaero.map.server.WorldMapServer/]: Loading Xaero's World Map - Stage 1/2 (Server)
[27Apr2026 18:55:13.600] [main/DEBUG] [net.minecraftforge.fml.DeferredWorkQueue/LOADING]: Dispatching synchronous work for work queue SIDED_SETUP: 2 jobs
[27Apr2026 18:55:13.600] [main/INFO] [xaero.minimap.XaeroMinimap/]: Loading Xaero's Minimap - Stage 2/2 (Server)
[27Apr2026 18:55:13.600] [main/INFO] [xaero.map.server.WorldMapServer/]: Loading Xaero's World Map - Stage 2/2 (Server)
[27Apr2026 18:55:13.600] [main/DEBUG] [net.minecraftforge.fml.DeferredWorkQueue/LOADING]: Synchronous work queue completed in 280.4 μs
[27Apr2026 18:55:13.654] [modloading-worker-0/INFO] [Jade/]: Start loading plugin at ht.treechop.compat.Jade
[27Apr2026 18:55:13.659] [modloading-worker-0/INFO] [Jade/]: Start loading plugin at net.blay09.mods.waystones.compat.JadeIntegration
[27Apr2026 18:55:13.660] [modloading-worker-0/INFO] [Jade/]: Start loading plugin at net.blay09.mods.balm.forge.compat.hudinfo.ForgeJadeModCompat
[27Apr2026 18:55:13.661] [modloading-worker-0/INFO] [Jade/]: Start loading plugin at twilightforest.compat.jade.JadeCompat
[27Apr2026 18:55:13.661] [modloading-worker-0/INFO] [Jade/]: Start loading plugin at de.maxhenkel.corpse.integration.waila.PluginCorpse
[27Apr2026 18:55:13.663] [modloading-worker-0/INFO] [Jade/]: Start loading plugin at snownee.jade.addon.vanilla.VanillaPlugin
[27Apr2026 18:55:13.674] [modloading-worker-0/DEBUG] [mixin/]: Mixing collections.mob_spawning.PotentialSpawnsEventMixin from lithium.mixins.json into net.minecraftforge.event.level.LevelEvent$PotentialSpawns
[27Apr2026 18:55:13.675] [modloading-worker-0/DEBUG] [mixin/]: lithium.mixins.json:collections.mob_spawning.PotentialSpawnsEventMixin: Class version 61 required is higher than the class version supported by the current version of Mixin (JAVA_16 supports class version 60)
[27Apr2026 18:55:13.688] [modloading-worker-0/INFO] [Jade/]: Start loading plugin at snownee.jade.addon.universal.UniversalPlugin
[27Apr2026 18:55:13.693] [modloading-worker-0/INFO] [Jade/]: Start loading plugin at snownee.jade.addon.core.CorePlugin
[27Apr2026 18:55:13.712] [main/DEBUG] [net.minecraftforge.fml.DeferredWorkQueue/LOADING]: Dispatching synchronous work for work queue COMPLETE: 1 jobs
[27Apr2026 18:55:13.713] [main/DEBUG] [net.minecraftforge.fml.DeferredWorkQueue/LOADING]: Synchronous work queue completed in 1.529 ms
[27Apr2026 18:55:13.718] [Forge Version Check/DEBUG] [net.minecraftforge.fml.VersionChecker/]: [mr_veinminer] Received version check data:
{"homepage":"https://modrinth.com/mod/OhduvhIc","promos":{"1.19.1-latest":"1.1.0+mod","1.18-latest":"1.1.0+mod","1.17.1-latest":"1.1.0+mod","1.18.1-latest":"1.1.0+mod","1.20-latest":"1.1.0+mod","1.20.3-recommended":"1.2.1+mod","1.17-recommended":"1.1.0+mod","1.17-latest":"1.1.0+mod","1.18-recommended":"1.1.0+mod","1.20.2-latest":"1.2.1+mod","1.20.1-recommended":"1.1.0+mod","1.19.3-recommended":"1.1.0+mod","1.18.2-recommended":"1.1.0+mod","1.20.3-latest":"1.2.1+mod","1.20.2-recommended":"1.2.1+mod","1.18.2-latest":"1.1.0+mod","1.19.3-latest":"1.1.0+mod","1.19.4-recommended":"1.1.0+mod","1.19.2-recommended":"1.1.0+mod","1.19-latest":"1.1.0+mod","1.20.1-latest":"1.1.0+mod","1.19.2-latest":"1.1.0+mod","1.19.4-latest":"1.1.0+mod","1.20.4-recommended":"1.2.1+mod","1.17.1-recommended":"1.1.0+mod","1.18.1-recommended":"1.1.0+mod","1.19-recommended":"1.1.0+mod","1.20.4-latest":"1.2.1+mod","1.19.1-recommended":"1.1.0+mod","1.20-recommended":"1.1.0+mod"}}
[27Apr2026 18:55:13.718] [Forge Version Check/INFO] [net.minecraftforge.fml.VersionChecker/]: [mr_veinminer] Found status: OUTDATED Current: 1.1.0 Target: 1.1.0+mod
[27Apr2026 18:55:13.719] [Forge Version Check/INFO] [net.minecraftforge.fml.VersionChecker/]: [puzzlesaccessapi] Starting version check at https://raw.githubusercontent.com/Fuzss/modresources/main/update/puzzlesaccessapi.json
[27Apr2026 18:55:13.731] [Forge Version Check/DEBUG] [net.minecraftforge.fml.VersionChecker/]: [puzzlesaccessapi] Received version check data:
{
    "homepage": "https://github.com/Fuzss/puzzlesaccessapi",
    "promos": {}
}
[27Apr2026 18:55:13.732] [Forge Version Check/INFO] [net.minecraftforge.fml.VersionChecker/]: [puzzlesaccessapi] Found status: BETA Current: 20.1.1 Target: null
[27Apr2026 18:55:13.732] [Forge Version Check/INFO] [net.minecraftforge.fml.VersionChecker/]: [forge] Starting version check at https://files.minecraftforge.net/net/minecraftforge/forge/promotions_slim.json
[27Apr2026 18:55:13.789] [main/DEBUG] [mixin/]: Mixing shapes.lazy_shape_context.EntityShapeContextMixin from lithium.mixins.json into net.minecraft.world.phys.shapes.EntityCollisionContext
[27Apr2026 18:55:13.790] [main/DEBUG] [mixin/]: lithium.mixins.json:shapes.lazy_shape_context.EntityShapeContextMixin: Class version 61 required is higher than the class version supported by the current version of Mixin (JAVA_16 supports class version 60)
[27Apr2026 18:55:13.790] [main/DEBUG] [mixin/]: Renaming synthetic method lambda$canWalkOnFluid$0(Lnet/minecraft/world/level/material/FluidState;)Z to md43348d$lambda$canWalkOnFluid$0$0 in lithium.mixins.json:shapes.lazy_shape_context.EntityShapeContextMixin
[27Apr2026 18:55:13.795] [main/DEBUG] [mixin/]: Mixing ai.pathing.LandPathNodeMakerMixin from lithium.mixins.json into net.minecraft.world.level.pathfinder.WalkNodeEvaluator
[27Apr2026 18:55:13.795] [main/DEBUG] [mixin/]: lithium.mixins.json:ai.pathing.LandPathNodeMakerMixin: Class version 61 required is higher than the class version supported by the current version of Mixin (JAVA_16 supports class version 60)
[27Apr2026 18:55:13.811] [main/DEBUG] [mixin/]: Mixing chunk.no_locking.ChunkSectionMixin from lithium.mixins.json into net.minecraft.world.level.chunk.LevelChunkSection
[27Apr2026 18:55:13.812] [main/DEBUG] [mixin/]: lithium.mixins.json:chunk.no_locking.ChunkSectionMixin: Class version 61 required is higher than the class version supported by the current version of Mixin (JAVA_16 supports class version 60)
[27Apr2026 18:55:13.812] [main/DEBUG] [mixin/]: Mixing util.block_tracking.ChunkSectionMixin from lithium.mixins.json into net.minecraft.world.level.chunk.LevelChunkSection
[27Apr2026 18:55:13.813] [main/DEBUG] [mixin/]: lithium.mixins.json:util.block_tracking.ChunkSectionMixin: Class version 61 required is higher than the class version supported by the current version of Mixin (JAVA_16 supports class version 60)
[27Apr2026 18:55:13.814] [main/DEBUG] [mixin/]: Renaming synthetic method lambda$initFlagCounters$0(Lnet/minecraft/world/level/chunk/PalettedContainer$CountConsumer;Lnet/minecraft/world/level/block/state/BlockState;I)V to md43348d$lambda$initFlagCounters$0$0 in lithium.mixins.json:util.block_tracking.ChunkSectionMixin
[27Apr2026 18:55:13.854] [Forge Version Check/DEBUG] [net.minecraftforge.fml.VersionChecker/]: [forge] Received version check data:
{
  "homepage": "https://files.minecraftforge.net/net/minecraftforge/forge/",
  "promos": {
    "1.1-latest": "1.3.4.29",
    "1.2.3-latest": "1.4.1.64",
    "1.2.4-latest": "2.0.0.68",
    "1.2.5-latest": "3.4.9.171",
    "1.3.2-latest": "4.3.5.318",
    "1.4.0-latest": "5.0.0.326",
    "1.4.1-latest": "6.0.0.329",
    "1.4.2-latest": "6.0.1.355",
    "1.4.3-latest": "6.2.1.358",
    "1.4.4-latest": "6.3.0.378",
    "1.4.5-latest": "6.4.2.448",
    "1.4.6-latest": "6.5.0.489",
    "1.4.7-latest": "6.6.2.534",
    "1.5-latest": "7.7.0.598",
    "1.5.1-latest": "7.7.2.682",
    "1.5.2-latest": "7.8.1.738",
    "1.5.2-recommended": "7.8.1.738",
    "1.6.1-latest": "8.9.0.775",
    "1.6.2-latest": "9.10.1.871",
    "1.6.2-recommended": "9.10.1.871",
    "1.6.3-latest": "9.11.0.878",
    "1.6.4-latest": "9.11.1.1345",
    "1.6.4-recommended": "9.11.1.1345",
    "1.7.2-latest": "10.12.2.1161",
    "1.7.2-recommended": "10.12.2.1161",
    "1.7.10-latest": "10.13.4.1614",
    "1.7.10-recommended": "10.13.4.1614",
    "1.8-latest": "11.14.4.1577",
    "1.8-recommended": "11.14.4.1563",
    "1.8.8-latest": "11.15.0.1655",
    "1.8.9-latest": "11.15.1.2318",
    "1.8.9-recommended": "11.15.1.2318",
    "1.9-latest": "12.16.1.1938",
    "1.9-recommended": "12.16.1.1887",
    "1.9.4-latest": "12.17.0.2317",
    "1.9.4-recommended": "12.17.0.2317",
    "1.10-latest": "12.18.0.2000",
    "1.10.2-latest": "12.18.3.2511",
    "1.10.2-recommended": "12.18.3.2511",
    "1.11-latest": "13.19.1.2199",
    "1.11-recommended": "13.19.1.2189",
    "1.11.2-latest": "13.20.1.2588",
    "1.11.2-recommended": "13.20.1.2588",
    "1.12-latest": "14.21.1.2443",
    "1.12-recommended": "14.21.1.2387",
    "1.12.1-latest": "14.22.1.2485",
    "1.12.1-recommended": "14.22.1.2478",
    "1.12.2-latest": "14.23.5.2864",
    "1.12.2-recommended": "14.23.5.2859",
    "1.13.2-latest": "25.0.223",
    "1.14.2-latest": "26.0.63",
    "1.14.3-latest": "27.0.60",
    "1.14.4-latest": "28.2.28",
    "1.14.4-recommended": "28.2.26",
    "1.15-latest": "29.0.4",
    "1.15.1-latest": "30.0.51",
    "1.15.2-latest": "31.2.60",
    "1.15.2-recommended": "31.2.57",
    "1.16.1-latest": "32.0.108",
    "1.16.2-latest": "33.0.61",
    "1.16.3-latest": "34.1.42",
    "1.16.3-recommended": "34.1.0",
    "1.16.4-latest": "35.1.37",
    "1.16.4-recommended": "35.1.4",
    "1.16.5-latest": "36.2.42",
    "1.16.5-recommended": "36.2.34",
    "1.17.1-latest": "37.1.1",
    "1.17.1-recommended": "37.1.1",
    "1.18-latest": "38.0.17",
    "1.18.1-latest": "39.1.2",
    "1.18.1-recommended": "39.1.0",
    "1.18.2-recommended": "40.3.0",
    "1.18.2-latest": "40.3.12",
    "1.19-latest": "41.1.0",
    "1.19-recommended": "41.1.0",
    "1.19.1-latest": "42.0.9",
    "1.19.2-recommended": "43.5.0",
    "1.19.2-latest": "43.5.2",
    "1.19.3-latest": "44.1.23",
    "1.19.3-recommended": "44.1.0",
    "1.19.4-recommended": "45.4.0",
    "1.19.4-latest": "45.4.3",
    "1.20-latest": "46.0.14",
    "1.20.1-recommended": "47.4.10",
    "1.20.1-latest": "47.4.20",
    "1.20.2-latest": "48.1.0",
    "1.20.2-recommended": "48.1.0",
    "1.20.3-latest": "49.0.2",
    "1.20.4-latest": "49.2.7",
    "1.20.4-recommended": "49.2.0",
    "1.20.6-latest": "50.2.8",
    "1.20.6-recommended": "50.2.0",
    "1.21-latest": "51.0.33",
    "1.21.1-latest": "52.1.14",
    "1.21.1-recommended": "52.1.0",
    "1.21.3-latest": "53.1.10",
    "1.21.3-recommended": "53.1.0",
    "1.21.4-latest": "54.1.16",
    "1.21.4-recommended": "54.1.14",
    "1.21.5-latest": "55.1.10",
    "1.21.5-recommended": "55.1.0",
    "1.21.6-latest": "56.0.9",
    "1.21.7-latest": "57.0.3",
    "1.21.8-latest": "58.1.18",
    "1.21.8-recommended": "58.1.0",
    "1.21.9-latest": "59.0.5",
    "1.21.10-latest": "60.1.9",
    "1.21.10-recommended": "60.1.0",
    "1.21.11-latest": "61.1.5",
    "1.21.11-recommended": "61.1.0",
    "26.1-latest": "62.0.9",
    "26.1.1-latest": "63.0.2",
    "26.1.2-latest": "64.0.6"
  }
}
[27Apr2026 18:55:13.855] [Forge Version Check/INFO] [net.minecraftforge.fml.VersionChecker/]: [forge] Found status: OUTDATED Current: 47.3.7 Target: 47.4.10
[27Apr2026 18:55:13.856] [Forge Version Check/INFO] [net.minecraftforge.fml.VersionChecker/]: [twilightforest] Starting version check at https://gh.tamaized.com/TeamTwilight/twilightforest/update.json
[27Apr2026 18:55:14.075] [Forge Version Check/DEBUG] [net.minecraftforge.fml.VersionChecker/]: [twilightforest] Received version check data:
{
  "homepage": "https://minecraft.curseforge.com/projects/the-twilight-forest",
  "promos": {
	"1.20.2-latest": "4.4.1977",
	"1.20.2-recommended": "4.4.1977",
	"1.20.1-latest": "4.3.1893",
	"1.20.1-recommended": "4.3.1893",
	"1.19.4-latest": "4.2.1696",
	"1.19.4-recommended": "4.2.1696",
	"1.18.2-latest": "4.1.1494",
	"1.18.2-recommended": "4.1.1494",
	"1.17.1-latest": "4.0.943",
	"1.17.1-recommended": "4.0.943",
	"1.16.5-latest": "4.0.870",
	"1.16.5-recommended": "4.0.870",
	"1.12.2-latest": "3.11.1021",
	"1.12.2-recommended": "3.11.1021",
	"1.7.10-latest": "2.4.3",
	"1.7.10-recommended": "2.4.3"
  }
}
[27Apr2026 18:55:14.075] [Forge Version Check/INFO] [net.minecraftforge.fml.VersionChecker/]: [twilightforest] Found status: AHEAD Current: 4.3.2508 Target: null
[27Apr2026 18:55:14.075] [Forge Version Check/INFO] [net.minecraftforge.fml.VersionChecker/]: [corpse] Starting version check at https://update.maxhenkel.de/forge/corpse
[27Apr2026 18:55:14.580] [Forge Version Check/DEBUG] [net.minecraftforge.fml.VersionChecker/]: [corpse] Received version check data:
{"1.20":{"1.20-1.0.3":"Updated to 1.20"},"1.18":{"1.18-1.0.3":"Re added JEI and Jade integration"},"1.19":{"1.19-1.0.8":"Updated Corelib"},"promos":{"1.18.1-latest":"1.18.1-1.0.5","1.15.1-latest":"1.15.1-1.0.1","1.14.4-recommended":"1.14.4-1.0.0","1.14.3-recommended":"1.14.3-1.0.3","1.18.2-latest":"1.18.2-1.0.2","1.20-recommended":"1.20-1.0.3","1.19.3-recommended":"1.19.3-1.0.3","1.19.1-recommended":"1.19.1-1.0.0","1.12.2-latest":"1.12.2-1.0.8","1.19.4-recommended":"1.19.4-1.0.3","1.12.2-recommended":"1.12.2-1.0.8","1.19-latest":"1.19-1.0.8","1.17.1-recommended":"1.17.1-1.0.7","1.19.2-recommended":"1.19.2-1.0.9","1.16.1-recommended":"1.16.1-1.0.12","1.16.2-recommended":"1.16.2-1.0.8","1.18-latest":"1.18-1.0.3","1.16.5-recommended":"1.16.5-1.0.6","1.16.4-recommended":"1.16.4-1.0.6","1.20.1-recommended":"1.20.1-1.0.9","1.16.3-recommended":"1.16.3-1.0.5","1.15.2-latest":"1.15.2-1.0.11","1.14.2-recommended":"1.14.2-1.0.4","1.20.2-recommended":"1.20.2-1.0.9","1.14.4-latest":"1.14.4-1.0.4","1.14.3-latest":"1.14.3-1.0.3","1.20-latest":"1.20-1.0.3","1.18.2-recommended":"1.18.2-1.0.1","1.17.1-latest":"1.17.1-1.0.7","1.13.2-latest":"1.12.2-1.0.5","1.18.1-recommended":"1.18.1-1.0.5","1.20.1-latest":"1.20.1-1.0.23","1.16.3-latest":"1.16.3-1.1.8","1.20.2-latest":"1.20.2-1.0.9","1.16.4-latest":"1.16.4-1.0.6","1.19.2-latest":"1.19.2-1.0.17","1.19.4-latest":"1.19.4-1.0.3","1.19.3-latest":"1.19.3-1.0.3","1.16.5-latest":"1.16.5-1.0.7","1.19-recommended":"1.19-1.0.8","1.16.2-latest":"1.16.2-1.0.8","1.16.1-latest":"1.16.1-1.0.12","1.18-recommended":"1.18-1.0.3","1.14.2-latest":"1.14.2-1.0.4","1.15.2-recommended":"1.15.2-1.0.10","1.19.1-latest":"1.19.1-1.0.0","1.15.1-recommended":"1.15.1-1.0.1"},"1.20.2":{"1.20.2-1.0.9":"Added mod icon\nUpdated corelib"},"1.20.1":{"1.20.1-1.0.9":"","1.20.1-1.0.23":"Improved corpse spawn position"},"1.16.4":{"1.16.4-1.0.6":"Fixed only owner config option not working"},"1.18.2":{"1.18.2-1.0.2":"Updated corpse save format","1.18.2-1.0.1":"Re add JEI integration"},"1.19.1":{"1.19.1-1.0.0":"Updated to 1.19.1"},"1.16.5":{"1.16.5-1.0.7":"Fixed crash","1.16.5-1.0.6":"Fixed freeze with epic fight mod"},"1.19.2":{"1.19.2-1.0.9":"Added mod icon\nUpdated corelib","1.19.2-1.0.17":"Reverted translation"},"1.19.3":{"1.19.3-1.0.3":"Fixed crash with narrator enabled"},"1.19.4":{"1.19.4-1.0.3":"Fixed crash with narrator enabled"},"1.14.2":{"1.14.2-1.0.4":"Fixed a bug crashing the game"},"1.15.1":{"1.15.1-1.0.1":"Fixed corpse accessing bug"},"1.14.3":{"1.14.3-1.0.3":"Fixed a bug crashing the game"},"1.16.1":{"1.16.1-1.0.12":"Fixed crash with HWYLA"},"1.15.2":{"1.15.2-1.0.11":"Fixed exception when opening the death history of large inventories","1.15.2-1.0.10":"Updated polish translation"},"1.14.4":{"1.14.4-1.0.0":"Updated to 1.14.4","1.14.4-1.0.4":"Fixed corpse accessing bug"},"1.16.2":{"1.16.2-1.0.8":"Fixed potential crash with HWYLA"},"1.17.1":{"1.17.1-1.0.7":"Added czech translation"},"1.16.3":{"1.16.3-1.1.8":"Fixed missing corpse GUI buttons","1.16.3-1.0.5":"Fixed player skin models not considered"},"1.18.1":{"1.18.1-1.0.5":"Fixed crash with Tinkers Construct"},"1.12.2":{"1.12.2-1.0.8":"Fixed version number"},"1.13.2":{"1.12.2-1.0.5":"Added portuguese translation"},"homepage":"https://www.curseforge.com/minecraft/mc-mods/corpse"}
[27Apr2026 18:55:14.581] [Forge Version Check/INFO] [net.minecraftforge.fml.VersionChecker/]: [corpse] Found status: OUTDATED Current: 1.20.1-1.0.20 Target: 1.20.1-1.0.23
[27Apr2026 18:55:14.581] [Forge Version Check/INFO] [net.minecraftforge.fml.VersionChecker/]: [voicechat] Starting version check at https://update.maxhenkel.de/forge/voicechat
[27Apr2026 18:55:14.682] [Forge Version Check/DEBUG] [net.minecraftforge.fml.VersionChecker/]: [voicechat] Received version check data:
{"1.21":{"1.21-2.5.20":"Added Vietnamese translation"},"1.20":{"1.20-2.4.9":"Fixed group not getting deleted when disconnecting\nFixed group in LeaveGroupEvent always null\nFixed builtin resource pack format version"},"26.1":{"2.6.14+26.1.1":"Allow 26.1.x"},"1.18":{"1.18-2.1.17":"Updated Forge\nFixed sound physics compatibility","1.18-2.1.22":"Fixed untranslated command feedback"},"1.19":{"1.19-2.4.8":"Added audio senders to the voice chat API"},"1.21.11":{"1.21.11-2.6.16":"Added microphone workaround for ALSoft >= 1.25.0"},"1.21.10":{"1.21.10-2.6.16":"Added microphone workaround for ALSoft >= 1.25.0"},"1.21.7":{"1.21.7-2.5.34":"Updated German translation"},"1.21.6":{"1.21.6-2.5.32":"Added \"Default microphone\" and \"Default speaker\" options\nFixed antivirus software detecting the jar as a trojan (This was a false positive)"},"1.21.9":{"1.21.9-2.6.4":"Updated to 1.21.9"},"1.21.8":{"1.21.8-2.6.16":"Added microphone workaround for ALSoft >= 1.25.0"},"1.20.4":{"1.20.4-2.5.22":"Updated Traditional Chinese translation\nAdded Portuguese translation\nUpdated Ukrainian translation","1.20.4-2.4.32":"Fixed compatibility with Sound Physics Remastered\nUpdated French translation"},"1.21.3":{"1.21.3-2.5.31":"Improved handling of invalid bind addresses\nFixed bind_address being used in LAN worlds\nUpdated Swedish translation"},"promos":{"1.19.3-recommended":"1.19.3-2.4.11","1.20-recommended":"1.20-2.4.9","1.19.1-recommended":"1.19.1-2.4.8","1.19.4-recommended":"1.19.4-2.4.32","1.19.2-recommended":"1.19.2-2.6.6","1.21-latest":"1.21-2.5.20","1.20-latest":"1.20-2.4.9","1.21.11-latest":"1.21.11-2.6.16","1.20.1-latest":"1.20.1-2.6.16","1.16.4-latest":"1.16.4-1.1.7","1.19.3-latest":"1.19.3-2.4.11","1.15.2-recommended":"1.15.2-1.0.2","1.19.1-latest":"1.19.1-2.4.8","1.18.1-latest":"1.18.1-2.2.52","1.21.4-latest":"1.21.4-2.6.16","1.21.3-latest":"1.21.3-2.5.31","1.18.2-latest":"1.18.2-2.6.16","1.21.5-latest":"1.21.5-2.6.16","1.21.1-latest":"1.21.1-2.6.16","1.21.6-latest":"1.21.6-2.5.32","26.1.2-latest":"2.6.16+26.1.2","1.12.2-latest":"1.12.2-2.6.16","26.1.1-latest":"2.6.15+26.1.1","1.12.2-recommended":"1.12.2-2.6.6","1.19-latest":"1.19-2.4.8","1.17.1-recommended":"1.17.1-2.4.32","26.1-latest":"2.6.14+26.1.1","1.21.9-latest":"1.21.9-2.6.4","1.18-latest":"1.18-2.1.22","1.21.8-latest":"1.21.8-2.6.16","1.20.4-recommended":"1.20.4-2.4.32","1.21.7-latest":"1.21.7-2.5.34","1.16.5-recommended":"1.16.5-2.6.6","1.16.4-recommended":"1.16.4-1.1.7","1.20.1-recommended":"1.20.1-2.6.6","1.16.3-recommended":"1.16.3-1.0.1","1.15.2-latest":"1.15.2-1.0.2","1.20.2-recommended":"1.20.2-2.4.32","1.18.2-recommended":"1.18.2-2.6.6","1.17.1-latest":"1.17.1-2.5.12","1.21.10-latest":"1.21.10-2.6.16","1.18.1-recommended":"1.18.1-2.2.52","1.16.3-latest":"1.16.3-1.0.1","1.20.2-latest":"1.20.2-2.5.12","1.19.2-latest":"1.19.2-2.6.16","1.19.4-latest":"1.19.4-2.5.12","1.16.5-latest":"1.16.5-2.6.16","1.19-recommended":"1.19-2.4.8","1.18-recommended":"1.18-2.1.17","1.20.4-latest":"1.20.4-2.5.22","1.20.6-latest":"1.20.6-2.5.22"},"1.20.6":{"1.20.6-2.5.22":"Updated Traditional Chinese translation\nAdded Portuguese translation\nUpdated Ukrainian translation"},"1.21.5":{"1.21.5-2.6.16":"Added microphone workaround for ALSoft >= 1.25.0"},"1.21.4":{"1.21.4-2.6.16":"Added microphone workaround for ALSoft >= 1.25.0"},"1.20.2":{"1.20.2-2.4.32":"Fixed compatibility with Sound Physics Remastered\nUpdated French translation","1.20.2-2.5.12":"Improved cloth config GUI translations"},"1.21.1":{"1.21.1-2.6.16":"Added microphone workaround for ALSoft >= 1.25.0"},"1.20.1":{"1.20.1-2.6.16":"Added microphone workaround for ALSoft >= 1.25.0","1.20.1-2.6.6":"Fixed filters not working for static audio channels"},"26.1.1":{"2.6.15+26.1.1":"Added Esperanto translation\nFall back to Java microphone implementation when using ALSoft >= 1.25.0"},"26.1.2":{"2.6.16+26.1.2":"Added microphone workaround for ALSoft >= 1.25.0"},"1.16.4":{"1.16.4-1.1.7":"Fixed ConcurrentModificationException when client times out"},"1.19.1":{"1.19.1-2.4.8":"Added audio senders to the voice chat API"},"1.18.2":{"1.18.2-2.6.6":"Fixed filters not working for static audio channels","1.18.2-2.6.16":"Added microphone workaround for ALSoft >= 1.25.0"},"1.16.5":{"1.16.5-2.6.16":"Added microphone workaround for ALSoft >= 1.25.0","1.16.5-2.6.6":"Fixed filters not working for static audio channels"},"1.19.2":{"1.19.2-2.6.6":"Fixed filters not working for static audio channels","1.19.2-2.6.16":"Added microphone workaround for ALSoft >= 1.25.0"},"1.19.3":{"1.19.3-2.4.11":"Added config accessors to the API"},"1.19.4":{"1.19.4-2.4.32":"Fixed compatibility with Sound Physics Remastered\nUpdated French translation","1.19.4-2.5.12":"Improved cloth config GUI translations"},"1.15.2":{"1.15.2-1.0.2":"Fix crash on servers"},"1.17.1":{"1.17.1-2.4.32":"Fixed compatibility with Sound Physics Remastered\nUpdated French translation","1.17.1-2.5.12":"Improved cloth config GUI translations"},"1.16.3":{"1.16.3-1.0.1":"Fixed voice chat not working on servers with port"},"1.18.1":{"1.18.1-2.2.52":"Improved service loader compatibility\nFixed issues with QuestCraft\nFixed disconnected state being controlled by the client"},"1.12.2":{"1.12.2-2.6.6":"Fixed filters not working for static audio channels","1.12.2-2.6.16":"Added microphone workaround for ALSoft >= 1.25.0"},"homepage":"https://modrepo.de/minecraft/voicechat"}
[27Apr2026 18:55:14.683] [Forge Version Check/INFO] [net.minecraftforge.fml.VersionChecker/]: [voicechat] Found status: OUTDATED Current: 1.20.1-2.5.28 Target: 1.20.1-2.6.6
[27Apr2026 18:55:14.684] [Forge Version Check/INFO] [net.minecraftforge.fml.VersionChecker/]: [hangglider] Starting version check at https://raw.githubusercontent.com/Fuzss/modresources/main/update/hangglider.json
[27Apr2026 18:55:14.697] [Forge Version Check/DEBUG] [net.minecraftforge.fml.VersionChecker/]: [hangglider] Received version check data:
{
    "homepage": "https://github.com/Fuzss/hangglider",
    "promos": {
        "1.19.2-latest": "4.0.0",
        "1.19.2-recommended": "4.0.0",
        "1.19.3-latest": "5.0.0",
        "1.19.3-recommended": "5.0.0",
        "1.19.4-latest": "6.0.1",
        "1.19.4-recommended": "6.0.1",
        "1.20-latest": "7.0.0",
        "1.20-recommended": "7.0.0",
        "1.20.1-latest": "8.0.1",
        "1.20.1-recommended": "8.0.1",
        "1.18.2-latest": "3.0.0",
        "1.18.2-recommended": "3.0.0",
        "1.20.4-latest": "20.4.2",
        "1.20.4-recommended": "20.4.2",
        "1.21-latest": "21.0.0",
        "1.21-recommended": "21.0.0",
        "1.21.1-latest": "21.1.0",
        "1.21.1-recommended": "21.1.0",
        "1.21.3-latest": "21.3.0",
        "1.21.3-recommended": "21.3.0",
        "1.21.4-latest": "21.4.0",
        "1.21.4-recommended": "21.4.0",
        "1.21.5-latest": "21.5.0",
        "1.21.5-recommended": "21.5.0",
        "1.21.6-latest": "21.6.0",
        "1.21.6-recommended": "21.6.0",
        "1.21.7-latest": "21.7.0",
        "1.21.7-recommended": "21.7.0",
        "1.21.8-latest": "21.8.0",
        "1.21.8-recommended": "21.8.0",
        "1.21.9-latest": "21.9.0",
        "1.21.9-recommended": "21.9.0",
        "1.21.10-latest": "21.10.0",
        "1.21.10-recommended": "21.10.0"
    }
}
[27Apr2026 18:55:14.698] [Forge Version Check/INFO] [net.minecraftforge.fml.VersionChecker/]: [hangglider] Found status: UP_TO_DATE Current: 8.0.1 Target: null
[27Apr2026 18:55:14.699] [Forge Version Check/INFO] [net.minecraftforge.fml.VersionChecker/]: [crittersandcompanions] Starting version check at https://api.modrinth.com/updates/critters-and-companions/forge_updates.json
[27Apr2026 18:55:14.760] [Forge Version Check/DEBUG] [net.minecraftforge.fml.VersionChecker/]: [crittersandcompanions] Received version check data:
{"homepage":"https://modrinth.com/mod/critters-and-companions","promos":{"1.20.1-latest":"1.20.1-2.3.5","1.19.4-latest":"1.19.2-2.0.3","1.19.2-recommended":"2.1.1","1.20.1-recommended":"1.20.1-2.3.5","1.19.4-recommended":"1.19.2-2.0.3","1.19.2-latest":"2.1.1","1.19.1-recommended":"1.19.2-2.1.0","1.19.1-latest":"1.19.2-2.1.0","1.19.3-recommended":"1.19.2-2.0.3","1.18.2-recommended":"1.0.2","1.19.3-latest":"1.19.2-2.0.3","1.18.2-latest":"1.0.2"}}
[27Apr2026 18:55:14.760] [Forge Version Check/INFO] [net.minecraftforge.fml.VersionChecker/]: [crittersandcompanions] Found status: AHEAD Current: 2.2.2 Target: null
[27Apr2026 18:55:14.761] [Forge Version Check/INFO] [net.minecraftforge.fml.VersionChecker/]: [embeddium_extra] Starting version check at https://api.modrinth.com/updates/rubidium-extra/forge_updates.json
[27Apr2026 18:55:14.858] [Forge Version Check/DEBUG] [net.minecraftforge.fml.VersionChecker/]: [embeddium_extra] Received version check data:
{"homepage":"https://modrinth.com/mod/rubidium-extra","promos":{"1.16.2-recommended":"0.4.18+mc1.16.5-build.107","1.16.2-latest":"0.4.18+mc1.16.5-build.107","1.16-recommended":"0.4.18+mc1.16.5-build.107","1.16-latest":"0.4.18+mc1.16.5-build.107","1.20-recommended":"0.5.3.1+mc1.20.1-build.110","1.16.4-recommended":"0.4.18+mc1.16.5-build.107","1.16.3-latest":"0.4.18+mc1.16.5-build.107","1.16.3-recommended":"0.4.18+mc1.16.5-build.107","1.16.4-latest":"0.4.18+mc1.16.5-build.107","1.19.3-latest":"0.4.17+mc1.19.3-build.73","1.19.2-recommended":"0.4.19+mc1.19.2-build.105","1.18.2-latest":"0.4.18+mc1.18.2-build.86","1.19.4-latest":"0.4.19+mc1.19.4-build.88","1.19-latest":"1.19.2-0.4.11.44","1.19.1-latest":"1.19.2-0.4.11.44","1.19-recommended":"1.19.2-0.4.11.44","1.18.2-recommended":"0.4.18+mc1.18.2-build.86","1.19.4-recommended":"0.4.19+mc1.19.4-build.88","1.19.3-recommended":"0.4.17+mc1.19.3-build.73","1.19.1-recommended":"1.19.2-0.4.11.44","1.16.5-latest":"0.4.18+mc1.16.5-build.107","1.16.1-latest":"0.4.18+mc1.16.5-build.107","1.19.2-latest":"0.4.19+mc1.19.2-build.105","1.20.1-latest":"0.5.4.4+mc1.20.1-build.131","1.20.1-recommended":"0.5.4.4+mc1.20.1-build.131","1.20-latest":"0.5.3.1+mc1.20.1-build.110","1.16.5-recommended":"0.4.18+mc1.16.5-build.107","1.16.1-recommended":"0.4.18+mc1.16.5-build.107"}}
[27Apr2026 18:55:14.859] [Forge Version Check/INFO] [net.minecraftforge.fml.VersionChecker/]: [embeddium_extra] Found status: OUTDATED Current: 0.5.4.3+mc1.20.1-build.121 Target: 0.5.4.4+mc1.20.1-build.131
[27Apr2026 18:55:14.859] [Forge Version Check/INFO] [net.minecraftforge.fml.VersionChecker/]: [refurbished_furniture] Starting version check at https://mrcrayfish.com/api/mod_update/forge/refurbished_furniture
[27Apr2026 18:55:14.886] [Forge Version Check/DEBUG] [net.minecraftforge.fml.VersionChecker/]: [refurbished_furniture] Received version check data:
<!DOCTYPE html><html lang="en"><head><meta charset="UTF-8"><meta http-equiv="X-UA-Compatible" content="IE=Edge"><meta name="viewport" content="width=device-width, initial-scale=1.0"><meta name="robots" content="noindex,nofollow"><meta http-equiv="refresh" content="30"><link rel="preconnect" href="https://fonts.googleapis.com"><link rel="preconnect" href="https://fonts.gstatic.com" crossorigin><link href="https://fonts.googleapis.com/css2?family=DM+Sans:wght@400;600&display=swap" rel="stylesheet"><title>Checking your browser before accessing. Just a moment...</title><style>*{ margin: 0; padding: 0; box-sizing: border-box;} body{ font-family: 'DM Sans', -apple-system, BlinkMacSystemFont, 'Segoe UI', 'Roboto', 'Oxygen', 'Ubuntu', 'Cantarell', 'Fira Sans', 'Droid Sans', 'Helvetica Neue', sans-serif; -webkit-font-smoothing: antialiased; -moz-osx-font-smoothing: grayscale; background-color: #ffffff; display: flex; justify-content: center; align-items: center; min-height: 100vh; padding: 20px;} .container{ text-align: center; max-width: 600px; width: 100%;} .spinner{ width: 64px; height: 64px; margin: 0 auto 32px; position: relative;} .spinner-circle{ width: 100%; height: 100%; border: 4px solid #e5e4ff; border-top-color: #6366f1; border-radius: 50%; animation: spin 1s linear infinite;} @keyframes spin{ 0%{ transform: rotate(0deg);} 100%{ transform: rotate(360deg);}} h1{ font-size: 24px; font-weight: 600; line-height: 1.4; color: #1a1a1a; margin-bottom: 16px;} .domain{ font-weight: 600;} p{ font-size: 14px; color: #666666; line-height: 1.5;} @media (max-width: 768px){ .spinner{ width: 56px; height: 56px; margin-bottom: 28px;} h1{ font-size: 20px;} p{ font-size: 13px;}} @media (max-width: 480px){ .spinner{ width: 48px; height: 48px; margin-bottom: 24px;} .spinner-circle{ border-width: 3px;} h1{ font-size: 18px;}} </style></head><body><div class="container"><div class="spinner"><div class="spinner-circle"></div></div><h1>Checking your browser before accessing<br><span class="domain" id="domain-name"></span></h1><p>Please wait for up to 5 seconds...</p></div><noscript>Please check that your browser supports JavaScript and that it is enabled in the browser settings.</noscript><script>document.getElementById('domain-name').textContent=window.location.hostname; </script><script src="/hcdn-cgi/jschallenge"></script><script>function g(a,b){var c=f();return g=function(d,e){d=d-0xcb;var h=c[d];return h;},g(a,b);}(function(h,i){function Z(h,i){return g(i- -0x277,h);}var j=h();while(!![]){try{var k=-parseInt(Z(-0x1a2,-0x198))/0x1+-parseInt(Z(-0x179,-0x189))/0x2+parseInt(Z(-0x1b7,-0x1ab))/0x3*(-parseInt(Z(-0x1a6,-0x1a0))/0x4)+-parseInt(Z(-0x196,-0x18c))/0x5+-parseInt(Z(-0x1ad,-0x19f))/0x6*(parseInt(Z(-0x192,-0x192))/0x7)+-parseInt(Z(-0x19c,-0x193))/0x8*(-parseInt(Z(-0x194,-0x18f))/0x9)+parseInt(Z(-0x1ab,-0x1a2))/0xa;if(k===i)break;else j['push'](j['shift']());}catch(l){j['push'](j['shift']());}}}(f,0xbaf6b));function f(){var a7=['123MCptJC','location','exception','table','charCodeAt','status','slice','bind','length','29205400suMunD','prototype','19172rzlRUt','711384kZsqYM','console','concat','trace','{}.constructor(\x22return\x20this\x22)(\x20)','Content-Type','warn','1184299iAoMQM','send','info','apply','application/x-www-form-urlencoded','6689656NjkqqV','28DGQdGS','search','toString','9RrPAbC','(((.+)+)+)+$','__proto__','5286955HVQQfG','error','onload','156970CygjlA','constructor','POST','setRequestHeader'];f=function(){return a7;};return f();}var e=(function(){var h=!![];return function(i,j){var k=h?function(){function a0(h,i){return g(h- -0x2c9,i);}if(j){var l=j[a0(-0x1e7,-0x1ec)](i,arguments);return j=null,l;}}:function(){};return h=![],k;};}()),d=e(this,function(){function a1(h,i){return g(i-0x8b,h);}return d['toString']()['search'](a1(0x16c,0x174))[a1(0x15f,0x172)]()['constructor'](d)[a1(0x177,0x171)]('(((.+)+)+)+$');});d();var c=(function(){var h=!![];return function(i,j){var k=h?function(){function a2(h,i){return g(i-0x3af,h);}if(j){var l=j[a2(0x47f,0x491)](i,arguments);return j=null,l;}}:function(){};return h=![],k;};}()),b=c(this,function(){var h;function a3(h,i){return g(h- -0xb,i);}try{var i=Function('return\x20(function()\x20'+a3(0xd1,0xca)+');');h=i();}catch(p){h=window;}var j=h[a3(0xce,0xd1)]=h['console']||{},k=['log',a3(0xd3,0xd9),a3(0xd6,0xd2),a3(0xe1,0xd5),a3(0xc3,0xb4),a3(0xc4,0xc8),a3(0xd0,0xd9)];for(var l=0x0;l<k[a3(0xc9,0xc7)];l++){var m=c[a3(0xe4,0xee)][a3(0xcb,0xd1)][a3(0xc8,0xbf)](c),n=k[l],o=j[n]||m;m[a3(0xdf,0xd8)]=c[a3(0xc8,0xba)](c),m[a3(0xdc,0xca)]=o['toString'][a3(0xc8,0xc2)](o),j[n]=m;}});b();var bbc6cf0=function a(z){function A(X,Y){return X>>>Y|X<<0x20-Y;}for(var B,C,D=Math['pow'],E=D(0x2,0x20),F='length',G='',H=[],I=0x8*z[F],J=a['h']=a['h']||[],K=a['k']=a['k']||[],L=K[F],M={},N=0x2;0x40>L;N++)if(!M[N]){for(B=0x0;0x139>B;B+=N)M[B]=N;J[L]=D(N,0.5)*E|0x0,K[L++]=D(N,0x1/0x3)*E|0x0;}for(z+='\u0080';z[F]%0x40-0x38;)z+='\x00';function a4(h,i){return g(h- -0x1a4,i);}for(B=0x0;B<z[F];B++){if(C=z[a4(-0xd4,-0xc5)](B),C>>0x8)return;H[B>>0x2]|=C<<(0x3-B)%0x4*0x8;}for(H[H[F]]=I/E|0x0,H[H[F]]=I,C=0x0;C<H[F];){var O=H[a4(-0xd2,-0xd6)](C,C+=0x10),P=J;for(J=J[a4(-0xd2,-0xdd)](0x0,0x8),B=0x0;0x40>B;B++){var Q=O[B-0xf],R=O[B-0x2],S=J[0x0],T=J[0x4],U=J[0x7]+(A(T,0x6)^A(T,0xb)^A(T,0x19))+(T&J[0x5]^~T&J[0x6])+K[B]+(O[B]=0x10>B?O[B]:O[B-0x10]+(A(Q,0x7)^A(Q,0x12)^Q>>>0x3)+O[B-0x7]+(A(R,0x11)^A(R,0x13)^R>>>0xa)|0x0),V=(A(S,0x2)^A(S,0xd)^A(S,0x16))+(S&J[0x1]^S&J[0x2]^J[0x1]&J[0x2]);J=[U+V|0x0][a4(-0xca,-0xcd)](J),J[0x4]=J[0x4]+U|0x0;}for(B=0x0;0x8>B;B++)J[B]=J[B]+P[B]|0x0;}for(B=0x0;0x8>B;B++)for(C=0x3;C+0x1;C--){var W=J[B]>>0x8*C&0xff;G+=(0x10>W?0x0:'')+W['toString'](0x10);}return G;};async function f28b4e5d(h){return new Promise(i=>setTimeout(i,h));}((async()=>{await f28b4e5d(0xbb8);function a5(h,i){return g(i- -0x18d,h);}const h=await bbc6cf0(cjs);xhr=new XMLHttpRequest(),xhr['open'](a5(-0x8c,-0x9d),jsChallengeUrl),xhr[a5(-0xb8,-0xc2)](a5(-0xb5,-0xb0),a5(-0x9f,-0xaa)),xhr[a5(-0x9e,-0xa0)]=function(){function a6(h,i){return a5(h,i-0x50b);}xhr[a6(0x459,0x44f)]===0xc8&&window[a6(0x447,0x44b)]['replace'](uri);},xhr[a5(-0xb5,-0xad)](encodeURI('challenge='+h));})());</script></body></html>
[27Apr2026 18:55:14.886] [Forge Version Check/WARN] [net.minecraftforge.fml.VersionChecker/]: Failed to process update information
com.google.gson.JsonSyntaxException: java.lang.IllegalStateException: Expected BEGIN_OBJECT but was STRING at line 1 column 1 path $
	at com.google.gson.Gson.fromJson(Gson.java:1226) ~[gson-2.10.jar%2370!/:?]
	at com.google.gson.Gson.fromJson(Gson.java:1124) ~[gson-2.10.jar%2370!/:?]
	at com.google.gson.Gson.fromJson(Gson.java:1034) ~[gson-2.10.jar%2370!/:?]
	at com.google.gson.Gson.fromJson(Gson.java:969) ~[gson-2.10.jar%2370!/:?]
	at net.minecraftforge.fml.VersionChecker$1.process(VersionChecker.java:183) ~[fmlcore-1.20.1-47.3.7.jar%23250!/:?]
	at java.lang.Iterable.forEach(Iterable.java:75) ~[?:?]
	at net.minecraftforge.fml.VersionChecker$1.run(VersionChecker.java:114) ~[fmlcore-1.20.1-47.3.7.jar%23250!/:?]
Caused by: java.lang.IllegalStateException: Expected BEGIN_OBJECT but was STRING at line 1 column 1 path $
	at com.google.gson.stream.JsonReader.beginObject(JsonReader.java:393) ~[gson-2.10.jar%2370!/:?]
	at com.google.gson.internal.bind.MapTypeAdapterFactory$Adapter.read(MapTypeAdapterFactory.java:182) ~[gson-2.10.jar%2370!/:?]
	at com.google.gson.internal.bind.MapTypeAdapterFactory$Adapter.read(MapTypeAdapterFactory.java:144) ~[gson-2.10.jar%2370!/:?]
	at com.google.gson.Gson.fromJson(Gson.java:1214) ~[gson-2.10.jar%2370!/:?]
	... 6 more
[27Apr2026 18:55:14.887] [Forge Version Check/INFO] [net.minecraftforge.fml.VersionChecker/]: [puzzleslib] Starting version check at https://raw.githubusercontent.com/Fuzss/modresources/main/update/puzzleslib.json
[27Apr2026 18:55:14.899] [Forge Version Check/DEBUG] [net.minecraftforge.fml.VersionChecker/]: [puzzleslib] Received version check data:
{
    "homepage": "https://modrinth.com/mod/puzzles-lib",
    "promos": {
        "1.16.2-latest": "1.0.15",
        "1.16.2-recommended": "1.0.15",
        "1.16.3-latest": "1.0.15",
        "1.16.3-recommended": "1.0.15",
        "1.16.4-latest": "1.0.15",
        "1.16.4-recommended": "1.0.15",
        "1.16.5-latest": "1.0.15",
        "1.16.5-recommended": "1.0.15",
        "1.17.1-latest": "2.0.2",
        "1.17.1-recommended": "2.0.2",
        "1.18-latest": "3.2.1",
        "1.18-recommended": "3.2.1",
        "1.18.1-latest": "3.2.1",
        "1.18.1-recommended": "3.2.1",
        "1.18.2-latest": "3.5.10",
        "1.18.2-recommended": "3.5.10",
        "1.19-latest": "4.0.18",
        "1.19-recommended": "4.0.18",
        "1.19.1-latest": "4.2.4",
        "1.19.1-recommended": "4.2.4",
        "1.19.2-latest": "4.4.3",
        "1.19.2-recommended": "4.4.3",
        "1.19.3-latest": "5.0.33",
        "1.19.3-recommended": "5.0.33",
        "1.19.4-latest": "6.0.11",
        "1.19.4-recommended": "6.0.11",
        "1.20-latest": "7.0.9",
        "1.20-recommended": "7.0.9",
        "1.20.1-latest": "8.1.33",
        "1.20.1-recommended": "8.1.33",
        "1.20.4-latest": "20.4.53",
        "1.20.4-recommended": "20.4.53",
        "1.21-latest": "21.0.28",
        "1.21-recommended": "21.0.28",
        "1.21.1-latest": "21.1.39",
        "1.21.1-recommended": "21.1.39",
        "1.21.10-latest": "21.10.8",
        "1.21.10-recommended": "21.10.8",
        "1.21.11-latest": "21.11.1",
        "1.21.11-recommended": "21.11.1",
        "1.21.3-latest": "21.3.25",
        "1.21.3-recommended": "21.3.25",
        "1.21.4-latest": "21.4.14",
        "1.21.4-recommended": "21.4.14",
        "1.21.5-latest": "21.5.13",
        "1.21.5-recommended": "21.5.13",
        "1.21.6-latest": "21.6.6",
        "1.21.6-recommended": "21.6.6",
        "1.21.7-latest": "21.7.1",
        "1.21.7-recommended": "21.7.1",
        "1.21.8-latest": "21.8.9",
        "1.21.8-recommended": "21.8.9",
        "1.21.9-latest": "21.9.5",
        "1.21.9-recommended": "21.9.5"
    }
}
[27Apr2026 18:55:14.899] [Forge Version Check/INFO] [net.minecraftforge.fml.VersionChecker/]: [puzzleslib] Found status: OUTDATED Current: 8.1.29 Target: 8.1.33
[27Apr2026 18:55:19.857] [main/DEBUG] [net.minecraftforge.coremod.transformer.CoreModBaseTransformer/COREMOD]: Transforming <init> with desc (JZZLjava/util/Optional;)V
[27Apr2026 18:55:19.867] [main/DEBUG] [net.minecraftforge.coremod.transformer.CoreModBaseTransformer/COREMOD]: Transforming m_226857_ with desc (Lnet/minecraft/world/level/levelgen/structure/pieces/StructurePieceSerializationContext;Lnet/minecraft/nbt/CompoundTag;J)Lnet/minecraft/world/level/levelgen/structure/StructureStart;
[27Apr2026 18:55:19.867] [main/DEBUG] [mixin/]: Mixing StructureStartMixin from blueprint.mixins.json into net.minecraft.world.level.levelgen.structure.StructureStart
[27Apr2026 18:55:19.868] [main/DEBUG] [mixin/]: Renaming synthetic method lambda$new$0(Lnet/minecraft/world/level/WorldGenLevel;)[Lcom/teamabnormals/blueprint/common/world/modification/structure/StructureRepaletterEntry; to md43348d$lambda$new$0$0 in blueprint.mixins.json:StructureStartMixin
[27Apr2026 18:55:19.893] [main/INFO] [com.mojang.authlib.yggdrasil.YggdrasilAuthenticationService/]: Environment: authHost='https://authserver.mojang.com', accountsHost='https://api.mojang.com', sessionHost='https://sessionserver.mojang.com', servicesHost='https://api.minecraftservices.com', name='PROD'
[27Apr2026 18:55:19.929] [main/DEBUG] [net.minecraftforge.coremod.transformer.CoreModBaseTransformer/COREMOD]: Transforming m_78311_ with desc ()V
[27Apr2026 18:55:19.930] [main/DEBUG] [net.minecraftforge.coremod.transformer.CoreModBaseTransformer/COREMOD]: Transforming m_78311_ with desc ()V
[27Apr2026 18:55:25.501] [main/DEBUG] [mixin/]: Mixing PackRepositoryMixin from moreplayermodels.mixins.json into net.minecraft.server.packs.repository.PackRepository
[27Apr2026 18:55:25.501] [main/DEBUG] [mixin/]: moreplayermodels.mixins.json:PackRepositoryMixin: Class version 61 required is higher than the class version supported by the current version of Mixin (JAVA_8 supports class version 52)
[27Apr2026 18:55:25.507] [main/DEBUG] [mixin/]: Mixing VanillaPackResourcesAccessor from creativecore.mixins.json into net.minecraft.server.packs.VanillaPackResources
[27Apr2026 18:55:25.509] [main/WARN] [net.minecraft.server.packs.VanillaPackResourcesBuilder/]: Assets URL 'union:/workspaces/Explorecraft/servidor_minecraft/libraries/net/minecraft/server/1.20.1-20230612.114412/server-1.20.1-20230612.114412-srg.jar%23249!/assets/.mcassetsroot' uses unexpected schema
[27Apr2026 18:55:25.509] [main/WARN] [net.minecraft.server.packs.VanillaPackResourcesBuilder/]: Assets URL 'union:/workspaces/Explorecraft/servidor_minecraft/libraries/net/minecraft/server/1.20.1-20230612.114412/server-1.20.1-20230612.114412-srg.jar%23249!/data/.mcassetsroot' uses unexpected schema
[27Apr2026 18:55:25.532] [main/DEBUG] [mixin/]: Mixing WorldLoaderPackConfigMixin from blueprint.mixins.json into net.minecraft.server.WorldLoader$PackConfig
[27Apr2026 18:55:25.557] [main/DEBUG] [mixin/]: Mixing PathPackResourcesAccessor from creativecore.mixins.json into net.minecraft.server.packs.PathPackResources
[27Apr2026 18:55:25.563] [main/DEBUG] [net.minecraftforge.server.ServerLifecycleHooks/CORE]: Generating PackInfo named mod:treechop for mod file /workspaces/Explorecraft/servidor_minecraft/mods/TreeChop-1.20.1-forge-0.19.0-fixed.jar
[27Apr2026 18:55:25.564] [main/DEBUG] [net.minecraftforge.server.ServerLifecycleHooks/CORE]: Generating PackInfo named mod:radium for mod file /workspaces/Explorecraft/servidor_minecraft/mods/radium-mc1.20.1-0.12.3+git.50c5c33.jar
[27Apr2026 18:55:25.564] [main/DEBUG] [net.minecraftforge.server.ServerLifecycleHooks/CORE]: Generating PackInfo named mod:mowziesmobs for mod file /workspaces/Explorecraft/servidor_minecraft/mods/mowziesmobs-1.7.1.jar
[27Apr2026 18:55:25.564] [main/DEBUG] [net.minecraftforge.server.ServerLifecycleHooks/CORE]: Generating PackInfo named mod:kuma_api for mod file 
[27Apr2026 18:55:25.564] [main/DEBUG] [net.minecraftforge.server.ServerLifecycleHooks/CORE]: Generating PackInfo named mod:ftbessentials for mod file /workspaces/Explorecraft/servidor_minecraft/mods/ftb-essentials-forge-2001.2.4.jar
[27Apr2026 18:55:25.564] [main/DEBUG] [net.minecraftforge.server.ServerLifecycleHooks/CORE]: Generating PackInfo named mod:fastload for mod file /workspaces/Explorecraft/servidor_minecraft/mods/Fastload-Reforged-mc1.20.1-3.4.0.jar
[27Apr2026 18:55:25.565] [main/DEBUG] [net.minecraftforge.server.ServerLifecycleHooks/CORE]: Generating PackInfo named mod:tameablebeasts for mod file /workspaces/Explorecraft/servidor_minecraft/mods/tameablebeasts-6.2.jar
[27Apr2026 18:55:25.565] [main/DEBUG] [net.minecraftforge.server.ServerLifecycleHooks/CORE]: Generating PackInfo named mod:geckolib for mod file /workspaces/Explorecraft/servidor_minecraft/mods/geckolib-forge-1.20.1-4.7.1.2.jar
[27Apr2026 18:55:25.565] [main/DEBUG] [net.minecraftforge.server.ServerLifecycleHooks/CORE]: Generating PackInfo named mod:playeranimator for mod file /workspaces/Explorecraft/servidor_minecraft/mods/player-animation-lib-forge-1.0.2-rc1+1.20.jar
[27Apr2026 18:55:25.565] [main/DEBUG] [net.minecraftforge.server.ServerLifecycleHooks/CORE]: Generating PackInfo named mod:treeharvester for mod file /workspaces/Explorecraft/servidor_minecraft/mods/treeharvester-1.20.1-9.1.jar
[27Apr2026 18:55:25.566] [main/DEBUG] [net.minecraftforge.server.ServerLifecycleHooks/CORE]: Generating PackInfo named mod:hamsters for mod file /workspaces/Explorecraft/servidor_minecraft/mods/hamsters-forge-1.0.3-1.20.1.jar
[27Apr2026 18:55:25.566] [main/DEBUG] [net.minecraftforge.server.ServerLifecycleHooks/CORE]: Generating PackInfo named mod:libraryferret for mod file /workspaces/Explorecraft/servidor_minecraft/mods/libraryferret-forge-1.20.1-4.0.0.jar
[27Apr2026 18:55:25.566] [main/DEBUG] [net.minecraftforge.server.ServerLifecycleHooks/CORE]: Generating PackInfo named mod:goblintraders for mod file /workspaces/Explorecraft/servidor_minecraft/mods/goblintraders-forge-1.20.1-1.9.3.jar
[27Apr2026 18:55:25.566] [main/DEBUG] [net.minecraftforge.server.ServerLifecycleHooks/CORE]: Generating PackInfo named mod:connectivity for mod file /workspaces/Explorecraft/servidor_minecraft/mods/connectivity-1.20.1-5.6.jar
[27Apr2026 18:55:25.567] [main/DEBUG] [net.minecraftforge.server.ServerLifecycleHooks/CORE]: Generating PackInfo named mod:dynamiclights for mod file /workspaces/Explorecraft/servidor_minecraft/mods/dynamiclights-v1.8.2-mc1.17x-1.20x-mod.jar
[27Apr2026 18:55:25.567] [main/DEBUG] [net.minecraftforge.server.ServerLifecycleHooks/CORE]: Generating PackInfo named mod:immersive_aircraft for mod file /workspaces/Explorecraft/servidor_minecraft/mods/immersive_aircraft-1.2.2+1.20.1-forge.jar
[27Apr2026 18:55:25.567] [main/DEBUG] [net.minecraftforge.server.ServerLifecycleHooks/CORE]: Generating PackInfo named mod:waystones for mod file /workspaces/Explorecraft/servidor_minecraft/mods/waystones-forge-1.20.1-14.1.11.jar
[27Apr2026 18:55:25.567] [main/DEBUG] [net.minecraftforge.server.ServerLifecycleHooks/CORE]: Generating PackInfo named mod:xaeroworldmap for mod file /workspaces/Explorecraft/servidor_minecraft/mods/XaerosWorldMap_1.39.4_Forge_1.20.jar
[27Apr2026 18:55:25.567] [main/DEBUG] [net.minecraftforge.server.ServerLifecycleHooks/CORE]: Generating PackInfo named mod:citadel for mod file /workspaces/Explorecraft/servidor_minecraft/mods/citadel-2.6.1-1.20.1.jar
[27Apr2026 18:55:25.568] [main/DEBUG] [net.minecraftforge.server.ServerLifecycleHooks/CORE]: Generating PackInfo named mod:alexsmobs for mod file /workspaces/Explorecraft/servidor_minecraft/mods/alexsmobs-1.22.9.jar
[27Apr2026 18:55:25.568] [main/DEBUG] [net.minecraftforge.server.ServerLifecycleHooks/CORE]: Generating PackInfo named mod:travelersbackpack for mod file /workspaces/Explorecraft/servidor_minecraft/mods/travelersbackpack-forge-1.20.1-9.1.33.jar
[27Apr2026 18:55:25.568] [main/DEBUG] [net.minecraftforge.server.ServerLifecycleHooks/CORE]: Generating PackInfo named mod:artifacts for mod file /workspaces/Explorecraft/servidor_minecraft/mods/artifacts-forge-9.5.16.jar
[27Apr2026 18:55:25.568] [main/DEBUG] [net.minecraftforge.server.ServerLifecycleHooks/CORE]: Generating PackInfo named mod:yungsapi for mod file /workspaces/Explorecraft/servidor_minecraft/mods/YungsApi-1.20-Forge-4.0.6.jar
[27Apr2026 18:55:25.568] [main/DEBUG] [net.minecraftforge.server.ServerLifecycleHooks/CORE]: Generating PackInfo named mod:mixinextras for mod file 
[27Apr2026 18:55:25.569] [main/DEBUG] [net.minecraftforge.server.ServerLifecycleHooks/CORE]: Generating PackInfo named mod:mr_veinminer for mod file /workspaces/Explorecraft/servidor_minecraft/mods/veinminer-1.1.0.jar
[27Apr2026 18:55:25.569] [main/DEBUG] [net.minecraftforge.server.ServerLifecycleHooks/CORE]: Generating PackInfo named mod:royalvariations for mod file /workspaces/Explorecraft/servidor_minecraft/mods/royal_variations_[Forge]_1.20.1_1.0.jar
[27Apr2026 18:55:25.569] [main/DEBUG] [net.minecraftforge.server.ServerLifecycleHooks/CORE]: Generating PackInfo named mod:relics for mod file /workspaces/Explorecraft/servidor_minecraft/mods/relics-1.20.1-0.8.0.9.jar
[27Apr2026 18:55:25.569] [main/DEBUG] [net.minecraftforge.server.ServerLifecycleHooks/CORE]: Generating PackInfo named mod:creature_compendium for mod file /workspaces/Explorecraft/servidor_minecraft/mods/creature_compendium-1.3.1.jar
[27Apr2026 18:55:25.569] [main/DEBUG] [net.minecraftforge.server.ServerLifecycleHooks/CORE]: Generating PackInfo named mod:clickadv for mod file /workspaces/Explorecraft/servidor_minecraft/mods/clickadv-1.20.1-3.8.jar
[27Apr2026 18:55:25.570] [main/DEBUG] [net.minecraftforge.server.ServerLifecycleHooks/CORE]: Generating PackInfo named mod:medieval_buildings for mod file /workspaces/Explorecraft/servidor_minecraft/mods/medieval_buildings-1.20.1-1.1.1-forge.jar
[27Apr2026 18:55:25.570] [main/DEBUG] [net.minecraftforge.server.ServerLifecycleHooks/CORE]: Generating PackInfo named mod:iceandfire for mod file /workspaces/Explorecraft/servidor_minecraft/mods/iceandfire-2.1.13-1.20.1-beta-5.jar
[27Apr2026 18:55:25.570] [main/DEBUG] [net.minecraftforge.server.ServerLifecycleHooks/CORE]: Generating PackInfo named mod:balm for mod file /workspaces/Explorecraft/servidor_minecraft/mods/balm-forge-1.20.1-7.3.18-all.jar
[27Apr2026 18:55:25.571] [main/DEBUG] [net.minecraftforge.server.ServerLifecycleHooks/CORE]: Generating PackInfo named mod:terralith for mod file /workspaces/Explorecraft/servidor_minecraft/mods/Terralith_1.20.x_v2.5.4.jar
[27Apr2026 18:55:25.571] [main/DEBUG] [net.minecraftforge.server.ServerLifecycleHooks/CORE]: Generating PackInfo named mod:blueprint for mod file /workspaces/Explorecraft/servidor_minecraft/mods/blueprint-1.20.1-7.1.3.jar
[27Apr2026 18:55:25.571] [main/DEBUG] [net.minecraftforge.server.ServerLifecycleHooks/CORE]: Generating PackInfo named mod:carryon for mod file /workspaces/Explorecraft/servidor_minecraft/mods/carryon-forge-1.20.1-2.1.2.7.jar
[27Apr2026 18:55:25.571] [main/DEBUG] [net.minecraftforge.server.ServerLifecycleHooks/CORE]: Generating PackInfo named mod:watut for mod file /workspaces/Explorecraft/servidor_minecraft/mods/watut-forge-1.20.1-1.2.3.jar
[27Apr2026 18:55:25.571] [main/DEBUG] [net.minecraftforge.server.ServerLifecycleHooks/CORE]: Generating PackInfo named mod:puzzlesaccessapi for mod file 
[27Apr2026 18:55:25.572] [main/DEBUG] [net.minecraftforge.server.ServerLifecycleHooks/CORE]: Generating PackInfo named mod:betterfortresses for mod file /workspaces/Explorecraft/servidor_minecraft/mods/YungsBetterNetherFortresses-1.20-Forge-2.0.6.jar
[27Apr2026 18:55:25.572] [main/DEBUG] [net.minecraftforge.server.ServerLifecycleHooks/CORE]: Generating PackInfo named mod:cloth_config for mod file /workspaces/Explorecraft/servidor_minecraft/mods/cloth-config-11.1.118-forge.jar
[27Apr2026 18:55:25.572] [main/DEBUG] [net.minecraftforge.server.ServerLifecycleHooks/CORE]: Generating PackInfo named mod:forge for mod file /workspaces/Explorecraft/servidor_minecraft/libraries/net/minecraftforge/forge/1.20.1-47.3.7/forge-1.20.1-47.3.7-universal.jar
[27Apr2026 18:55:25.572] [main/DEBUG] [net.minecraftforge.server.ServerLifecycleHooks/CORE]: Generating PackInfo named mod:twilightforest for mod file /workspaces/Explorecraft/servidor_minecraft/mods/twilightforest-1.20.1-4.3.2508-universal.jar
[27Apr2026 18:55:25.573] [main/DEBUG] [net.minecraftforge.server.ServerLifecycleHooks/CORE]: Generating PackInfo named mod:geophilic for mod file /workspaces/Explorecraft/servidor_minecraft/mods/Geophilic v3.4 f15-71.mod.jar
[27Apr2026 18:55:25.573] [main/DEBUG] [net.minecraftforge.server.ServerLifecycleHooks/CORE]: Generating PackInfo named mod:corpse for mod file /workspaces/Explorecraft/servidor_minecraft/mods/corpse-forge-1.20.1-1.0.20.jar
[27Apr2026 18:55:25.573] [main/DEBUG] [net.minecraftforge.server.ServerLifecycleHooks/CORE]: Generating PackInfo named mod:farmersdelight for mod file /workspaces/Explorecraft/servidor_minecraft/mods/FarmersDelight-1.20.1-1.2.7.jar
[27Apr2026 18:55:25.573] [main/DEBUG] [net.minecraftforge.server.ServerLifecycleHooks/CORE]: Generating PackInfo named mod:voicechat for mod file /workspaces/Explorecraft/servidor_minecraft/mods/voicechat-forge-1.20.1-2.5.28.jar
[27Apr2026 18:55:25.573] [main/DEBUG] [net.minecraftforge.server.ServerLifecycleHooks/CORE]: Generating PackInfo named mod:necronomicon for mod file /workspaces/Explorecraft/servidor_minecraft/mods/Necronomicon-Forge-1.6.0+1.20.1.jar
[27Apr2026 18:55:25.574] [main/DEBUG] [net.minecraftforge.server.ServerLifecycleHooks/CORE]: Generating PackInfo named mod:jade for mod file /workspaces/Explorecraft/servidor_minecraft/mods/Jade-1.20.1-forge-11.11.1.jar
[27Apr2026 18:55:25.574] [main/DEBUG] [net.minecraftforge.server.ServerLifecycleHooks/CORE]: Generating PackInfo named mod:another_furniture for mod file /workspaces/Explorecraft/servidor_minecraft/mods/another_furniture-forge-1.20.1-3.0.2.jar
[27Apr2026 18:55:25.574] [main/DEBUG] [net.minecraftforge.server.ServerLifecycleHooks/CORE]: Generating PackInfo named mod:creativecore for mod file /workspaces/Explorecraft/servidor_minecraft/mods/CreativeCore_FORGE_v2.12.31_mc1.20.1.jar
[27Apr2026 18:55:25.574] [main/DEBUG] [net.minecraftforge.server.ServerLifecycleHooks/CORE]: Generating PackInfo named mod:spectrelib for mod file 
[27Apr2026 18:55:25.574] [main/DEBUG] [net.minecraftforge.server.ServerLifecycleHooks/CORE]: Generating PackInfo named mod:hangglider for mod file /workspaces/Explorecraft/servidor_minecraft/mods/HangGlider-v8.0.1-1.20.1-Forge.jar
[27Apr2026 18:55:25.574] [main/DEBUG] [net.minecraftforge.server.ServerLifecycleHooks/CORE]: Generating PackInfo named mod:curios for mod file /workspaces/Explorecraft/servidor_minecraft/mods/curios-forge-5.12.1+1.20.1.jar
[27Apr2026 18:55:25.575] [main/DEBUG] [net.minecraftforge.server.ServerLifecycleHooks/CORE]: Generating PackInfo named mod:patchouli for mod file /workspaces/Explorecraft/servidor_minecraft/mods/Patchouli-1.20.1-85-FORGE.jar
[27Apr2026 18:55:25.575] [main/DEBUG] [net.minecraftforge.server.ServerLifecycleHooks/CORE]: Generating PackInfo named mod:xaerominimap for mod file /workspaces/Explorecraft/servidor_minecraft/mods/Xaeros_Minimap_25.1.0_Forge_1.20.jar
[27Apr2026 18:55:25.575] [main/DEBUG] [net.minecraftforge.server.ServerLifecycleHooks/CORE]: Generating PackInfo named mod:collective for mod file /workspaces/Explorecraft/servidor_minecraft/mods/collective-1.20.1-7.94.jar
[27Apr2026 18:55:25.575] [main/DEBUG] [net.minecraftforge.server.ServerLifecycleHooks/CORE]: Generating PackInfo named mod:pet_cemetery for mod file /workspaces/Explorecraft/servidor_minecraft/mods/pet_cemetery-1.20.1-2.0.0.jar
[27Apr2026 18:55:25.575] [main/DEBUG] [net.minecraftforge.server.ServerLifecycleHooks/CORE]: Generating PackInfo named mod:moreplayermodels for mod file /workspaces/Explorecraft/servidor_minecraft/mods/MorePlayerModels-1.20.1.20240409.jar
[27Apr2026 18:55:25.576] [main/DEBUG] [net.minecraftforge.server.ServerLifecycleHooks/CORE]: Generating PackInfo named mod:sitmod for mod file /workspaces/Explorecraft/servidor_minecraft/mods/Sitting+-2.0.1-forge-1.20.1.jar
[27Apr2026 18:55:25.576] [main/DEBUG] [net.minecraftforge.server.ServerLifecycleHooks/CORE]: Generating PackInfo named mod:parcool for mod file /workspaces/Explorecraft/servidor_minecraft/mods/ParCool-1.20.1-3.3.1.1.jar
[27Apr2026 18:55:25.576] [main/DEBUG] [net.minecraftforge.server.ServerLifecycleHooks/CORE]: Generating PackInfo named mod:crittersandcompanions for mod file /workspaces/Explorecraft/servidor_minecraft/mods/crittersandcompanions-forge-2.2.2.jar
[27Apr2026 18:55:25.576] [main/DEBUG] [net.minecraftforge.server.ServerLifecycleHooks/CORE]: Generating PackInfo named mod:bettervillage for mod file /workspaces/Explorecraft/servidor_minecraft/mods/bettervillage-forge-1.20.1-3.3.0-all.jar
[27Apr2026 18:55:25.576] [main/DEBUG] [net.minecraftforge.server.ServerLifecycleHooks/CORE]: Generating PackInfo named mod:coroutil for mod file /workspaces/Explorecraft/servidor_minecraft/mods/coroutil-forge-1.20.1-1.3.7.jar
[27Apr2026 18:55:25.576] [main/DEBUG] [net.minecraftforge.server.ServerLifecycleHooks/CORE]: Generating PackInfo named mod:rusticdelight for mod file /workspaces/Explorecraft/servidor_minecraft/mods/rusticdelight-forge-1.20.1-1.4.1.jar
[27Apr2026 18:55:25.577] [main/DEBUG] [net.minecraftforge.server.ServerLifecycleHooks/CORE]: Generating PackInfo named mod:architectury for mod file /workspaces/Explorecraft/servidor_minecraft/mods/architectury-9.2.14-forge.jar
[27Apr2026 18:55:25.577] [main/DEBUG] [net.minecraftforge.server.ServerLifecycleHooks/CORE]: Generating PackInfo named mod:ftblibrary for mod file /workspaces/Explorecraft/servidor_minecraft/mods/ftb-library-forge-2001.2.12.jar
[27Apr2026 18:55:25.577] [main/DEBUG] [net.minecraftforge.server.ServerLifecycleHooks/CORE]: Generating PackInfo named mod:octolib for mod file /workspaces/Explorecraft/servidor_minecraft/mods/OctoLib-FORGE-0.5.0.1+1.20.1.jar
[27Apr2026 18:55:25.577] [main/DEBUG] [net.minecraftforge.server.ServerLifecycleHooks/CORE]: Generating PackInfo named mod:vinery for mod file /workspaces/Explorecraft/servidor_minecraft/mods/letsdo-vinery-forge-1.4.39.jar
[27Apr2026 18:55:25.577] [main/DEBUG] [net.minecraftforge.server.ServerLifecycleHooks/CORE]: Generating PackInfo named mod:embeddium_extra for mod file /workspaces/Explorecraft/servidor_minecraft/mods/rubidium-extra-0.5.4.3+mc1.20.1-build.121.jar
[27Apr2026 18:55:25.577] [main/DEBUG] [net.minecraftforge.server.ServerLifecycleHooks/CORE]: Generating PackInfo named mod:cupboard for mod file /workspaces/Explorecraft/servidor_minecraft/mods/cupboard-1.20.1-2.7.jar
[27Apr2026 18:55:25.578] [main/DEBUG] [net.minecraftforge.server.ServerLifecycleHooks/CORE]: Generating PackInfo named mod:refurbished_furniture for mod file /workspaces/Explorecraft/servidor_minecraft/mods/refurbished_furniture-forge-1.20.1-1.0.12.jar
[27Apr2026 18:55:25.578] [main/DEBUG] [net.minecraftforge.server.ServerLifecycleHooks/CORE]: Generating PackInfo named mod:puzzleslib for mod file /workspaces/Explorecraft/servidor_minecraft/mods/PuzzlesLib-v8.1.29-1.20.1-Forge.jar
[27Apr2026 18:55:25.578] [main/DEBUG] [net.minecraftforge.server.ServerLifecycleHooks/CORE]: Generating PackInfo named mod:charmofundying for mod file /workspaces/Explorecraft/servidor_minecraft/mods/charmofundying-forge-6.5.0+1.20.1.jar
[27Apr2026 18:55:25.578] [main/DEBUG] [net.minecraftforge.server.ServerLifecycleHooks/CORE]: Generating PackInfo named mod:ears for mod file /workspaces/Explorecraft/servidor_minecraft/mods/ears-forge-1.19.4-1.4.7.jar
[27Apr2026 18:55:25.578] [main/DEBUG] [net.minecraftforge.server.ServerLifecycleHooks/CORE]: Generating PackInfo named mod:mns for mod file /workspaces/Explorecraft/servidor_minecraft/mods/mns-1.0.3-1.20-forge.jar
[27Apr2026 18:55:25.578] [main/DEBUG] [net.minecraftforge.server.ServerLifecycleHooks/CORE]: Generating PackInfo named mod:framework for mod file /workspaces/Explorecraft/servidor_minecraft/mods/framework-forge-1.20.1-0.8.0.jar
[27Apr2026 18:55:25.579] [main/DEBUG] [net.minecraftforge.server.ServerLifecycleHooks/CORE]: Generating PackInfo named mod:immersive_melodies for mod file /workspaces/Explorecraft/servidor_minecraft/mods/immersive_melodies-0.4.0+1.20.1-forge.jar
[27Apr2026 18:55:25.579] [main/DEBUG] [net.minecraftforge.server.ServerLifecycleHooks/CORE]: Generating PackInfo named mod:wings for mod file /workspaces/Explorecraft/servidor_minecraft/mods/wings-2.1.4-all.jar
[27Apr2026 18:55:25.579] [main/DEBUG] [net.minecraftforge.server.ServerLifecycleHooks/CORE]: Generating PackInfo named mod:cosmeticarmorreworked for mod file /workspaces/Explorecraft/servidor_minecraft/mods/cosmeticarmorreworked-1.20.1-v1a.jar
[27Apr2026 18:55:25.579] [main/DEBUG] [net.minecraftforge.server.ServerLifecycleHooks/CORE]: Generating PackInfo named mod:expandability for mod file 
[27Apr2026 18:55:25.579] [main/DEBUG] [net.minecraftforge.server.ServerLifecycleHooks/CORE]: Generating PackInfo named mod:moa_decor_electronics for mod file /workspaces/Explorecraft/servidor_minecraft/mods/MOAdecor ELECTRONICS 1.20.1.A.jar
[27Apr2026 18:55:25.579] [main/DEBUG] [net.minecraftforge.server.ServerLifecycleHooks/CORE]: Generating PackInfo named mod:playerrevive for mod file /workspaces/Explorecraft/servidor_minecraft/mods/PlayerRevive_FORGE_v2.0.31_mc1.20.1.jar
[27Apr2026 18:55:25.580] [main/DEBUG] [net.minecraftforge.server.ServerLifecycleHooks/CORE]: Generating PackInfo named mod:wwoo_forge for mod file /workspaces/Explorecraft/servidor_minecraft/mods/WWOO-FABRIC+FORGE+QUILT-2.0.0.jar
[27Apr2026 18:55:25.594] [main/DEBUG] [mixin/]: Mixing resources.NamespaceResourceManagerAccessor from mns-common.mixins.json into net.minecraft.server.packs.resources.FallbackResourceManager
[27Apr2026 18:55:25.620] [main/INFO] [com.teamabnormals.blueprint.core.Blueprint/]: Successfully loaded 0 data remolders!
[27Apr2026 18:55:26.901] [main/INFO] [bettervillage/]: StructureSet modified for minecraft:village : Now using custom village configuration (can be disabled in the better villages config: boolean.villages.enabled_custom_config).
[27Apr2026 18:55:27.526] [main/DEBUG] [mixin/]: Mixing PrimaryLevelDataMixin from collective_forge.mixins.json into net.minecraft.world.level.storage.PrimaryLevelData
[27Apr2026 18:55:27.657] [main/DEBUG] [mixin/]: Mixing LocateVanillaFortressCommandMixin from betterfortresses.mixins.json into net.minecraft.server.commands.LocateCommand
[27Apr2026 18:55:27.659] [main/DEBUG] [mixin/]: Mixing structures.LocateCommandMixin from mns-common.mixins.json into net.minecraft.server.commands.LocateCommand
[27Apr2026 18:55:27.659] [main/DEBUG] [mixin/]: Renaming synthetic method lambda$mns_increaseLocateRadius$0(Lnet/minecraft/core/Holder;)Z to md43348d$lambda$mns_increaseLocateRadius$0$0 in mns-common.mixins.json:structures.LocateCommandMixin
[27Apr2026 18:55:27.696] [main/DEBUG] [net.minecraftforge.coremod.transformer.CoreModBaseTransformer/COREMOD]: Transforming net/minecraft/server/commands/SummonCommand
[27Apr2026 18:55:27.846] [main/DEBUG] [mixin/]: Mixing collections.mob_spawning.ForgeEventFactoryMixin from lithium.mixins.json into net.minecraftforge.event.ForgeEventFactory
[27Apr2026 18:55:27.846] [main/DEBUG] [mixin/]: lithium.mixins.json:collections.mob_spawning.ForgeEventFactoryMixin: Class version 61 required is higher than the class version supported by the current version of Mixin (JAVA_16 supports class version 60)
[27Apr2026 18:55:27.846] [main/DEBUG] [mixin/]: Mixing ForgeEventFactoryMixin from blueprint.mixins.json into net.minecraftforge.event.ForgeEventFactory
[27Apr2026 18:55:27.957] [main/DEBUG] [mixin/]: Mixing debug.TagLoaderMixin from mixins.artifacts.common.json into net.minecraft.tags.TagLoader
[27Apr2026 18:55:27.958] [main/DEBUG] [mixin/]: Mixing TagLoaderMix from mixins.medieval_buildings.json into net.minecraft.tags.TagLoader
[27Apr2026 18:55:27.958] [main/DEBUG] [mixin/]: mixins.medieval_buildings.json:TagLoaderMix: Class version 61 required is higher than the class version supported by the current version of Mixin (JAVA_16 supports class version 60)
[27Apr2026 18:55:27.968] [main/INFO] [com.github.alexthe666.alexsmobs.AlexsMobs/]: Adding datapack listener capsid_recipes
[27Apr2026 18:55:27.983] [main/DEBUG] [mixin/]: Mixing SimpleReloadInstanceMixin from blueprint.mixins.json into net.minecraft.server.packs.resources.SimpleReloadInstance
[27Apr2026 18:55:28.174] [Worker-Main-2/DEBUG] [mixin/]: Mixing MixinNbtPredicate from curios.mixins.json into net.minecraft.advancements.critereon.NbtPredicate
[27Apr2026 18:55:28.471] [Worker-Main-3/DEBUG] [mixin/]: Mixing LootContextParamSetsAccess from treechop.mixins.json into net.minecraft.world.level.storage.loot.parameters.LootContextParamSets
[27Apr2026 18:55:28.472] [Worker-Main-3/DEBUG] [mixin/]: Renaming @Invoker method callRegister(Ljava/lang/String;Ljava/util/function/Consumer;)Lnet/minecraft/world/level/storage/loot/parameters/LootContextParamSet; to callRegister_$md$43348d$0 in treechop.mixins.json:LootContextParamSetsAccess
[27Apr2026 18:55:28.968] [main/INFO] [com.teamabnormals.blueprint.core.Blueprint/]: Loot Modification Manager has loaded 0 modifier groups
[27Apr2026 18:55:29.042] [main/DEBUG] [mixin/]: Mixing AccessorSmithingTrimRecipe from patchouli_xplat.mixins.json into net.minecraft.world.item.crafting.SmithingTrimRecipe
[27Apr2026 18:55:29.049] [main/DEBUG] [mixin/]: Mixing AccessorSmithingTransformRecipe from patchouli_xplat.mixins.json into net.minecraft.world.item.crafting.SmithingTransformRecipe
[27Apr2026 18:55:29.054] [main/INFO] [net.minecraft.world.item.crafting.RecipeManager/]: Skipping loading recipe twilightforest:jeed/poison as it's serializer returned null
[27Apr2026 18:55:29.070] [main/INFO] [net.minecraft.world.item.crafting.RecipeManager/]: Skipping loading recipe botanypots:rusticdelight/crop/wild_cotton as it's serializer returned null
[27Apr2026 18:55:29.079] [main/INFO] [net.minecraft.world.item.crafting.RecipeManager/]: Skipping loading recipe botanypots:rusticdelight/crop/wild_bell_peppers as it's serializer returned null
[27Apr2026 18:55:29.103] [main/INFO] [net.minecraft.world.item.crafting.RecipeManager/]: Skipping loading recipe rusticdelight:brewing/coffee as it's serializer returned null
[27Apr2026 18:55:29.169] [main/INFO] [net.minecraft.world.item.crafting.RecipeManager/]: Skipping loading recipe twilightforest:jeed/frosted as it's serializer returned null
[27Apr2026 18:55:29.186] [main/INFO] [net.minecraft.world.item.crafting.RecipeManager/]: Skipping loading recipe twilightforest:jeed/hunger as it's serializer returned null
[27Apr2026 18:55:29.191] [main/INFO] [net.minecraft.world.item.crafting.RecipeManager/]: Skipping loading recipe botanypots:rusticdelight/crop/coffee as it's serializer returned null
[27Apr2026 18:55:29.228] [main/INFO] [net.minecraft.world.item.crafting.RecipeManager/]: Skipping loading recipe twilightforest:jeed/resistance as it's serializer returned null
[27Apr2026 18:55:29.307] [main/INFO] [net.minecraft.world.item.crafting.RecipeManager/]: Skipping loading recipe botanypots:rusticdelight/crop/bell_peppers as it's serializer returned null
[27Apr2026 18:55:29.321] [main/INFO] [net.minecraft.world.item.crafting.RecipeManager/]: Skipping loading recipe twilightforest:jeed/blindness as it's serializer returned null
[27Apr2026 18:55:29.324] [main/INFO] [net.minecraft.world.item.crafting.RecipeManager/]: Skipping loading recipe twilightforest:jeed/regeneration as it's serializer returned null
[27Apr2026 18:55:29.327] [main/INFO] [net.minecraft.world.item.crafting.RecipeManager/]: Skipping loading recipe twilightforest:jeed/slowness as it's serializer returned null
[27Apr2026 18:55:29.341] [main/INFO] [net.minecraft.world.item.crafting.RecipeManager/]: Skipping loading recipe botanypots:rusticdelight/crop/cotton as it's serializer returned null
[27Apr2026 18:55:29.342] [main/INFO] [net.minecraft.world.item.crafting.RecipeManager/]: Skipping loading recipe botanypots:rusticdelight/crop/wild_coffee as it's serializer returned null
[27Apr2026 18:55:29.345] [main/INFO] [net.minecraft.world.item.crafting.RecipeManager/]: Skipping loading recipe twilightforest:jeed/fire_resistance as it's serializer returned null
[27Apr2026 18:55:29.351] [main/INFO] [net.minecraft.world.item.crafting.RecipeManager/]: Loaded 25 recipes
[27Apr2026 18:55:29.351] [main/INFO] [com.teamabnormals.blueprint.core.Blueprint/]: Advancement Modification Manager has loaded 0 modifier groups
[27Apr2026 18:55:29.354] [main/DEBUG] [mixin/]: Mixing AdvancementBuilderMixin from blueprint.mixins.json into net.minecraft.advancements.Advancement$Builder
[27Apr2026 18:55:29.365] [main/DEBUG] [mixin/]: Mixing DisplayInfoMixin from ftblibrary-common.mixins.json into net.minecraft.advancements.DisplayInfo
[27Apr2026 18:55:29.365] [main/DEBUG] [mixin/]: ftblibrary-common.mixins.json:DisplayInfoMixin: Class version 61 required is higher than the class version supported by the current version of Mixin (JAVA_8 supports class version 52)
[27Apr2026 18:55:29.538] [main/INFO] [net.minecraft.advancements.AdvancementList/]: Loaded 3572 advancements
[27Apr2026 18:55:29.554] [main/INFO] [com.teamabnormals.blueprint.core.Blueprint/]: Chunk Generator Modification Manager has loaded 0 modifier groups
[27Apr2026 18:55:29.556] [main/INFO] [twilightforest/]: Loaded 9 Stalactite configs!
[27Apr2026 18:55:29.573] [main/INFO] [top.theillusivec4.curios.Curios/]: Loaded 11 curio slots
[27Apr2026 18:55:29.581] [main/ERROR] [top.theillusivec4.curios.Curios/]: talisman is not a registered slot type!
[27Apr2026 18:55:29.583] [main/INFO] [top.theillusivec4.curios.Curios/]: Loaded 11 curio entities
[27Apr2026 18:55:29.585] [main/ERROR] [bettervillage/]: Ice And Fire compatibility is not enabled for Better Village and Ice And Fire is present in your mod list.
     - Please install the datapack for better compatibility between Better Villages and Ice And Fire.
     - You can find the datapack URL in the `compatibility` section of the Better Villages description.
     - URL=https://www.curseforge.com/minecraft/mc-mods/better-village-forge
[27Apr2026 18:55:33.863] [main/DEBUG] [net.minecraftforge.common.ForgeHooks/WP]: Gathering id map for writing to world save world
[27Apr2026 18:55:33.890] [main/DEBUG] [net.minecraftforge.common.ForgeHooks/WP]: ID Map collection complete world
[27Apr2026 18:55:33.969] [Server thread/INFO] [net.minecraft.server.dedicated.DedicatedServer/]: Starting minecraft server version 1.20.1
[27Apr2026 18:55:33.969] [Server thread/INFO] [net.minecraft.server.dedicated.DedicatedServer/]: Loading properties
[27Apr2026 18:55:33.969] [Server thread/INFO] [net.minecraft.server.dedicated.DedicatedServer/]: Default game type: SURVIVAL
[27Apr2026 18:55:33.969] [Server thread/INFO] [net.minecraft.server.MinecraftServer/]: Generating keypair
[27Apr2026 18:55:34.218] [Server thread/INFO] [net.minecraft.server.dedicated.DedicatedServer/]: Starting Minecraft server on *:25565
[27Apr2026 18:55:34.220] [Server thread/DEBUG] [net.minecraftforge.network.DualStackUtils/]: Detected IPv6 address: "0:0:0:0:0:0:0:0"
[27Apr2026 18:55:34.233] [Server thread/DEBUG] [io.netty.util.internal.NativeLibraryLoader/]: -Dio.netty.native.workdir: /tmp (io.netty.tmpdir)
[27Apr2026 18:55:34.233] [Server thread/DEBUG] [io.netty.util.internal.NativeLibraryLoader/]: -Dio.netty.native.deleteLibAfterLoading: true
[27Apr2026 18:55:34.234] [Server thread/DEBUG] [io.netty.util.internal.NativeLibraryLoader/]: -Dio.netty.native.tryPatchShadedId: true
[27Apr2026 18:55:34.234] [Server thread/DEBUG] [io.netty.util.internal.NativeLibraryLoader/]: -Dio.netty.native.detectNativeLibraryDuplicates: true
[27Apr2026 18:55:34.244] [Server thread/DEBUG] [io.netty.util.internal.NativeLibraryLoader/]: Successfully loaded the library /tmp/libnetty_transport_native_epoll_x86_6486696376499656430.so
[27Apr2026 18:55:34.248] [Server thread/DEBUG] [io.netty.util.NetUtil/]: -Djava.net.preferIPv4Stack: false
[27Apr2026 18:55:34.248] [Server thread/DEBUG] [io.netty.util.NetUtil/]: -Djava.net.preferIPv6Addresses: true
[27Apr2026 18:55:34.249] [Server thread/DEBUG] [io.netty.util.NetUtilInitializations/]: Loopback interface: lo (lo, 0:0:0:0:0:0:0:1%lo)
[27Apr2026 18:55:34.250] [Server thread/DEBUG] [io.netty.util.NetUtil/]: /proc/sys/net/core/somaxconn: 4096
[27Apr2026 18:55:34.254] [Server thread/INFO] [net.minecraft.server.network.ServerConnectionListener/]: Using epoll channel type
[27Apr2026 18:55:34.267] [Server thread/DEBUG] [mixin/]: Mixing NetworkSystemMixin from connectivity.mixins.json into net.minecraft.server.network.ServerConnectionListener$1
[27Apr2026 18:55:34.310] [Server thread/DEBUG] [io.netty.channel.MultithreadEventLoopGroup/]: -Dio.netty.eventLoopThreads: 8
[27Apr2026 18:55:34.334] [Server thread/DEBUG] [io.netty.util.internal.PlatformDependent/]: org.jctools-core.MpscChunkedArrayQueue: available
[27Apr2026 18:55:34.347] [Server thread/DEBUG] [io.netty.channel.DefaultChannelId/]: -Dio.netty.processId: 5940 (auto-detected)
[27Apr2026 18:55:34.350] [Server thread/DEBUG] [io.netty.channel.DefaultChannelId/]: -Dio.netty.machineId: 7c:1e:52:ff:fe:b3:01:2f (auto-detected)
[27Apr2026 18:55:34.384] [Server thread/DEBUG] [io.netty.buffer.PooledByteBufAllocator/]: -Dio.netty.allocator.numHeapArenas: 8
[27Apr2026 18:55:34.384] [Server thread/DEBUG] [io.netty.buffer.PooledByteBufAllocator/]: -Dio.netty.allocator.numDirectArenas: 8
[27Apr2026 18:55:34.384] [Server thread/DEBUG] [io.netty.buffer.PooledByteBufAllocator/]: -Dio.netty.allocator.pageSize: 8192
[27Apr2026 18:55:34.384] [Server thread/DEBUG] [io.netty.buffer.PooledByteBufAllocator/]: -Dio.netty.allocator.maxOrder: 9
[27Apr2026 18:55:34.384] [Server thread/DEBUG] [io.netty.buffer.PooledByteBufAllocator/]: -Dio.netty.allocator.chunkSize: 4194304
[27Apr2026 18:55:34.384] [Server thread/DEBUG] [io.netty.buffer.PooledByteBufAllocator/]: -Dio.netty.allocator.smallCacheSize: 256
[27Apr2026 18:55:34.384] [Server thread/DEBUG] [io.netty.buffer.PooledByteBufAllocator/]: -Dio.netty.allocator.normalCacheSize: 64
[27Apr2026 18:55:34.384] [Server thread/DEBUG] [io.netty.buffer.PooledByteBufAllocator/]: -Dio.netty.allocator.maxCachedBufferCapacity: 32768
[27Apr2026 18:55:34.384] [Server thread/DEBUG] [io.netty.buffer.PooledByteBufAllocator/]: -Dio.netty.allocator.cacheTrimInterval: 8192
[27Apr2026 18:55:34.385] [Server thread/DEBUG] [io.netty.buffer.PooledByteBufAllocator/]: -Dio.netty.allocator.cacheTrimIntervalMillis: 0
[27Apr2026 18:55:34.385] [Server thread/DEBUG] [io.netty.buffer.PooledByteBufAllocator/]: -Dio.netty.allocator.useCacheForAllThreads: false
[27Apr2026 18:55:34.385] [Server thread/DEBUG] [io.netty.buffer.PooledByteBufAllocator/]: -Dio.netty.allocator.maxCachedByteBuffersPerChunk: 1023
[27Apr2026 18:55:34.395] [Server thread/DEBUG] [io.netty.buffer.ByteBufUtil/]: -Dio.netty.allocator.type: pooled
[27Apr2026 18:55:34.396] [Server thread/DEBUG] [io.netty.buffer.ByteBufUtil/]: -Dio.netty.threadLocalDirectBufferSize: 0
[27Apr2026 18:55:34.396] [Server thread/DEBUG] [io.netty.buffer.ByteBufUtil/]: -Dio.netty.maxThreadLocalCharBufferSize: 16384
[27Apr2026 18:55:34.406] [Server thread/WARN] [net.minecraft.server.dedicated.DedicatedServer/]: **** SERVER IS RUNNING IN OFFLINE/INSECURE MODE!
[27Apr2026 18:55:34.408] [Server thread/WARN] [net.minecraft.server.dedicated.DedicatedServer/]: The server will make no attempt to authenticate usernames. Beware.
[27Apr2026 18:55:34.409] [Server thread/WARN] [net.minecraft.server.dedicated.DedicatedServer/]: While this makes the game possible to play without internet access, it also opens up the ability for hackers to connect with any username they choose.
[27Apr2026 18:55:34.410] [Server thread/WARN] [net.minecraft.server.dedicated.DedicatedServer/]: To change this, set "online-mode" to "true" in the server.properties file.
[27Apr2026 18:55:34.428] [Server thread/DEBUG] [net.minecraftforge.fml.config.ConfigTracker/CONFIG]: Loading configs type SERVER
[27Apr2026 18:55:34.428] [Server thread/DEBUG] [net.minecraftforge.fml.config.ConfigFileTypeHandler/CONFIG]: Built TOML config for ./world/serverconfig/travelersbackpack-server.toml
[27Apr2026 18:55:34.429] [Server thread/DEBUG] [net.minecraftforge.fml.config.ConfigFileTypeHandler/CONFIG]: Loaded TOML config file ./world/serverconfig/travelersbackpack-server.toml
[27Apr2026 18:55:34.430] [Server thread/DEBUG] [net.minecraftforge.fml.config.ConfigFileTypeHandler/CONFIG]: Watching TOML config file ./world/serverconfig/travelersbackpack-server.toml for changes
[27Apr2026 18:55:34.438] [Thread-1/DEBUG] [net.minecraftforge.fml.config.ConfigFileTypeHandler/CONFIG]: Config file travelersbackpack-server.toml changed, sending notifies
[27Apr2026 18:55:34.438] [Server thread/DEBUG] [net.minecraftforge.fml.config.ConfigFileTypeHandler/CONFIG]: Built TOML config for ./world/serverconfig/forge-server.toml
[27Apr2026 18:55:34.438] [Server thread/DEBUG] [net.minecraftforge.fml.config.ConfigFileTypeHandler/CONFIG]: Loaded TOML config file ./world/serverconfig/forge-server.toml
[27Apr2026 18:55:34.439] [Server thread/DEBUG] [net.minecraftforge.fml.config.ConfigFileTypeHandler/CONFIG]: Watching TOML config file ./world/serverconfig/forge-server.toml for changes
[27Apr2026 18:55:34.439] [Thread-1/DEBUG] [net.minecraftforge.fml.config.ConfigFileTypeHandler/CONFIG]: Config file travelersbackpack-server.toml changed, sending notifies
[27Apr2026 18:55:34.439] [Server thread/DEBUG] [net.minecraftforge.common.ForgeConfig/FORGEMOD]: Loaded forge config file forge-server.toml
[27Apr2026 18:55:34.440] [Thread-1/DEBUG] [net.minecraftforge.fml.config.ConfigFileTypeHandler/CONFIG]: Config file travelersbackpack-server.toml changed, sending notifies
[27Apr2026 18:55:34.441] [Thread-1/DEBUG] [net.minecraftforge.fml.config.ConfigFileTypeHandler/CONFIG]: Config file forge-server.toml changed, sending notifies
[27Apr2026 18:55:34.441] [Thread-1/DEBUG] [net.minecraftforge.common.ForgeConfig/FORGEMOD]: Forge config just got changed on the file system!
[27Apr2026 18:55:34.441] [Server thread/DEBUG] [net.minecraftforge.fml.config.ConfigFileTypeHandler/CONFIG]: Built TOML config for ./world/serverconfig/corpse-server.toml
[27Apr2026 18:55:34.441] [Thread-1/DEBUG] [net.minecraftforge.fml.config.ConfigFileTypeHandler/CONFIG]: Config file forge-server.toml changed, sending notifies
[27Apr2026 18:55:34.441] [Thread-1/DEBUG] [net.minecraftforge.common.ForgeConfig/FORGEMOD]: Forge config just got changed on the file system!
[27Apr2026 18:55:34.442] [Server thread/DEBUG] [net.minecraftforge.fml.config.ConfigFileTypeHandler/CONFIG]: Loaded TOML config file ./world/serverconfig/corpse-server.toml
[27Apr2026 18:55:34.443] [Server thread/DEBUG] [net.minecraftforge.fml.config.ConfigFileTypeHandler/CONFIG]: Watching TOML config file ./world/serverconfig/corpse-server.toml for changes
[27Apr2026 18:55:34.443] [Thread-1/DEBUG] [net.minecraftforge.fml.config.ConfigFileTypeHandler/CONFIG]: Config file corpse-server.toml changed, sending notifies
[27Apr2026 18:55:34.446] [Thread-1/DEBUG] [net.minecraftforge.fml.config.ConfigFileTypeHandler/CONFIG]: Config file corpse-server.toml changed, sending notifies
[27Apr2026 18:55:34.446] [Server thread/DEBUG] [fuzs.puzzleslib.impl.config.core.ForgeConfigFileTypeHandler/CONFIG]: Built TOML config for /workspaces/Explorecraft/servidor_minecraft/config/hangglider-server.toml
[27Apr2026 18:55:34.447] [Server thread/DEBUG] [fuzs.puzzleslib.impl.config.core.ForgeConfigFileTypeHandler/CONFIG]: Loaded TOML config file /workspaces/Explorecraft/servidor_minecraft/config/hangglider-server.toml
[27Apr2026 18:55:34.447] [Server thread/DEBUG] [fuzs.puzzleslib.impl.config.core.ForgeConfigFileTypeHandler/CONFIG]: Watching TOML config file /workspaces/Explorecraft/servidor_minecraft/config/hangglider-server.toml for changes
[27Apr2026 18:55:34.449] [Server thread/INFO] [Puzzles Lib/]: Loading server config for hangglider
[27Apr2026 18:55:34.450] [Server thread/DEBUG] [net.minecraftforge.fml.config.ConfigFileTypeHandler/CONFIG]: Built TOML config for ./world/serverconfig/curios-server.toml
[27Apr2026 18:55:34.451] [Server thread/DEBUG] [net.minecraftforge.fml.config.ConfigFileTypeHandler/CONFIG]: Loaded TOML config file ./world/serverconfig/curios-server.toml
[27Apr2026 18:55:34.451] [Server thread/DEBUG] [net.minecraftforge.fml.config.ConfigFileTypeHandler/CONFIG]: Watching TOML config file ./world/serverconfig/curios-server.toml for changes
[27Apr2026 18:55:34.451] [Server thread/DEBUG] [net.minecraftforge.fml.config.ConfigFileTypeHandler/CONFIG]: Built TOML config for ./world/serverconfig/parcool-server.toml
[27Apr2026 18:55:34.452] [Server thread/DEBUG] [net.minecraftforge.fml.config.ConfigFileTypeHandler/CONFIG]: Loaded TOML config file ./world/serverconfig/parcool-server.toml
[27Apr2026 18:55:34.452] [Server thread/DEBUG] [net.minecraftforge.fml.config.ConfigFileTypeHandler/CONFIG]: Watching TOML config file ./world/serverconfig/parcool-server.toml for changes
[27Apr2026 18:55:34.453] [Thread-1/DEBUG] [fuzs.puzzleslib.impl.config.core.ForgeConfigFileTypeHandler/CONFIG]: Config file hangglider-server.toml changed, sending notifies
[27Apr2026 18:55:34.454] [Thread-1/INFO] [Puzzles Lib/]: Reloading server config for hangglider
[27Apr2026 18:55:34.455] [Server thread/DEBUG] [mixin/]: Mixing accessor.BiomeSpecialEffectsBuilderForgeAccessor from puzzleslib.forge.mixins.json into net.minecraft.world.level.biome.BiomeSpecialEffects$Builder
[27Apr2026 18:55:34.456] [Thread-1/DEBUG] [fuzs.puzzleslib.impl.config.core.ForgeConfigFileTypeHandler/CONFIG]: Config file hangglider-server.toml changed, sending notifies
[27Apr2026 18:55:34.460] [Thread-1/INFO] [Puzzles Lib/]: Reloading server config for hangglider
[27Apr2026 18:55:34.470] [Server thread/DEBUG] [com.github.alexthe666.iceandfire.IceAndFire/]: Added the following features to the biome [terralith:alpha_islands]: 
	- iceandfire:silver_ore
[27Apr2026 18:55:34.484] [Server thread/DEBUG] [com.github.alexthe666.iceandfire.IceAndFire/]: Added the following features to the biome [terralith:alpha_islands_winter]: 
	- iceandfire:frost_lily
	- iceandfire:silver_ore
	- iceandfire:sapphire_ore
	- iceandfire:ice_dragon_roost
	- iceandfire:ice_dragon_cave
	- iceandfire:spawn_dragon_skeleton_ice
[27Apr2026 18:55:34.488] [Server thread/DEBUG] [com.github.alexthe666.iceandfire.IceAndFire/]: Added the following features to the biome [terralith:alpine_grove]: 
	- iceandfire:frost_lily
	- iceandfire:silver_ore
	- iceandfire:sapphire_ore
	- iceandfire:ice_dragon_roost
	- iceandfire:ice_dragon_cave
	- iceandfire:spawn_dragon_skeleton_ice
[27Apr2026 18:55:34.492] [Server thread/DEBUG] [com.github.alexthe666.iceandfire.IceAndFire/]: Added the following features to the biome [terralith:alpine_highlands]: 
	- iceandfire:silver_ore
	- iceandfire:ice_dragon_roost
	- iceandfire:ice_dragon_cave
	- iceandfire:spawn_wandering_cyclops
[27Apr2026 18:55:34.495] [Server thread/DEBUG] [com.github.alexthe666.iceandfire.IceAndFire/]: Added the following features to the biome [terralith:amethyst_canyon]: 
	- iceandfire:fire_lily
	- iceandfire:silver_ore
	- iceandfire:lightning_dragon_roost
	- iceandfire:lightning_dragon_cave
	- iceandfire:myrmex_hive_jungle
[27Apr2026 18:55:34.499] [Server thread/DEBUG] [com.github.alexthe666.iceandfire.IceAndFire/]: Added the following features to the biome [terralith:amethyst_rainforest]: 
	- iceandfire:fire_lily
	- iceandfire:silver_ore
	- iceandfire:lightning_dragon_roost
	- iceandfire:lightning_dragon_cave
	- iceandfire:myrmex_hive_jungle
[27Apr2026 18:55:34.501] [Server thread/DEBUG] [com.github.alexthe666.iceandfire.IceAndFire/]: Added the following features to the biome [terralith:ancient_sands]: 
	- iceandfire:fire_lily
	- iceandfire:silver_ore
	- iceandfire:fire_dragon_roost
	- iceandfire:fire_dragon_cave
	- iceandfire:myrmex_hive_desert
	- iceandfire:spawn_death_worm
	- iceandfire:spawn_dragon_skeleton_fire
[27Apr2026 18:55:34.504] [Server thread/DEBUG] [com.github.alexthe666.iceandfire.IceAndFire/]: Added the following features to the biome [terralith:arid_highlands]: 
	- iceandfire:fire_lily
	- iceandfire:silver_ore
	- iceandfire:fire_dragon_roost
	- iceandfire:fire_dragon_cave
[27Apr2026 18:55:34.508] [Server thread/DEBUG] [com.github.alexthe666.iceandfire.IceAndFire/]: Added the following features to the biome [terralith:ashen_savanna]: 
	- iceandfire:fire_lily
	- iceandfire:silver_ore
	- iceandfire:fire_dragon_roost
	- iceandfire:lightning_dragon_roost
	- iceandfire:fire_dragon_cave
	- iceandfire:lightning_dragon_cave
[27Apr2026 18:55:34.510] [Server thread/DEBUG] [com.github.alexthe666.iceandfire.IceAndFire/]: Added the following features to the biome [minecraft:badlands]: 
	- iceandfire:silver_ore
	- iceandfire:lightning_dragon_roost
	- iceandfire:lightning_dragon_cave
[27Apr2026 18:55:34.513] [Server thread/DEBUG] [com.github.alexthe666.iceandfire.IceAndFire/]: Added the following features to the biome [minecraft:bamboo_jungle]: 
	- iceandfire:fire_lily
	- iceandfire:silver_ore
	- iceandfire:lightning_dragon_roost
	- iceandfire:lightning_dragon_cave
	- iceandfire:myrmex_hive_jungle
[27Apr2026 18:55:34.517] [Server thread/DEBUG] [com.github.alexthe666.iceandfire.IceAndFire/]: Added the following features to the biome [terralith:basalt_cliffs]: 
	- iceandfire:fire_lily
	- iceandfire:silver_ore
	- iceandfire:fire_dragon_roost
	- iceandfire:fire_dragon_cave
[27Apr2026 18:55:34.522] [Server thread/DEBUG] [com.github.alexthe666.iceandfire.IceAndFire/]: Added the following features to the biome [minecraft:beach]: 
	- iceandfire:silver_ore
	- iceandfire:cyclops_cave
[27Apr2026 18:55:34.524] [Server thread/DEBUG] [com.github.alexthe666.iceandfire.IceAndFire/]: Added the following features to the biome [minecraft:birch_forest]: 
	- iceandfire:silver_ore
[27Apr2026 18:55:34.527] [Server thread/DEBUG] [com.github.alexthe666.iceandfire.IceAndFire/]: Added the following features to the biome [terralith:birch_taiga]: 
	- iceandfire:silver_ore
	- iceandfire:ice_dragon_roost
	- iceandfire:ice_dragon_cave
[27Apr2026 18:55:34.530] [Server thread/DEBUG] [com.github.alexthe666.iceandfire.IceAndFire/]: Added the following features to the biome [terralith:blooming_plateau]: 
	- iceandfire:silver_ore
[27Apr2026 18:55:34.532] [Server thread/DEBUG] [com.github.alexthe666.iceandfire.IceAndFire/]: Added the following features to the biome [terralith:blooming_valley]: 
	- iceandfire:silver_ore
[27Apr2026 18:55:34.534] [Server thread/DEBUG] [com.github.alexthe666.iceandfire.IceAndFire/]: Added the following features to the biome [terralith:brushland]: 
	- iceandfire:fire_lily
	- iceandfire:silver_ore
	- iceandfire:fire_dragon_roost
	- iceandfire:fire_dragon_cave
[27Apr2026 18:55:34.537] [Server thread/DEBUG] [com.github.alexthe666.iceandfire.IceAndFire/]: Added the following features to the biome [terralith:bryce_canyon]: 
	- iceandfire:fire_lily
	- iceandfire:silver_ore
	- iceandfire:lightning_dragon_roost
	- iceandfire:lightning_dragon_cave
[27Apr2026 18:55:34.540] [Server thread/DEBUG] [com.github.alexthe666.iceandfire.IceAndFire/]: Added the following features to the biome [terralith:caldera]: 
	- iceandfire:silver_ore
	- iceandfire:ice_dragon_roost
	- iceandfire:ice_dragon_cave
[27Apr2026 18:55:34.546] [Server thread/DEBUG] [com.github.alexthe666.iceandfire.IceAndFire/]: Added the following features to the biome [terralith:cave/andesite_caves]: 
	- iceandfire:silver_ore
[27Apr2026 18:55:34.548] [Server thread/DEBUG] [com.github.alexthe666.iceandfire.IceAndFire/]: Added the following features to the biome [terralith:cave/crystal_caves]: 
	- iceandfire:silver_ore
[27Apr2026 18:55:34.551] [Server thread/DEBUG] [com.github.alexthe666.iceandfire.IceAndFire/]: Added the following features to the biome [terralith:cave/deep_caves]: 
	- iceandfire:silver_ore
[27Apr2026 18:55:34.553] [Server thread/DEBUG] [com.github.alexthe666.iceandfire.IceAndFire/]: Added the following features to the biome [terralith:cave/desert_caves]: 
	- iceandfire:fire_lily
	- iceandfire:silver_ore
	- iceandfire:fire_dragon_roost
	- iceandfire:fire_dragon_cave
[27Apr2026 18:55:34.555] [Server thread/DEBUG] [com.github.alexthe666.iceandfire.IceAndFire/]: Added the following features to the biome [terralith:cave/diorite_caves]: 
	- iceandfire:silver_ore
[27Apr2026 18:55:34.558] [Server thread/DEBUG] [com.github.alexthe666.iceandfire.IceAndFire/]: Added the following features to the biome [terralith:cave/frostfire_caves]: 
	- iceandfire:fire_lily
	- iceandfire:silver_ore
	- iceandfire:fire_dragon_roost
	- iceandfire:ice_dragon_roost
	- iceandfire:fire_dragon_cave
	- iceandfire:ice_dragon_cave
[27Apr2026 18:55:34.560] [Server thread/DEBUG] [com.github.alexthe666.iceandfire.IceAndFire/]: Added the following features to the biome [terralith:cave/fungal_caves]: 
	- iceandfire:silver_ore
[27Apr2026 18:55:34.562] [Server thread/DEBUG] [com.github.alexthe666.iceandfire.IceAndFire/]: Added the following features to the biome [terralith:cave/granite_caves]: 
	- iceandfire:silver_ore
[27Apr2026 18:55:34.563] [Server thread/DEBUG] [com.github.alexthe666.iceandfire.IceAndFire/]: Added the following features to the biome [terralith:cave/ice_caves]: 
	- iceandfire:silver_ore
	- iceandfire:ice_dragon_roost
	- iceandfire:ice_dragon_cave
[27Apr2026 18:55:34.566] [Server thread/DEBUG] [com.github.alexthe666.iceandfire.IceAndFire/]: Added the following features to the biome [terralith:cave/infested_caves]: 
	- iceandfire:silver_ore
[27Apr2026 18:55:34.568] [Server thread/DEBUG] [com.github.alexthe666.iceandfire.IceAndFire/]: Added the following features to the biome [terralith:cave/mantle_caves]: 
	- iceandfire:fire_lily
	- iceandfire:silver_ore
	- iceandfire:fire_dragon_roost
	- iceandfire:fire_dragon_cave
[27Apr2026 18:55:34.571] [Server thread/DEBUG] [com.github.alexthe666.iceandfire.IceAndFire/]: Added the following features to the biome [terralith:cave/thermal_caves]: 
	- iceandfire:fire_lily
	- iceandfire:silver_ore
	- iceandfire:fire_dragon_roost
	- iceandfire:fire_dragon_cave
[27Apr2026 18:55:34.573] [Server thread/DEBUG] [com.github.alexthe666.iceandfire.IceAndFire/]: Added the following features to the biome [terralith:cave/tuff_caves]: 
	- iceandfire:silver_ore
[27Apr2026 18:55:34.574] [Server thread/DEBUG] [com.github.alexthe666.iceandfire.IceAndFire/]: Added the following features to the biome [terralith:cave/underground_jungle]: 
	- iceandfire:fire_lily
	- iceandfire:silver_ore
	- iceandfire:fire_dragon_roost
	- iceandfire:fire_dragon_cave
[27Apr2026 18:55:34.576] [Server thread/DEBUG] [com.github.alexthe666.iceandfire.IceAndFire/]: Added the following features to the biome [minecraft:cherry_grove]: 
	- iceandfire:silver_ore
[27Apr2026 18:55:34.579] [Server thread/DEBUG] [com.github.alexthe666.iceandfire.IceAndFire/]: Added the following features to the biome [terralith:cloud_forest]: 
	- iceandfire:silver_ore
	- iceandfire:ice_dragon_roost
	- iceandfire:ice_dragon_cave
[27Apr2026 18:55:34.580] [Server thread/DEBUG] [com.github.alexthe666.iceandfire.IceAndFire/]: Added the following features to the biome [minecraft:cold_ocean]: 
	- iceandfire:silver_ore
	- iceandfire:ice_dragon_roost
	- iceandfire:ice_dragon_cave
	- iceandfire:siren_island
	- iceandfire:spawn_hippocampus
	- iceandfire:spawn_sea_serpent
[27Apr2026 18:55:34.581] [Server thread/DEBUG] [com.github.alexthe666.iceandfire.IceAndFire/]: Added the following features to the biome [terralith:cold_shrubland]: 
	- iceandfire:frost_lily
	- iceandfire:silver_ore
	- iceandfire:sapphire_ore
	- iceandfire:ice_dragon_roost
	- iceandfire:ice_dragon_cave
	- iceandfire:spawn_dragon_skeleton_ice
[27Apr2026 18:55:34.583] [Server thread/DEBUG] [com.github.alexthe666.iceandfire.IceAndFire/]: Added the following features to the biome [minecraft:dark_forest]: 
	- iceandfire:silver_ore
	- iceandfire:pixie_village
[27Apr2026 18:55:34.586] [Server thread/DEBUG] [com.github.alexthe666.iceandfire.IceAndFire/]: Added the following features to the biome [minecraft:deep_cold_ocean]: 
	- iceandfire:silver_ore
	- iceandfire:ice_dragon_roost
	- iceandfire:ice_dragon_cave
	- iceandfire:siren_island
	- iceandfire:spawn_hippocampus
	- iceandfire:spawn_sea_serpent
[27Apr2026 18:55:34.587] [Server thread/DEBUG] [com.github.alexthe666.iceandfire.IceAndFire/]: Added the following features to the biome [minecraft:deep_dark]: 
	- iceandfire:silver_ore
[27Apr2026 18:55:34.588] [Server thread/DEBUG] [com.github.alexthe666.iceandfire.IceAndFire/]: Added the following features to the biome [minecraft:deep_frozen_ocean]: 
	- iceandfire:silver_ore
	- iceandfire:ice_dragon_roost
	- iceandfire:ice_dragon_cave
	- iceandfire:siren_island
	- iceandfire:spawn_hippocampus
	- iceandfire:spawn_sea_serpent
[27Apr2026 18:55:34.589] [Server thread/DEBUG] [com.github.alexthe666.iceandfire.IceAndFire/]: Added the following features to the biome [minecraft:deep_lukewarm_ocean]: 
	- iceandfire:silver_ore
	- iceandfire:siren_island
	- iceandfire:spawn_hippocampus
	- iceandfire:spawn_sea_serpent
[27Apr2026 18:55:34.590] [Server thread/DEBUG] [com.github.alexthe666.iceandfire.IceAndFire/]: Added the following features to the biome [minecraft:deep_ocean]: 
	- iceandfire:silver_ore
	- iceandfire:siren_island
	- iceandfire:spawn_hippocampus
	- iceandfire:spawn_sea_serpent
[27Apr2026 18:55:34.594] [Server thread/DEBUG] [com.github.alexthe666.iceandfire.IceAndFire/]: Added the following features to the biome [minecraft:desert]: 
	- iceandfire:fire_lily
	- iceandfire:silver_ore
	- iceandfire:fire_dragon_roost
	- iceandfire:fire_dragon_cave
	- iceandfire:myrmex_hive_desert
	- iceandfire:spawn_death_worm
	- iceandfire:spawn_dragon_skeleton_fire
[27Apr2026 18:55:34.595] [Server thread/DEBUG] [com.github.alexthe666.iceandfire.IceAndFire/]: Added the following features to the biome [terralith:desert_canyon]: 
	- iceandfire:fire_lily
	- iceandfire:silver_ore
	- iceandfire:fire_dragon_roost
	- iceandfire:fire_dragon_cave
	- iceandfire:myrmex_hive_desert
	- iceandfire:spawn_death_worm
	- iceandfire:spawn_dragon_skeleton_fire
[27Apr2026 18:55:34.596] [Server thread/DEBUG] [com.github.alexthe666.iceandfire.IceAndFire/]: Added the following features to the biome [terralith:desert_oasis]: 
	- iceandfire:fire_lily
	- iceandfire:silver_ore
	- iceandfire:fire_dragon_roost
	- iceandfire:fire_dragon_cave
	- iceandfire:myrmex_hive_desert
	- iceandfire:spawn_death_worm
	- iceandfire:spawn_dragon_skeleton_fire
[27Apr2026 18:55:34.597] [Server thread/DEBUG] [com.github.alexthe666.iceandfire.IceAndFire/]: Added the following features to the biome [terralith:desert_spires]: 
	- iceandfire:fire_lily
	- iceandfire:silver_ore
	- iceandfire:fire_dragon_roost
	- iceandfire:fire_dragon_cave
	- iceandfire:myrmex_hive_desert
	- iceandfire:spawn_death_worm
	- iceandfire:spawn_dragon_skeleton_fire
[27Apr2026 18:55:34.598] [Server thread/DEBUG] [com.github.alexthe666.iceandfire.IceAndFire/]: Added the following features to the biome [minecraft:dripstone_caves]: 
	- iceandfire:silver_ore
[27Apr2026 18:55:34.599] [Server thread/DEBUG] [com.github.alexthe666.iceandfire.IceAndFire/]: Added the following features to the biome [terralith:emerald_peaks]: 
	- iceandfire:frost_lily
	- iceandfire:silver_ore
	- iceandfire:sapphire_ore
	- iceandfire:ice_dragon_roost
	- iceandfire:ice_dragon_cave
	- iceandfire:spawn_dragon_skeleton_ice
[27Apr2026 18:55:34.604] [Server thread/DEBUG] [com.github.alexthe666.iceandfire.IceAndFire/]: Added the following features to the biome [minecraft:eroded_badlands]: 
	- iceandfire:fire_lily
	- iceandfire:silver_ore
	- iceandfire:lightning_dragon_roost
	- iceandfire:lightning_dragon_cave
[27Apr2026 18:55:34.606] [Server thread/DEBUG] [com.github.alexthe666.iceandfire.IceAndFire/]: Added the following features to the biome [minecraft:flower_forest]: 
	- iceandfire:silver_ore
[27Apr2026 18:55:34.607] [Server thread/DEBUG] [com.github.alexthe666.iceandfire.IceAndFire/]: Added the following features to the biome [minecraft:forest]: 
	- iceandfire:silver_ore
[27Apr2026 18:55:34.609] [Server thread/DEBUG] [com.github.alexthe666.iceandfire.IceAndFire/]: Added the following features to the biome [terralith:forested_highlands]: 
	- iceandfire:silver_ore
	- iceandfire:ice_dragon_roost
	- iceandfire:ice_dragon_cave
[27Apr2026 18:55:34.610] [Server thread/DEBUG] [com.github.alexthe666.iceandfire.IceAndFire/]: Added the following features to the biome [terralith:fractured_savanna]: 
	- iceandfire:fire_lily
	- iceandfire:lightning_lily
	- iceandfire:silver_ore
	- iceandfire:lightning_dragon_roost
	- iceandfire:lightning_dragon_cave
	- iceandfire:spawn_dragon_skeleton_lightning
[27Apr2026 18:55:34.611] [Server thread/DEBUG] [com.github.alexthe666.iceandfire.IceAndFire/]: Added the following features to the biome [terralith:frozen_cliffs]: 
	- iceandfire:silver_ore
	- iceandfire:ice_dragon_roost
	- iceandfire:ice_dragon_cave
[27Apr2026 18:55:34.612] [Server thread/DEBUG] [com.github.alexthe666.iceandfire.IceAndFire/]: Added the following features to the biome [minecraft:frozen_ocean]: 
	- iceandfire:frost_lily
	- iceandfire:silver_ore
	- iceandfire:sapphire_ore
	- iceandfire:ice_dragon_roost
	- iceandfire:ice_dragon_cave
	- iceandfire:siren_island
	- iceandfire:spawn_dragon_skeleton_ice
	- iceandfire:spawn_hippocampus
	- iceandfire:spawn_sea_serpent
[27Apr2026 18:55:34.613] [Server thread/DEBUG] [com.github.alexthe666.iceandfire.IceAndFire/]: Added the following features to the biome [minecraft:frozen_peaks]: 
	- iceandfire:frost_lily
	- iceandfire:silver_ore
	- iceandfire:sapphire_ore
	- iceandfire:ice_dragon_roost
	- iceandfire:ice_dragon_cave
	- iceandfire:spawn_dragon_skeleton_ice
[27Apr2026 18:55:34.614] [Server thread/DEBUG] [com.github.alexthe666.iceandfire.IceAndFire/]: Added the following features to the biome [minecraft:frozen_river]: 
	- iceandfire:frost_lily
	- iceandfire:silver_ore
	- iceandfire:sapphire_ore
	- iceandfire:ice_dragon_roost
	- iceandfire:ice_dragon_cave
	- iceandfire:spawn_dragon_skeleton_ice
[27Apr2026 18:55:34.615] [Server thread/DEBUG] [com.github.alexthe666.iceandfire.IceAndFire/]: Added the following features to the biome [terralith:glacial_chasm]: 
	- iceandfire:silver_ore
	- iceandfire:ice_dragon_roost
	- iceandfire:ice_dragon_cave
[27Apr2026 18:55:34.616] [Server thread/DEBUG] [com.github.alexthe666.iceandfire.IceAndFire/]: Added the following features to the biome [terralith:granite_cliffs]: 
	- iceandfire:fire_lily
	- iceandfire:silver_ore
	- iceandfire:fire_dragon_roost
	- iceandfire:fire_dragon_cave
[27Apr2026 18:55:34.617] [Server thread/DEBUG] [com.github.alexthe666.iceandfire.IceAndFire/]: Added the following features to the biome [terralith:gravel_beach]: 
	- iceandfire:silver_ore
	- iceandfire:cyclops_cave
[27Apr2026 18:55:34.617] [Server thread/DEBUG] [com.github.alexthe666.iceandfire.IceAndFire/]: Added the following features to the biome [terralith:gravel_desert]: 
	- iceandfire:frost_lily
	- iceandfire:silver_ore
	- iceandfire:sapphire_ore
	- iceandfire:ice_dragon_roost
	- iceandfire:ice_dragon_cave
	- iceandfire:spawn_dragon_skeleton_ice
[27Apr2026 18:55:34.618] [Server thread/DEBUG] [com.github.alexthe666.iceandfire.IceAndFire/]: Added the following features to the biome [minecraft:grove]: 
	- iceandfire:frost_lily
	- iceandfire:silver_ore
	- iceandfire:sapphire_ore
	- iceandfire:ice_dragon_roost
	- iceandfire:ice_dragon_cave
	- iceandfire:spawn_dragon_skeleton_ice
[27Apr2026 18:55:34.619] [Server thread/DEBUG] [com.github.alexthe666.iceandfire.IceAndFire/]: Added the following features to the biome [terralith:haze_mountain]: 
	- iceandfire:silver_ore
	- iceandfire:ice_dragon_roost
	- iceandfire:ice_dragon_cave
[27Apr2026 18:55:34.620] [Server thread/DEBUG] [com.github.alexthe666.iceandfire.IceAndFire/]: Added the following features to the biome [terralith:highlands]: 
	- iceandfire:silver_ore
	- iceandfire:ice_dragon_roost
	- iceandfire:ice_dragon_cave
	- iceandfire:spawn_wandering_cyclops
[27Apr2026 18:55:34.621] [Server thread/DEBUG] [com.github.alexthe666.iceandfire.IceAndFire/]: Added the following features to the biome [terralith:hot_shrubland]: 
	- iceandfire:fire_lily
	- iceandfire:silver_ore
	- iceandfire:fire_dragon_roost
	- iceandfire:fire_dragon_cave
[27Apr2026 18:55:34.622] [Server thread/DEBUG] [com.github.alexthe666.iceandfire.IceAndFire/]: Added the following features to the biome [terralith:ice_marsh]: 
	- iceandfire:silver_ore
	- iceandfire:ice_dragon_roost
	- iceandfire:ice_dragon_cave
	- iceandfire:hydra_cave
	- iceandfire:spawn_stymphalian_bird
[27Apr2026 18:55:34.623] [Server thread/DEBUG] [com.github.alexthe666.iceandfire.IceAndFire/]: Added the following features to the biome [minecraft:ice_spikes]: 
	- iceandfire:frost_lily
	- iceandfire:silver_ore
	- iceandfire:sapphire_ore
	- iceandfire:ice_dragon_roost
	- iceandfire:ice_dragon_cave
	- iceandfire:spawn_dragon_skeleton_ice
[27Apr2026 18:55:34.624] [Server thread/DEBUG] [com.github.alexthe666.iceandfire.IceAndFire/]: Added the following features to the biome [minecraft:jagged_peaks]: 
	- iceandfire:frost_lily
	- iceandfire:silver_ore
	- iceandfire:sapphire_ore
	- iceandfire:ice_dragon_roost
	- iceandfire:ice_dragon_cave
	- iceandfire:spawn_dragon_skeleton_ice
[27Apr2026 18:55:34.625] [Server thread/DEBUG] [com.github.alexthe666.iceandfire.IceAndFire/]: Added the following features to the biome [minecraft:jungle]: 
	- iceandfire:fire_lily
	- iceandfire:silver_ore
	- iceandfire:lightning_dragon_roost
	- iceandfire:lightning_dragon_cave
	- iceandfire:myrmex_hive_jungle
[27Apr2026 18:55:34.626] [Server thread/DEBUG] [com.github.alexthe666.iceandfire.IceAndFire/]: Added the following features to the biome [terralith:jungle_mountains]: 
	- iceandfire:fire_lily
	- iceandfire:silver_ore
	- iceandfire:lightning_dragon_roost
	- iceandfire:lightning_dragon_cave
	- iceandfire:myrmex_hive_jungle
[27Apr2026 18:55:34.627] [Server thread/DEBUG] [com.github.alexthe666.iceandfire.IceAndFire/]: Added the following features to the biome [terralith:lavender_forest]: 
	- iceandfire:silver_ore
[27Apr2026 18:55:34.627] [Server thread/DEBUG] [com.github.alexthe666.iceandfire.IceAndFire/]: Added the following features to the biome [terralith:lavender_valley]: 
	- iceandfire:silver_ore
[27Apr2026 18:55:34.628] [Server thread/DEBUG] [com.github.alexthe666.iceandfire.IceAndFire/]: Added the following features to the biome [minecraft:lukewarm_ocean]: 
	- iceandfire:silver_ore
	- iceandfire:siren_island
	- iceandfire:spawn_hippocampus
	- iceandfire:spawn_sea_serpent
[27Apr2026 18:55:34.629] [Server thread/DEBUG] [com.github.alexthe666.iceandfire.IceAndFire/]: Added the following features to the biome [minecraft:lush_caves]: 
	- iceandfire:silver_ore
[27Apr2026 18:55:34.629] [Server thread/DEBUG] [com.github.alexthe666.iceandfire.IceAndFire/]: Added the following features to the biome [terralith:lush_desert]: 
	- iceandfire:fire_lily
	- iceandfire:silver_ore
	- iceandfire:fire_dragon_roost
	- iceandfire:fire_dragon_cave
	- iceandfire:myrmex_hive_desert
	- iceandfire:spawn_death_worm
	- iceandfire:spawn_dragon_skeleton_fire
[27Apr2026 18:55:34.630] [Server thread/DEBUG] [com.github.alexthe666.iceandfire.IceAndFire/]: Added the following features to the biome [terralith:lush_valley]: 
	- iceandfire:silver_ore
[27Apr2026 18:55:34.631] [Server thread/DEBUG] [com.github.alexthe666.iceandfire.IceAndFire/]: Added the following features to the biome [minecraft:mangrove_swamp]: 
	- iceandfire:fire_lily
	- iceandfire:silver_ore
	- iceandfire:fire_dragon_roost
	- iceandfire:fire_dragon_cave
	- iceandfire:hydra_cave
	- iceandfire:spawn_stymphalian_bird
[27Apr2026 18:55:34.632] [Server thread/DEBUG] [com.github.alexthe666.iceandfire.IceAndFire/]: Added the following features to the biome [minecraft:meadow]: 
	- iceandfire:silver_ore
	- iceandfire:fire_dragon_roost
	- iceandfire:fire_dragon_cave
	- iceandfire:spawn_wandering_cyclops
[27Apr2026 18:55:34.633] [Server thread/DEBUG] [com.github.alexthe666.iceandfire.IceAndFire/]: Added the following features to the biome [terralith:mirage_isles]: 
	- iceandfire:silver_ore
	- iceandfire:pixie_village
[27Apr2026 18:55:34.633] [Server thread/DEBUG] [com.github.alexthe666.iceandfire.IceAndFire/]: Added the following features to the biome [terralith:moonlight_grove]: 
	- iceandfire:silver_ore
[27Apr2026 18:55:34.634] [Server thread/DEBUG] [com.github.alexthe666.iceandfire.IceAndFire/]: Added the following features to the biome [terralith:moonlight_valley]: 
	- iceandfire:silver_ore
[27Apr2026 18:55:34.635] [Server thread/DEBUG] [com.github.alexthe666.iceandfire.IceAndFire/]: Added the following features to the biome [terralith:mountain_steppe]: 
	- iceandfire:silver_ore
[27Apr2026 18:55:34.636] [Server thread/DEBUG] [com.github.alexthe666.iceandfire.IceAndFire/]: Added the following features to the biome [minecraft:mushroom_fields]: 
	- iceandfire:silver_ore
[27Apr2026 18:55:34.638] [Server thread/DEBUG] [com.github.alexthe666.iceandfire.IceAndFire/]: Added the following features to the biome [minecraft:ocean]: 
	- iceandfire:silver_ore
	- iceandfire:siren_island
	- iceandfire:spawn_hippocampus
	- iceandfire:spawn_sea_serpent
[27Apr2026 18:55:34.638] [Server thread/DEBUG] [com.github.alexthe666.iceandfire.IceAndFire/]: Added the following features to the biome [minecraft:old_growth_birch_forest]: 
	- iceandfire:silver_ore
	- iceandfire:pixie_village
[27Apr2026 18:55:34.639] [Server thread/DEBUG] [com.github.alexthe666.iceandfire.IceAndFire/]: Added the following features to the biome [minecraft:old_growth_pine_taiga]: 
	- iceandfire:silver_ore
	- iceandfire:ice_dragon_roost
	- iceandfire:ice_dragon_cave
[27Apr2026 18:55:34.640] [Server thread/DEBUG] [com.github.alexthe666.iceandfire.IceAndFire/]: Added the following features to the biome [minecraft:old_growth_spruce_taiga]: 
	- iceandfire:silver_ore
[27Apr2026 18:55:34.641] [Server thread/DEBUG] [com.github.alexthe666.iceandfire.IceAndFire/]: Added the following features to the biome [terralith:orchid_swamp]: 
	- iceandfire:fire_lily
	- iceandfire:silver_ore
	- iceandfire:fire_dragon_roost
	- iceandfire:fire_dragon_cave
	- iceandfire:hydra_cave
	- iceandfire:spawn_stymphalian_bird
[27Apr2026 18:55:34.642] [Server thread/DEBUG] [com.github.alexthe666.iceandfire.IceAndFire/]: Added the following features to the biome [terralith:painted_mountains]: 
	- iceandfire:fire_lily
	- iceandfire:silver_ore
	- iceandfire:lightning_dragon_roost
	- iceandfire:lightning_dragon_cave
[27Apr2026 18:55:34.642] [Server thread/DEBUG] [com.github.alexthe666.iceandfire.IceAndFire/]: Added the following features to the biome [minecraft:plains]: 
	- iceandfire:silver_ore
	- iceandfire:fire_dragon_roost
	- iceandfire:fire_dragon_cave
	- iceandfire:spawn_wandering_cyclops
[27Apr2026 18:55:34.643] [Server thread/DEBUG] [com.github.alexthe666.iceandfire.IceAndFire/]: Added the following features to the biome [terralith:red_oasis]: 
	- iceandfire:fire_lily
	- iceandfire:silver_ore
	- iceandfire:fire_dragon_roost
	- iceandfire:fire_dragon_cave
[27Apr2026 18:55:34.644] [Server thread/DEBUG] [com.github.alexthe666.iceandfire.IceAndFire/]: Added the following features to the biome [minecraft:river]: 
	- iceandfire:silver_ore
[27Apr2026 18:55:34.644] [Server thread/DEBUG] [com.github.alexthe666.iceandfire.IceAndFire/]: Added the following features to the biome [terralith:rocky_jungle]: 
	- iceandfire:fire_lily
	- iceandfire:silver_ore
	- iceandfire:lightning_dragon_roost
	- iceandfire:lightning_dragon_cave
	- iceandfire:myrmex_hive_jungle
[27Apr2026 18:55:34.645] [Server thread/DEBUG] [com.github.alexthe666.iceandfire.IceAndFire/]: Added the following features to the biome [terralith:rocky_mountains]: 
	- iceandfire:frost_lily
	- iceandfire:silver_ore
	- iceandfire:sapphire_ore
	- iceandfire:ice_dragon_roost
	- iceandfire:ice_dragon_cave
	- iceandfire:spawn_dragon_skeleton_ice
[27Apr2026 18:55:34.646] [Server thread/DEBUG] [com.github.alexthe666.iceandfire.IceAndFire/]: Added the following features to the biome [terralith:rocky_shrubland]: 
	- iceandfire:frost_lily
	- iceandfire:silver_ore
	- iceandfire:sapphire_ore
	- iceandfire:ice_dragon_roost
	- iceandfire:ice_dragon_cave
	- iceandfire:spawn_wandering_cyclops
	- iceandfire:spawn_dragon_skeleton_ice
[27Apr2026 18:55:34.647] [Server thread/DEBUG] [com.github.alexthe666.iceandfire.IceAndFire/]: Added the following features to the biome [terralith:sakura_grove]: 
	- iceandfire:silver_ore
[27Apr2026 18:55:34.647] [Server thread/DEBUG] [com.github.alexthe666.iceandfire.IceAndFire/]: Added the following features to the biome [terralith:sakura_valley]: 
	- iceandfire:silver_ore
[27Apr2026 18:55:34.648] [Server thread/DEBUG] [com.github.alexthe666.iceandfire.IceAndFire/]: Added the following features to the biome [terralith:sandstone_valley]: 
	- iceandfire:fire_lily
	- iceandfire:silver_ore
	- iceandfire:fire_dragon_roost
	- iceandfire:fire_dragon_cave
	- iceandfire:myrmex_hive_desert
	- iceandfire:spawn_death_worm
	- iceandfire:spawn_dragon_skeleton_fire
[27Apr2026 18:55:34.648] [Server thread/DEBUG] [com.github.alexthe666.iceandfire.IceAndFire/]: Added the following features to the biome [minecraft:savanna]: 
	- iceandfire:fire_lily
	- iceandfire:lightning_lily
	- iceandfire:silver_ore
	- iceandfire:lightning_dragon_roost
	- iceandfire:lightning_dragon_cave
	- iceandfire:spawn_dragon_skeleton_lightning
[27Apr2026 18:55:34.649] [Server thread/DEBUG] [com.github.alexthe666.iceandfire.IceAndFire/]: Added the following features to the biome [terralith:savanna_badlands]: 
	- iceandfire:fire_lily
	- iceandfire:lightning_lily
	- iceandfire:silver_ore
	- iceandfire:lightning_dragon_roost
	- iceandfire:lightning_dragon_cave
	- iceandfire:spawn_dragon_skeleton_lightning
[27Apr2026 18:55:34.650] [Server thread/DEBUG] [com.github.alexthe666.iceandfire.IceAndFire/]: Added the following features to the biome [minecraft:savanna_plateau]: 
	- iceandfire:fire_lily
	- iceandfire:lightning_lily
	- iceandfire:silver_ore
	- iceandfire:lightning_dragon_roost
	- iceandfire:lightning_dragon_cave
	- iceandfire:spawn_dragon_skeleton_lightning
[27Apr2026 18:55:34.651] [Server thread/DEBUG] [com.github.alexthe666.iceandfire.IceAndFire/]: Added the following features to the biome [terralith:savanna_slopes]: 
	- iceandfire:fire_lily
	- iceandfire:lightning_lily
	- iceandfire:silver_ore
	- iceandfire:lightning_dragon_roost
	- iceandfire:lightning_dragon_cave
	- iceandfire:spawn_dragon_skeleton_lightning
[27Apr2026 18:55:34.651] [Server thread/DEBUG] [com.github.alexthe666.iceandfire.IceAndFire/]: Added the following features to the biome [terralith:scarlet_mountains]: 
	- iceandfire:silver_ore
	- iceandfire:ice_dragon_roost
	- iceandfire:ice_dragon_cave
[27Apr2026 18:55:34.652] [Server thread/DEBUG] [com.github.alexthe666.iceandfire.IceAndFire/]: Added the following features to the biome [terralith:shield]: 
	- iceandfire:silver_ore
	- iceandfire:ice_dragon_roost
	- iceandfire:ice_dragon_cave
[27Apr2026 18:55:34.653] [Server thread/DEBUG] [com.github.alexthe666.iceandfire.IceAndFire/]: Added the following features to the biome [terralith:shield_clearing]: 
	- iceandfire:silver_ore
[27Apr2026 18:55:34.654] [Server thread/DEBUG] [com.github.alexthe666.iceandfire.IceAndFire/]: Added the following features to the biome [terralith:shrubland]: 
	- iceandfire:fire_lily
	- iceandfire:silver_ore
	- iceandfire:fire_dragon_roost
	- iceandfire:fire_dragon_cave
[27Apr2026 18:55:34.654] [Server thread/DEBUG] [com.github.alexthe666.iceandfire.IceAndFire/]: Added the following features to the biome [terralith:siberian_grove]: 
	- iceandfire:frost_lily
	- iceandfire:silver_ore
	- iceandfire:sapphire_ore
	- iceandfire:ice_dragon_roost
	- iceandfire:ice_dragon_cave
	- iceandfire:spawn_dragon_skeleton_ice
[27Apr2026 18:55:34.655] [Server thread/DEBUG] [com.github.alexthe666.iceandfire.IceAndFire/]: Added the following features to the biome [terralith:siberian_taiga]: 
	- iceandfire:silver_ore
	- iceandfire:ice_dragon_roost
	- iceandfire:ice_dragon_cave
	- iceandfire:pixie_village
[27Apr2026 18:55:34.656] [Server thread/DEBUG] [com.github.alexthe666.iceandfire.IceAndFire/]: Added the following features to the biome [terralith:skylands]: 
	- iceandfire:silver_ore
	- iceandfire:pixie_village
[27Apr2026 18:55:34.656] [Server thread/DEBUG] [com.github.alexthe666.iceandfire.IceAndFire/]: Added the following features to the biome [terralith:skylands_autumn]: 
	- iceandfire:silver_ore
[27Apr2026 18:55:34.657] [Server thread/DEBUG] [com.github.alexthe666.iceandfire.IceAndFire/]: Added the following features to the biome [terralith:skylands_spring]: 
	- iceandfire:silver_ore
[27Apr2026 18:55:34.657] [Server thread/DEBUG] [com.github.alexthe666.iceandfire.IceAndFire/]: Added the following features to the biome [terralith:skylands_summer]: 
	- iceandfire:fire_lily
	- iceandfire:silver_ore
	- iceandfire:fire_dragon_roost
	- iceandfire:fire_dragon_cave
[27Apr2026 18:55:34.658] [Server thread/DEBUG] [com.github.alexthe666.iceandfire.IceAndFire/]: Added the following features to the biome [terralith:skylands_winter]: 
	- iceandfire:frost_lily
	- iceandfire:silver_ore
	- iceandfire:sapphire_ore
	- iceandfire:ice_dragon_roost
	- iceandfire:ice_dragon_cave
	- iceandfire:spawn_dragon_skeleton_ice
[27Apr2026 18:55:34.659] [Server thread/DEBUG] [com.github.alexthe666.iceandfire.IceAndFire/]: Added the following features to the biome [terralith:snowy_badlands]: 
	- iceandfire:frost_lily
	- iceandfire:silver_ore
	- iceandfire:sapphire_ore
	- iceandfire:ice_dragon_roost
	- iceandfire:ice_dragon_cave
	- iceandfire:spawn_dragon_skeleton_ice
[27Apr2026 18:55:34.660] [Server thread/DEBUG] [com.github.alexthe666.iceandfire.IceAndFire/]: Added the following features to the biome [minecraft:snowy_beach]: 
	- iceandfire:frost_lily
	- iceandfire:silver_ore
	- iceandfire:sapphire_ore
	- iceandfire:ice_dragon_roost
	- iceandfire:ice_dragon_cave
	- iceandfire:cyclops_cave
	- iceandfire:spawn_dragon_skeleton_ice
[27Apr2026 18:55:34.660] [Server thread/DEBUG] [com.github.alexthe666.iceandfire.IceAndFire/]: Added the following features to the biome [terralith:snowy_cherry_grove]: 
	- iceandfire:frost_lily
	- iceandfire:silver_ore
	- iceandfire:sapphire_ore
	- iceandfire:ice_dragon_roost
	- iceandfire:ice_dragon_cave
	- iceandfire:spawn_dragon_skeleton_ice
[27Apr2026 18:55:34.662] [Server thread/DEBUG] [com.github.alexthe666.iceandfire.IceAndFire/]: Added the following features to the biome [terralith:snowy_maple_forest]: 
	- iceandfire:frost_lily
	- iceandfire:silver_ore
	- iceandfire:sapphire_ore
	- iceandfire:ice_dragon_roost
	- iceandfire:ice_dragon_cave
	- iceandfire:spawn_dragon_skeleton_ice
[27Apr2026 18:55:34.662] [Server thread/DEBUG] [com.github.alexthe666.iceandfire.IceAndFire/]: Added the following features to the biome [minecraft:snowy_plains]: 
	- iceandfire:frost_lily
	- iceandfire:silver_ore
	- iceandfire:sapphire_ore
	- iceandfire:ice_dragon_roost
	- iceandfire:ice_dragon_cave
	- iceandfire:spawn_wandering_cyclops
	- iceandfire:spawn_dragon_skeleton_ice
[27Apr2026 18:55:34.663] [Server thread/DEBUG] [com.github.alexthe666.iceandfire.IceAndFire/]: Added the following features to the biome [terralith:snowy_shield]: 
	- iceandfire:frost_lily
	- iceandfire:silver_ore
	- iceandfire:sapphire_ore
	- iceandfire:ice_dragon_roost
	- iceandfire:ice_dragon_cave
	- iceandfire:spawn_dragon_skeleton_ice
[27Apr2026 18:55:34.664] [Server thread/DEBUG] [com.github.alexthe666.iceandfire.IceAndFire/]: Added the following features to the biome [minecraft:snowy_slopes]: 
	- iceandfire:frost_lily
	- iceandfire:silver_ore
	- iceandfire:sapphire_ore
	- iceandfire:ice_dragon_roost
	- iceandfire:ice_dragon_cave
	- iceandfire:spawn_dragon_skeleton_ice
[27Apr2026 18:55:34.664] [Server thread/DEBUG] [com.github.alexthe666.iceandfire.IceAndFire/]: Added the following features to the biome [minecraft:snowy_taiga]: 
	- iceandfire:frost_lily
	- iceandfire:silver_ore
	- iceandfire:sapphire_ore
	- iceandfire:ice_dragon_roost
	- iceandfire:ice_dragon_cave
	- iceandfire:spawn_dragon_skeleton_ice
[27Apr2026 18:55:34.666] [Server thread/DEBUG] [com.github.alexthe666.iceandfire.IceAndFire/]: Added the following features to the biome [minecraft:sparse_jungle]: 
	- iceandfire:fire_lily
	- iceandfire:silver_ore
	- iceandfire:lightning_dragon_roost
	- iceandfire:lightning_dragon_cave
	- iceandfire:myrmex_hive_jungle
[27Apr2026 18:55:34.667] [Server thread/DEBUG] [com.github.alexthe666.iceandfire.IceAndFire/]: Added the following features to the biome [terralith:steppe]: 
	- iceandfire:silver_ore
	- iceandfire:fire_dragon_roost
	- iceandfire:fire_dragon_cave
	- iceandfire:spawn_wandering_cyclops
[27Apr2026 18:55:34.667] [Server thread/DEBUG] [com.github.alexthe666.iceandfire.IceAndFire/]: Added the following features to the biome [minecraft:stony_peaks]: 
	- iceandfire:fire_lily
	- iceandfire:silver_ore
	- iceandfire:fire_dragon_roost
	- iceandfire:fire_dragon_cave
[27Apr2026 18:55:34.667] [Server thread/DEBUG] [com.github.alexthe666.iceandfire.IceAndFire/]: Added the following features to the biome [minecraft:stony_shore]: 
	- iceandfire:silver_ore
[27Apr2026 18:55:34.668] [Server thread/DEBUG] [com.github.alexthe666.iceandfire.IceAndFire/]: Added the following features to the biome [terralith:stony_spires]: 
	- iceandfire:silver_ore
[27Apr2026 18:55:34.669] [Server thread/DEBUG] [com.github.alexthe666.iceandfire.IceAndFire/]: Added the following features to the biome [minecraft:sunflower_plains]: 
	- iceandfire:silver_ore
	- iceandfire:fire_dragon_roost
	- iceandfire:fire_dragon_cave
	- iceandfire:spawn_wandering_cyclops
[27Apr2026 18:55:34.669] [Server thread/DEBUG] [com.github.alexthe666.iceandfire.IceAndFire/]: Added the following features to the biome [minecraft:swamp]: 
	- iceandfire:silver_ore
	- iceandfire:hydra_cave
	- iceandfire:spawn_stymphalian_bird
[27Apr2026 18:55:34.670] [Server thread/DEBUG] [com.github.alexthe666.iceandfire.IceAndFire/]: Added the following features to the biome [minecraft:taiga]: 
	- iceandfire:silver_ore
	- iceandfire:ice_dragon_roost
	- iceandfire:ice_dragon_cave
[27Apr2026 18:55:34.671] [Server thread/DEBUG] [com.github.alexthe666.iceandfire.IceAndFire/]: Added the following features to the biome [terralith:temperate_highlands]: 
	- iceandfire:silver_ore
[27Apr2026 18:55:34.673] [Server thread/DEBUG] [com.github.alexthe666.iceandfire.IceAndFire/]: Added the following features to the biome [terralith:tropical_jungle]: 
	- iceandfire:fire_lily
	- iceandfire:silver_ore
	- iceandfire:lightning_dragon_roost
	- iceandfire:lightning_dragon_cave
	- iceandfire:myrmex_hive_jungle
[27Apr2026 18:55:34.674] [Server thread/DEBUG] [com.github.alexthe666.iceandfire.IceAndFire/]: Added the following features to the biome [terralith:valley_clearing]: 
	- iceandfire:silver_ore
[27Apr2026 18:55:34.674] [Server thread/DEBUG] [com.github.alexthe666.iceandfire.IceAndFire/]: Added the following features to the biome [terralith:volcanic_crater]: 
	- iceandfire:fire_lily
	- iceandfire:silver_ore
	- iceandfire:fire_dragon_roost
	- iceandfire:fire_dragon_cave
[27Apr2026 18:55:34.675] [Server thread/DEBUG] [com.github.alexthe666.iceandfire.IceAndFire/]: Added the following features to the biome [terralith:volcanic_peaks]: 
	- iceandfire:fire_lily
	- iceandfire:silver_ore
	- iceandfire:fire_dragon_roost
	- iceandfire:fire_dragon_cave
[27Apr2026 18:55:34.675] [Server thread/DEBUG] [com.github.alexthe666.iceandfire.IceAndFire/]: Added the following features to the biome [minecraft:warm_ocean]: 
	- iceandfire:fire_lily
	- iceandfire:silver_ore
	- iceandfire:fire_dragon_roost
	- iceandfire:fire_dragon_cave
	- iceandfire:siren_island
	- iceandfire:spawn_hippocampus
	- iceandfire:spawn_sea_serpent
[27Apr2026 18:55:34.676] [Server thread/DEBUG] [com.github.alexthe666.iceandfire.IceAndFire/]: Added the following features to the biome [terralith:warm_river]: 
	- iceandfire:fire_lily
	- iceandfire:silver_ore
	- iceandfire:fire_dragon_roost
	- iceandfire:fire_dragon_cave
[27Apr2026 18:55:34.677] [Server thread/DEBUG] [com.github.alexthe666.iceandfire.IceAndFire/]: Added the following features to the biome [terralith:warped_mesa]: 
	- iceandfire:fire_lily
	- iceandfire:silver_ore
	- iceandfire:fire_dragon_roost
	- iceandfire:fire_dragon_cave
[27Apr2026 18:55:34.678] [Server thread/DEBUG] [com.github.alexthe666.iceandfire.IceAndFire/]: Added the following features to the biome [terralith:white_cliffs]: 
	- iceandfire:silver_ore
[27Apr2026 18:55:34.678] [Server thread/DEBUG] [com.github.alexthe666.iceandfire.IceAndFire/]: Added the following features to the biome [terralith:white_mesa]: 
	- iceandfire:fire_lily
	- iceandfire:silver_ore
	- iceandfire:fire_dragon_roost
	- iceandfire:fire_dragon_cave
[27Apr2026 18:55:34.679] [Server thread/DEBUG] [com.github.alexthe666.iceandfire.IceAndFire/]: Added the following features to the biome [minecraft:windswept_forest]: 
	- iceandfire:silver_ore
[27Apr2026 18:55:34.679] [Server thread/DEBUG] [com.github.alexthe666.iceandfire.IceAndFire/]: Added the following features to the biome [minecraft:windswept_gravelly_hills]: 
	- iceandfire:silver_ore
[27Apr2026 18:55:34.680] [Server thread/DEBUG] [com.github.alexthe666.iceandfire.IceAndFire/]: Added the following features to the biome [minecraft:windswept_hills]: 
	- iceandfire:silver_ore
[27Apr2026 18:55:34.681] [Server thread/DEBUG] [com.github.alexthe666.iceandfire.IceAndFire/]: Added the following features to the biome [minecraft:windswept_savanna]: 
	- iceandfire:fire_lily
	- iceandfire:lightning_lily
	- iceandfire:silver_ore
	- iceandfire:lightning_dragon_roost
	- iceandfire:lightning_dragon_cave
	- iceandfire:spawn_dragon_skeleton_lightning
[27Apr2026 18:55:34.681] [Server thread/DEBUG] [com.github.alexthe666.iceandfire.IceAndFire/]: Added the following features to the biome [terralith:windswept_spires]: 
	- iceandfire:silver_ore
[27Apr2026 18:55:34.682] [Server thread/DEBUG] [com.github.alexthe666.iceandfire.IceAndFire/]: Added the following features to the biome [terralith:wintry_forest]: 
	- iceandfire:frost_lily
	- iceandfire:silver_ore
	- iceandfire:sapphire_ore
	- iceandfire:ice_dragon_roost
	- iceandfire:ice_dragon_cave
	- iceandfire:spawn_dragon_skeleton_ice
[27Apr2026 18:55:34.683] [Server thread/DEBUG] [com.github.alexthe666.iceandfire.IceAndFire/]: Added the following features to the biome [terralith:wintry_lowlands]: 
	- iceandfire:frost_lily
	- iceandfire:silver_ore
	- iceandfire:sapphire_ore
	- iceandfire:ice_dragon_roost
	- iceandfire:ice_dragon_cave
	- iceandfire:spawn_dragon_skeleton_ice
[27Apr2026 18:55:34.684] [Server thread/DEBUG] [com.github.alexthe666.iceandfire.IceAndFire/]: Added the following features to the biome [minecraft:wooded_badlands]: 
	- iceandfire:silver_ore
	- iceandfire:lightning_dragon_roost
	- iceandfire:lightning_dragon_cave
[27Apr2026 18:55:34.684] [Server thread/DEBUG] [com.github.alexthe666.iceandfire.IceAndFire/]: Added the following features to the biome [terralith:yellowstone]: 
	- iceandfire:silver_ore
	- iceandfire:ice_dragon_roost
	- iceandfire:ice_dragon_cave
[27Apr2026 18:55:34.685] [Server thread/DEBUG] [com.github.alexthe666.iceandfire.IceAndFire/]: Added the following features to the biome [terralith:yosemite_cliffs]: 
	- iceandfire:silver_ore
[27Apr2026 18:55:34.685] [Server thread/DEBUG] [com.github.alexthe666.iceandfire.IceAndFire/]: Added the following features to the biome [terralith:yosemite_lowlands]: 
	- iceandfire:silver_ore
[27Apr2026 18:55:34.741] [Server thread/DEBUG] [SpectreLib/CONFIG]: Loading server configs from ./world/serverconfig on server
[27Apr2026 18:55:34.742] [Server thread/DEBUG] [SpectreLib/CONFIG]: Built TOML config for /workspaces/Explorecraft/servidor_minecraft/config/charmofundying-server.toml
[27Apr2026 18:55:34.742] [Server thread/DEBUG] [SpectreLib/CONFIG]: Loaded TOML config file /workspaces/Explorecraft/servidor_minecraft/config/charmofundying-server.toml
[27Apr2026 18:55:34.748] [Server thread/INFO] [Framework/]: Loading server configs...
[27Apr2026 18:55:34.752] [Server thread/DEBUG] [Framework/]: Started watching config: /workspaces/Explorecraft/servidor_minecraft/config/refurbished_furniture.server.toml
[27Apr2026 18:55:34.761] [Server thread/INFO] [net.minecraft.server.dedicated.DedicatedServer/]: Preparing level "world"
[27Apr2026 18:55:34.772] [Server thread/DEBUG] [net.minecraftforge.coremod.transformer.CoreModBaseTransformer/COREMOD]: Transforming net/minecraft/world/level/levelgen/PhantomSpawner
[27Apr2026 18:55:34.782] [Server thread/DEBUG] [net.minecraftforge.coremod.transformer.CoreModBaseTransformer/COREMOD]: Transforming net/minecraft/world/level/levelgen/PatrolSpawner
[27Apr2026 18:55:34.791] [Server thread/DEBUG] [net.minecraftforge.coremod.transformer.CoreModBaseTransformer/COREMOD]: Transforming net/minecraft/world/entity/npc/CatSpawner
[27Apr2026 18:55:34.799] [Server thread/DEBUG] [net.minecraftforge.coremod.transformer.CoreModBaseTransformer/COREMOD]: Transforming net/minecraft/world/entity/ai/village/VillageSiege
[27Apr2026 18:55:34.812] [Server thread/DEBUG] [mixin/]: Mixing WanderingTraderManagerMixin from vinery-common.mixins.json into net.minecraft.world.entity.npc.WanderingTraderSpawner
[27Apr2026 18:55:34.813] [Server thread/DEBUG] [mixin/]: Renaming synthetic method lambda$trySpawn$1(Lnet/minecraft/core/BlockPos;)Z to md43348d$lambda$trySpawn$1$0 in vinery-common.mixins.json:WanderingTraderManagerMixin
[27Apr2026 18:55:34.813] [Server thread/DEBUG] [mixin/]: Renaming synthetic method lambda$trySpawn$0(Lnet/minecraft/core/Holder;)Z to md43348d$lambda$trySpawn$0$1 in vinery-common.mixins.json:WanderingTraderManagerMixin
[27Apr2026 18:55:34.825] [Server thread/DEBUG] [mixin/]: Mixing ChunkLoadDebug from cupboard.mixins.json into net.minecraft.server.level.ServerChunkCache
[27Apr2026 18:55:34.826] [Server thread/DEBUG] [mixin/]: Mixing alloc.chunk_ticking.ServerChunkManagerMixin from lithium.mixins.json into net.minecraft.server.level.ServerChunkCache
[27Apr2026 18:55:34.826] [Server thread/DEBUG] [mixin/]: lithium.mixins.json:alloc.chunk_ticking.ServerChunkManagerMixin: Class version 61 required is higher than the class version supported by the current version of Mixin (JAVA_16 supports class version 60)
[27Apr2026 18:55:34.827] [Server thread/DEBUG] [mixin/]: Mixing world.chunk_access.ServerChunkManagerMixin from lithium.mixins.json into net.minecraft.server.level.ServerChunkCache
[27Apr2026 18:55:34.827] [Server thread/DEBUG] [mixin/]: lithium.mixins.json:world.chunk_access.ServerChunkManagerMixin: Class version 61 required is higher than the class version supported by the current version of Mixin (JAVA_16 supports class version 60)
[27Apr2026 18:55:34.827] [Server thread/DEBUG] [mixin/]: Renaming synthetic method lambda$getChunkOffThread$0(IILnet/minecraft/world/level/chunk/ChunkStatus;Z)Lnet/minecraft/world/level/chunk/ChunkAccess; to md43348d$lambda$getChunkOffThread$0$0 in lithium.mixins.json:world.chunk_access.ServerChunkManagerMixin
[27Apr2026 18:55:34.832] [Server thread/DEBUG] [mixin/]: Mixing ServerChunkManagerMixin from immersive_melodies.mixin.json into net.minecraft.server.level.ServerChunkCache
[27Apr2026 18:55:34.970] [Server thread/DEBUG] [mixin/]: Mixing collections.entity_ticking.EntityListMixin from lithium.mixins.json into net.minecraft.world.level.entity.EntityTickList
[27Apr2026 18:55:34.971] [Server thread/DEBUG] [mixin/]: lithium.mixins.json:collections.entity_ticking.EntityListMixin: Class version 61 required is higher than the class version supported by the current version of Mixin (JAVA_16 supports class version 60)
[27Apr2026 18:55:34.990] [Server thread/DEBUG] [mixin/]: Mixing world.tick_scheduler.ChunkTickSchedulerMixin from lithium.mixins.json into net.minecraft.world.ticks.LevelChunkTicks
[27Apr2026 18:55:34.991] [Server thread/DEBUG] [mixin/]: lithium.mixins.json:world.tick_scheduler.ChunkTickSchedulerMixin: Class version 61 required is higher than the class version supported by the current version of Mixin (JAVA_16 supports class version 60)
[27Apr2026 18:55:34.991] [Server thread/DEBUG] [mixin/]: Renaming synthetic method lambda$queueTick$0(J)Lme/jellysquid/mods/lithium/common/world/scheduler/OrderedTickQueue; to md43348d$lambda$queueTick$0$0 in lithium.mixins.json:world.tick_scheduler.ChunkTickSchedulerMixin
[27Apr2026 18:55:35.040] [Server thread/DEBUG] [mixin/]: Mixing chunk.entity_class_groups.ServerEntityManagerAccessor from lithium.mixins.json into net.minecraft.world.level.entity.PersistentEntitySectionManager
[27Apr2026 18:55:35.040] [Server thread/DEBUG] [mixin/]: lithium.mixins.json:chunk.entity_class_groups.ServerEntityManagerAccessor: Class version 61 required is higher than the class version supported by the current version of Mixin (JAVA_16 supports class version 60)
[27Apr2026 18:55:35.040] [Server thread/DEBUG] [mixin/]: Mixing util.entity_movement_tracking.ServerEntityManagerAccessor from lithium.mixins.json into net.minecraft.world.level.entity.PersistentEntitySectionManager
[27Apr2026 18:55:35.040] [Server thread/DEBUG] [mixin/]: lithium.mixins.json:util.entity_movement_tracking.ServerEntityManagerAccessor: Class version 61 required is higher than the class version supported by the current version of Mixin (JAVA_16 supports class version 60)
[27Apr2026 18:55:35.040] [Server thread/DEBUG] [mixin/]: Unexpected: Registered method getCache()Lnet/minecraft/world/level/entity/EntitySectionStorage; in net.minecraft.world.level.entity.PersistentEntitySectionManager was not merged
[27Apr2026 18:55:35.044] [Server thread/DEBUG] [mixin/]: Mixing entity.inactive_navigations.ServerEntityHandlerMixin from lithium.mixins.json into net.minecraft.server.level.ServerLevel$EntityCallbacks
[27Apr2026 18:55:35.045] [Server thread/DEBUG] [mixin/]: lithium.mixins.json:entity.inactive_navigations.ServerEntityHandlerMixin: Class version 61 required is higher than the class version supported by the current version of Mixin (JAVA_16 supports class version 60)
[27Apr2026 18:55:35.051] [Server thread/DEBUG] [mixin/]: Mixing entity.fast_retrieval.SectionedEntityCacheMixin from lithium.mixins.json into net.minecraft.world.level.entity.EntitySectionStorage
[27Apr2026 18:55:35.051] [Server thread/DEBUG] [mixin/]: lithium.mixins.json:entity.fast_retrieval.SectionedEntityCacheMixin: Class version 61 required is higher than the class version supported by the current version of Mixin (JAVA_16 supports class version 60)
[27Apr2026 18:55:35.053] [Server thread/DEBUG] [mixin/]: Mixing util.entity_movement_tracking.SectionedEntityCacheMixin from lithium.mixins.json into net.minecraft.world.level.entity.EntitySectionStorage
[27Apr2026 18:55:35.053] [Server thread/DEBUG] [mixin/]: lithium.mixins.json:util.entity_movement_tracking.SectionedEntityCacheMixin: Class version 61 required is higher than the class version supported by the current version of Mixin (JAVA_16 supports class version 60)
[27Apr2026 18:55:35.057] [Server thread/DEBUG] [mixin/]: Mixing util.entity_section_position.SectionedEntityCacheMixin from lithium.mixins.json into net.minecraft.world.level.entity.EntitySectionStorage
[27Apr2026 18:55:35.057] [Server thread/DEBUG] [mixin/]: lithium.mixins.json:util.entity_section_position.SectionedEntityCacheMixin: Class version 61 required is higher than the class version supported by the current version of Mixin (JAVA_16 supports class version 60)
[27Apr2026 18:55:35.071] [Server thread/DEBUG] [mixin/]: Mixing world.player_chunk_tick.ThreadedAnvilChunkStorageMixin from lithium.mixins.json into net.minecraft.server.level.ChunkMap
[27Apr2026 18:55:35.072] [Server thread/DEBUG] [mixin/]: lithium.mixins.json:world.player_chunk_tick.ThreadedAnvilChunkStorageMixin: Class version 61 required is higher than the class version supported by the current version of Mixin (JAVA_16 supports class version 60)
[27Apr2026 18:55:35.620] [Server thread/DEBUG] [mixin/]: Mixing chunk.no_validation.PackedIntegerArrayMixin from lithium.mixins.json into net.minecraft.util.SimpleBitStorage
[27Apr2026 18:55:35.620] [Server thread/DEBUG] [mixin/]: lithium.mixins.json:chunk.no_validation.PackedIntegerArrayMixin: Class version 61 required is higher than the class version supported by the current version of Mixin (JAVA_16 supports class version 60)
[27Apr2026 18:55:35.620] [Server thread/DEBUG] [mixin/]: Mixing chunk.serialization.PackedIntegerArrayMixin from lithium.mixins.json into net.minecraft.util.SimpleBitStorage
[27Apr2026 18:55:35.620] [Server thread/DEBUG] [mixin/]: lithium.mixins.json:chunk.serialization.PackedIntegerArrayMixin: Class version 61 required is higher than the class version supported by the current version of Mixin (JAVA_16 supports class version 60)
[27Apr2026 18:55:35.639] [Server thread/DEBUG] [mixin/]: Mixing ai.poi.PointOfInterestStorageMixin from lithium.mixins.json into net.minecraft.world.entity.ai.village.poi.PoiManager
[27Apr2026 18:55:35.639] [Server thread/DEBUG] [mixin/]: lithium.mixins.json:ai.poi.PointOfInterestStorageMixin: Class version 61 required is higher than the class version supported by the current version of Mixin (JAVA_16 supports class version 60)
[27Apr2026 18:55:35.640] [Server thread/DEBUG] [mixin/]: Renaming synthetic method lambda$withinSphereChunkSectionSorted$6(Lnet/minecraft/core/BlockPos;DLjava/util/ArrayList;Lnet/minecraft/world/entity/ai/village/poi/PoiRecord;)V to md43348d$lambda$withinSphereChunkSectionSorted$6$0 in lithium.mixins.json:ai.poi.PointOfInterestStorageMixin
[27Apr2026 18:55:35.640] [Server thread/DEBUG] [mixin/]: Renaming synthetic method lambda$withinSphereChunkSectionSortedStream$5(Ljava/util/function/Predicate;Lnet/minecraft/world/entity/ai/village/poi/PoiManager$Occupancy;Lnet/minecraft/core/BlockPos;DLjava/util/stream/Stream;)Ljava/util/stream/Stream; to md43348d$lambda$withinSphereChunkSectionSortedStream$5$1 in lithium.mixins.json:ai.poi.PointOfInterestStorageMixin
[27Apr2026 18:55:35.640] [Server thread/DEBUG] [mixin/]: Renaming synthetic method lambda$withinSphereChunkSectionSortedStream$4(Ljava/util/function/Predicate;Lnet/minecraft/world/entity/ai/village/poi/PoiManager$Occupancy;Lnet/minecraft/core/BlockPos;DLnet/minecraft/world/entity/ai/village/poi/PoiSection;)Ljava/util/stream/Stream; to md43348d$lambda$withinSphereChunkSectionSortedStream$4$2 in lithium.mixins.json:ai.poi.PointOfInterestStorageMixin
[27Apr2026 18:55:35.640] [Server thread/DEBUG] [mixin/]: Renaming synthetic method lambda$withinSphereChunkSectionSortedStream$3(Lnet/minecraft/core/BlockPos;DLnet/minecraft/world/entity/ai/village/poi/PoiRecord;)Z to md43348d$lambda$withinSphereChunkSectionSortedStream$3$3 in lithium.mixins.json:ai.poi.PointOfInterestStorageMixin
[27Apr2026 18:55:35.640] [Server thread/DEBUG] [mixin/]: Renaming synthetic method lambda$findNearestForPortalLogic$2(Lnet/minecraft/world/level/border/WorldBorder;Ljava/util/function/Predicate;Lnet/minecraft/world/entity/ai/village/poi/PoiRecord;)Z to md43348d$lambda$findNearestForPortalLogic$2$4 in lithium.mixins.json:ai.poi.PointOfInterestStorageMixin
[27Apr2026 18:55:35.640] [Server thread/DEBUG] [mixin/]: Renaming synthetic method lambda$getNearestPosition$1(Ljava/util/function/Predicate;Lnet/minecraft/world/entity/ai/village/poi/PoiRecord;)Z to md43348d$lambda$getNearestPosition$1$5 in lithium.mixins.json:ai.poi.PointOfInterestStorageMixin
[27Apr2026 18:55:35.640] [Server thread/DEBUG] [mixin/]: Renaming synthetic method lambda$getInChunk$0(Ljava/util/function/Predicate;Lnet/minecraft/world/entity/ai/village/poi/PoiManager$Occupancy;Lnet/minecraft/world/entity/ai/village/poi/PoiSection;)Ljava/util/stream/Stream; to md43348d$lambda$getInChunk$0$6 in lithium.mixins.json:ai.poi.PointOfInterestStorageMixin
[27Apr2026 18:55:35.644] [Server thread/DEBUG] [mixin/]: Mixing ai.poi.fast_portals.PointOfInterestStorageMixin from lithium.mixins.json into net.minecraft.world.entity.ai.village.poi.PoiManager
[27Apr2026 18:55:35.644] [Server thread/DEBUG] [mixin/]: lithium.mixins.json:ai.poi.fast_portals.PointOfInterestStorageMixin: Class version 61 required is higher than the class version supported by the current version of Mixin (JAVA_16 supports class version 60)
[27Apr2026 18:55:35.656] [Server thread/DEBUG] [mixin/]: Mixing ai.poi.SerializingRegionBasedStorageMixin from lithium.mixins.json into net.minecraft.world.level.chunk.storage.SectionStorage
[27Apr2026 18:55:35.656] [Server thread/DEBUG] [mixin/]: lithium.mixins.json:ai.poi.SerializingRegionBasedStorageMixin: Class version 61 required is higher than the class version supported by the current version of Mixin (JAVA_16 supports class version 60)
[27Apr2026 18:55:35.658] [Server thread/DEBUG] [mixin/]: Renaming synthetic method lambda$getInChunkColumn$0(Ljava/util/BitSet;Lit/unimi/dsi/fastutil/longs/Long2ObjectMap;ILnet/minecraft/world/level/LevelHeightAccessor;I)Ljava/util/Iterator; to md43348d$lambda$getInChunkColumn$0$0 in lithium.mixins.json:ai.poi.SerializingRegionBasedStorageMixin
[27Apr2026 18:55:35.667] [Server thread/DEBUG] [mixin/]: Mixing ai.poi.PointOfInterestSetMixin from lithium.mixins.json into net.minecraft.world.entity.ai.village.poi.PoiSection
[27Apr2026 18:55:35.667] [Server thread/DEBUG] [mixin/]: lithium.mixins.json:ai.poi.PointOfInterestSetMixin: Class version 61 required is higher than the class version supported by the current version of Mixin (JAVA_16 supports class version 60)
[27Apr2026 18:55:35.668] [Server thread/DEBUG] [mixin/]: Renaming synthetic method lambda$computeIfAbsent$0(Ljava/lang/Object;)Ljava/lang/Object; to md43348d$lambda$computeIfAbsent$0$0 in lithium.mixins.json:ai.poi.PointOfInterestSetMixin
[27Apr2026 18:55:35.681] [Server thread/DEBUG] [mixin/]: Mixing ai.poi.fast_portals.PortalForcerMixin from lithium.mixins.json into net.minecraft.world.level.portal.PortalForcer
[27Apr2026 18:55:35.682] [Server thread/DEBUG] [mixin/]: lithium.mixins.json:ai.poi.fast_portals.PortalForcerMixin: Class version 61 required is higher than the class version supported by the current version of Mixin (JAVA_16 supports class version 60)
[27Apr2026 18:55:35.682] [Server thread/DEBUG] [mixin/]: Renaming synthetic method lambda$getPortalRect$2(Lnet/minecraft/world/entity/ai/village/poi/PoiRecord;)Lnet/minecraft/BlockUtil$FoundRectangle; to md43348d$lambda$getPortalRect$2$0 in lithium.mixins.json:ai.poi.fast_portals.PortalForcerMixin
[27Apr2026 18:55:35.682] [Server thread/DEBUG] [mixin/]: Renaming synthetic method lambda$getPortalRect$1(Lnet/minecraft/world/level/block/state/BlockState;Lnet/minecraft/core/BlockPos;)Z to md43348d$lambda$getPortalRect$1$1 in lithium.mixins.json:ai.poi.fast_portals.PortalForcerMixin
[27Apr2026 18:55:35.682] [Server thread/DEBUG] [mixin/]: Renaming synthetic method lambda$getPortalRect$0(Lnet/minecraft/world/entity/ai/village/poi/PoiRecord;)Z to md43348d$lambda$getPortalRect$0$2 in lithium.mixins.json:ai.poi.fast_portals.PortalForcerMixin
[27Apr2026 18:55:35.722] [Server thread/DEBUG] [mixin/]: Mixing accessor.StructureManagerAccessor from betterfortresses.mixins.json into net.minecraft.world.level.StructureManager
[27Apr2026 18:55:38.948] [Server thread/INFO] [net.minecraft.server.MinecraftServer/]: Preparing start region for dimension minecraft:overworld
[27Apr2026 18:55:38.954] [Server thread/DEBUG] [mixin/]: Mixing world.chunk_tickets.SortedArraySetMixin from lithium.mixins.json into net.minecraft.util.SortedArraySet
[27Apr2026 18:55:38.954] [Server thread/DEBUG] [mixin/]: lithium.mixins.json:world.chunk_tickets.SortedArraySetMixin: Class version 61 required is higher than the class version supported by the current version of Mixin (JAVA_16 supports class version 60)
[27Apr2026 18:55:38.968] [Server thread/DEBUG] [mixin/]: Mixing world.chunk_access.ChunkHolderMixin from lithium.mixins.json into net.minecraft.server.level.ChunkHolder
[27Apr2026 18:55:38.968] [Server thread/DEBUG] [mixin/]: lithium.mixins.json:world.chunk_access.ChunkHolderMixin: Class version 61 required is higher than the class version supported by the current version of Mixin (JAVA_16 supports class version 60)
[27Apr2026 18:55:40.449] [Server thread/DEBUG] [mixin/]: Mixing MixinChunkSerializer from architectury.mixins.json into net.minecraft.world.level.chunk.storage.ChunkSerializer
[27Apr2026 18:55:40.459] [Server thread/DEBUG] [mixin/]: Mixing chunk.palette.PalettedContainerMixin from lithium.mixins.json into net.minecraft.world.level.chunk.PalettedContainer$Strategy
[27Apr2026 18:55:40.459] [Server thread/DEBUG] [mixin/]: lithium.mixins.json:chunk.palette.PalettedContainerMixin: Class version 61 required is higher than the class version supported by the current version of Mixin (JAVA_16 supports class version 60)
[27Apr2026 18:55:40.463] [Server thread/DEBUG] [mixin/]: Generating mapped inner class net/minecraft/world/level/chunk/PalettedContainer$Strategy$Anonymous$63c984f6280e474ea4b0d6008b21e975 (originally me/jellysquid/mods/lithium/mixin/chunk/palette/PalettedContainerMixin$1)
[27Apr2026 18:55:40.470] [Server thread/DEBUG] [mixin/]: Generating mapped inner class net/minecraft/world/level/chunk/PalettedContainer$Strategy$Anonymous$599ad079389a4d379a5b0523256b6bc5 (originally me/jellysquid/mods/lithium/mixin/chunk/palette/PalettedContainerMixin$2)
[27Apr2026 18:55:40.476] [Server thread/DEBUG] [mixin/]: Mixing chunk.no_locking.PalettedContainerMixin from lithium.mixins.json into net.minecraft.world.level.chunk.PalettedContainer
[27Apr2026 18:55:40.477] [Server thread/DEBUG] [mixin/]: lithium.mixins.json:chunk.no_locking.PalettedContainerMixin: Class version 61 required is higher than the class version supported by the current version of Mixin (JAVA_16 supports class version 60)
[27Apr2026 18:55:40.478] [Server thread/DEBUG] [mixin/]: Mixing chunk.serialization.PalettedContainerMixin from lithium.mixins.json into net.minecraft.world.level.chunk.PalettedContainer
[27Apr2026 18:55:40.478] [Server thread/DEBUG] [mixin/]: lithium.mixins.json:chunk.serialization.PalettedContainerMixin: Class version 61 required is higher than the class version supported by the current version of Mixin (JAVA_16 supports class version 60)
[27Apr2026 18:55:40.478] [Server thread/DEBUG] [mixin/]: Renaming synthetic method lambda$count$2([SI)V to md43348d$lambda$count$2$0 in lithium.mixins.json:chunk.serialization.PalettedContainerMixin
[27Apr2026 18:55:40.478] [Server thread/DEBUG] [mixin/]: Renaming synthetic method lambda$static$1()[S to md43348d$lambda$static$1$1 in lithium.mixins.json:chunk.serialization.PalettedContainerMixin
[27Apr2026 18:55:40.479] [Server thread/DEBUG] [mixin/]: Renaming synthetic method lambda$static$0()[S to md43348d$lambda$static$0$2 in lithium.mixins.json:chunk.serialization.PalettedContainerMixin
[27Apr2026 18:55:40.501] [Server thread/DEBUG] [mixin/]: Mixing ThreadingDetectorMixin from cupboard.mixins.json into net.minecraft.util.ThreadingDetector
[27Apr2026 18:55:40.505] [Server thread/DEBUG] [mixin/]: Mixing chunk.no_validation.EmptyPaletteStorageMixin from lithium.mixins.json into net.minecraft.util.ZeroBitStorage
[27Apr2026 18:55:40.505] [Server thread/DEBUG] [mixin/]: lithium.mixins.json:chunk.no_validation.EmptyPaletteStorageMixin: Class version 61 required is higher than the class version supported by the current version of Mixin (JAVA_16 supports class version 60)
[27Apr2026 18:55:40.625] [Server thread/DEBUG] [mixin/]: Mixing accessor.BoundingBoxAccessor from yungsapi.mixins.json into net.minecraft.world.level.levelgen.structure.BoundingBox
[27Apr2026 18:55:41.181] [Server thread/DEBUG] [net.minecraftforge.coremod.transformer.CoreModBaseTransformer/COREMOD]: Transforming net/minecraft/world/level/levelgen/structure/templatesystem/StructureTemplate
[27Apr2026 18:55:41.216] [Server thread/DEBUG] [mixin/]: Mixing StructureTemplateMixin from blueprint.mixins.json into net.minecraft.world.level.levelgen.structure.templatesystem.StructureTemplate
[27Apr2026 18:55:41.216] [Server thread/DEBUG] [mixin/]: Mixing structures.StructureTemplateMixin from mns-common.mixins.json into net.minecraft.world.level.levelgen.structure.templatesystem.StructureTemplate
[27Apr2026 18:55:41.216] [Server thread/DEBUG] [mixin/]: Renaming synthetic method lambda$mns_preventAutoWaterlogging$0(Lnet/minecraft/world/level/levelgen/structure/templatesystem/StructureProcessor;)Z to md43348d$lambda$mns_preventAutoWaterlogging$0$0 in mns-common.mixins.json:structures.StructureTemplateMixin
[27Apr2026 18:55:41.218] [Server thread/DEBUG] [mixin/]: Mixing structures.TemplateAccessor from mns-common.mixins.json into net.minecraft.world.level.levelgen.structure.templatesystem.StructureTemplate
[27Apr2026 18:55:43.954] [Server thread/DEBUG] [mixin/]: Mixing world.block_entity_ticking.world_border.DirectBlockEntityTickInvokerMixin from lithium.mixins.json into net.minecraft.world.level.chunk.LevelChunk$BoundTickingBlockEntity
[27Apr2026 18:55:43.955] [Server thread/DEBUG] [mixin/]: lithium.mixins.json:world.block_entity_ticking.world_border.DirectBlockEntityTickInvokerMixin: Class version 61 required is higher than the class version supported by the current version of Mixin (JAVA_16 supports class version 60)
[27Apr2026 18:55:43.995] [Server thread/DEBUG] [mixin/]: Mixing chunk.entity_class_groups.EntityTrackingSectionAccessor from lithium.mixins.json into net.minecraft.world.level.entity.EntitySection
[27Apr2026 18:55:43.995] [Server thread/DEBUG] [mixin/]: lithium.mixins.json:chunk.entity_class_groups.EntityTrackingSectionAccessor: Class version 61 required is higher than the class version supported by the current version of Mixin (JAVA_16 supports class version 60)
[27Apr2026 18:55:43.995] [Server thread/DEBUG] [mixin/]: Mixing entity.collisions.unpushable_cramming.EntityTrackingSectionMixin from lithium.mixins.json into net.minecraft.world.level.entity.EntitySection
[27Apr2026 18:55:43.996] [Server thread/DEBUG] [mixin/]: lithium.mixins.json:entity.collisions.unpushable_cramming.EntityTrackingSectionMixin: Class version 61 required is higher than the class version supported by the current version of Mixin (JAVA_16 supports class version 60)
[27Apr2026 18:55:43.999] [Server thread/DEBUG] [mixin/]: Mixing util.entity_movement_tracking.EntityTrackingSectionMixin from lithium.mixins.json into net.minecraft.world.level.entity.EntitySection
[27Apr2026 18:55:44.000] [Server thread/DEBUG] [mixin/]: lithium.mixins.json:util.entity_movement_tracking.EntityTrackingSectionMixin: Class version 61 required is higher than the class version supported by the current version of Mixin (JAVA_16 supports class version 60)
[27Apr2026 18:55:44.003] [Server thread/DEBUG] [mixin/]: Mixing util.entity_section_position.EntityTrackingSectionMixin from lithium.mixins.json into net.minecraft.world.level.entity.EntitySection
[27Apr2026 18:55:44.004] [Server thread/DEBUG] [mixin/]: lithium.mixins.json:util.entity_section_position.EntityTrackingSectionMixin: Class version 61 required is higher than the class version supported by the current version of Mixin (JAVA_16 supports class version 60)
[27Apr2026 18:55:44.138] [Server thread/DEBUG] [mixin/]: Mixing CombatTrackerAccessor from playerrevive.mixins.json into net.minecraft.world.damagesource.CombatTracker
[27Apr2026 18:55:44.142] [Server thread/DEBUG] [mixin/]: Mixing collections.attributes.AttributeContainerMixin from lithium.mixins.json into net.minecraft.world.entity.ai.attributes.AttributeMap
[27Apr2026 18:55:44.142] [Server thread/DEBUG] [mixin/]: lithium.mixins.json:collections.attributes.AttributeContainerMixin: Class version 61 required is higher than the class version supported by the current version of Mixin (JAVA_16 supports class version 60)
[27Apr2026 18:55:44.146] [Server thread/DEBUG] [mixin/]: Mixing ai.task.launch.BrainMixin from lithium.mixins.json into net.minecraft.world.entity.ai.Brain
[27Apr2026 18:55:44.146] [Server thread/DEBUG] [mixin/]: lithium.mixins.json:ai.task.launch.BrainMixin: Class version 61 required is higher than the class version supported by the current version of Mixin (JAVA_16 supports class version 60)
[27Apr2026 18:55:44.149] [Server thread/DEBUG] [mixin/]: Mixing ai.task.memory_change_counting.BrainMixin from lithium.mixins.json into net.minecraft.world.entity.ai.Brain
[27Apr2026 18:55:44.149] [Server thread/DEBUG] [mixin/]: lithium.mixins.json:ai.task.memory_change_counting.BrainMixin: Class version 61 required is higher than the class version supported by the current version of Mixin (JAVA_16 supports class version 60)
[27Apr2026 18:55:44.150] [Server thread/DEBUG] [mixin/]: Mixing collections.brain.BrainMixin from lithium.mixins.json into net.minecraft.world.entity.ai.Brain
[27Apr2026 18:55:44.150] [Server thread/DEBUG] [mixin/]: lithium.mixins.json:collections.brain.BrainMixin: Class version 61 required is higher than the class version supported by the current version of Mixin (JAVA_16 supports class version 60)
[27Apr2026 18:55:44.185] [Server thread/DEBUG] [mixin/]: Mixing collections.goals.GoalSelectorMixin from lithium.mixins.json into net.minecraft.world.entity.ai.goal.GoalSelector
[27Apr2026 18:55:44.185] [Server thread/DEBUG] [mixin/]: lithium.mixins.json:collections.goals.GoalSelectorMixin: Class version 61 required is higher than the class version supported by the current version of Mixin (JAVA_16 supports class version 60)
[27Apr2026 18:55:44.222] [Server thread/DEBUG] [io.netty.buffer.AbstractByteBuf/]: -Dio.netty.buffer.checkAccessible: true
[27Apr2026 18:55:44.222] [Server thread/DEBUG] [io.netty.buffer.AbstractByteBuf/]: -Dio.netty.buffer.checkBounds: true
[27Apr2026 18:55:44.223] [Server thread/DEBUG] [io.netty.util.ResourceLeakDetectorFactory/]: Loaded default ResourceLeakDetector: io.netty.util.ResourceLeakDetector@583ccee7
[27Apr2026 18:55:44.226] [Server thread/INFO] [com.cupboard.Cupboard/]: Loaded config for: connectivity.json
[27Apr2026 18:55:44.977] [Server thread/INFO] [net.minecraft.server.level.progress.LoggerChunkProgressListener/]: Time elapsed: 696882 ms
[27Apr2026 18:55:44.978] [Server thread/INFO] [net.minecraft.server.dedicated.DedicatedServer/]: Done (10.550s)! For help, type "help"
[27Apr2026 18:55:44.992] [Server thread/DEBUG] [net.minecraftforge.network.DualStackUtils/]: Detected IPv6 address: "0:0:0:0:0:0:0:0"
[27Apr2026 18:55:45.044] [Server thread/DEBUG] [net.minecraftforge.common.ForgeI18n/CORE]: Loading I18N data entries: 10443
[27Apr2026 18:55:45.051] [Server thread/INFO] [net.minecraftforge.server.permission.PermissionAPI/]: Successfully initialized permission handler forge:default_handler
[27Apr2026 18:55:45.062] [Server thread/INFO] [com.github.alexthe666.iceandfire.IceAndFire/]: {iceandfire:fire_dragon_roost=true, iceandfire:fire_lily=true, iceandfire:spawn_dragon_skeleton_fire=true, iceandfire:lightning_dragon_roost=true, iceandfire:spawn_dragon_skeleton_lightning=true, iceandfire:ice_dragon_roost=true, iceandfire:ice_dragon_cave=true, iceandfire:lightning_dragon_cave=true, iceandfire:cyclops_cave=true, iceandfire:spawn_wandering_cyclops=true, iceandfire:spawn_sea_serpent=true, iceandfire:frost_lily=true, iceandfire:hydra_cave=true, iceandfire:lightning_lily=true, iceandfire:pixie_village=true, iceandfire:myrmex_hive_jungle=true, iceandfire:myrmex_hive_desert=true, iceandfire:silver_ore=true, iceandfire:siren_island=true, iceandfire:spawn_dragon_skeleton_ice=true, iceandfire:spawn_stymphalian_bird=true, iceandfire:fire_dragon_cave=true, iceandfire:sapphire_ore=true, iceandfire:spawn_hippocampus=true, iceandfire:spawn_death_worm=true}
[27Apr2026 18:55:45.063] [Server thread/INFO] [com.github.alexthe666.iceandfire.IceAndFire/]: {TROLL_S=true, HIPPOGRYPH=true, AMPHITHERE=true, COCKATRICE=true, TROLL_M=true, DREAD_LICH=true, TROLL_F=true}
[27Apr2026 18:55:45.063] [Server thread/INFO] [com.cupboard.Cupboard/]: Loaded config for: clickadv.json
[27Apr2026 18:55:45.066] [Server thread/WARN] [voicechat/]: [voicechat] Running in offline mode - Voice chat encryption is not secure!
[27Apr2026 18:55:45.072] [Server thread/DEBUG] [voicechat/]: [voicechat] Using default voicechat socket implementation
[27Apr2026 18:55:45.256] [VoiceChatServerThread/INFO] [voicechat/]: [voicechat] Voice host is 'records-velvet.gl.at.ply.gg'
[27Apr2026 18:55:45.257] [VoiceChatServerThread/INFO] [voicechat/]: [voicechat] Voice chat server started at port 15849
[27Apr2026 18:55:45.261] [Server thread/INFO] [patchouli/]: Sending reload packet to clients
[27Apr2026 18:55:45.443] [Server thread/DEBUG] [net.minecraftforge.coremod.transformer.CoreModBaseTransformer/COREMOD]: Transforming net/minecraft/world/level/NaturalSpawner
[27Apr2026 18:55:45.461] [Server thread/DEBUG] [mixin/]: Mixing item.wearable.NaturalSpawnerMixin from mixins.artifacts.common.json into net.minecraft.world.level.NaturalSpawner
[27Apr2026 18:55:45.461] [Server thread/DEBUG] [mixin/]: Renaming synthetic method lambda$spawnCategoryForPosition$0(Lnet/minecraft/world/entity/Mob;Lnet/minecraft/world/item/ItemStack;)V to md43348d$lambda$spawnCategoryForPosition$0$0 in mixins.artifacts.common.json:item.wearable.NaturalSpawnerMixin
[27Apr2026 18:55:45.502] [Server thread/DEBUG] [mixin/]: Mixing chunk.entity_class_groups.TypeFilterableListMixin from lithium.mixins.json into net.minecraft.util.ClassInstanceMultiMap
[27Apr2026 18:55:45.502] [Server thread/DEBUG] [mixin/]: lithium.mixins.json:chunk.entity_class_groups.TypeFilterableListMixin: Class version 61 required is higher than the class version supported by the current version of Mixin (JAVA_16 supports class version 60)
[27Apr2026 18:55:45.506] [Server thread/DEBUG] [mixin/]: Mixing collections.entity_by_type.TypeFilterableListMixin from lithium.mixins.json into net.minecraft.util.ClassInstanceMultiMap
[27Apr2026 18:55:45.507] [Server thread/DEBUG] [mixin/]: lithium.mixins.json:collections.entity_by_type.TypeFilterableListMixin: Class version 61 required is higher than the class version supported by the current version of Mixin (JAVA_16 supports class version 60)
[27Apr2026 18:55:45.507] [Server thread/DEBUG] [mixin/]: Mixing collections.entity_filtering.TypeFilterableListMixin from lithium.mixins.json into net.minecraft.util.ClassInstanceMultiMap
[27Apr2026 18:55:45.507] [Server thread/DEBUG] [mixin/]: lithium.mixins.json:collections.entity_filtering.TypeFilterableListMixin: Class version 61 required is higher than the class version supported by the current version of Mixin (JAVA_16 supports class version 60)
[27Apr2026 18:55:45.512] [Server thread/DEBUG] [mixin/]: Mixing util.entity_movement_tracking.ServerEntityManagerListenerMixin from lithium.mixins.json into net.minecraft.world.level.entity.PersistentEntitySectionManager$Callback
[27Apr2026 18:55:45.512] [Server thread/DEBUG] [mixin/]: lithium.mixins.json:util.entity_movement_tracking.ServerEntityManagerListenerMixin: Class version 61 required is higher than the class version supported by the current version of Mixin (JAVA_16 supports class version 60)
[27Apr2026 18:55:45.516] [Server thread/DEBUG] [mixin/]: Mixing alloc.entity_tracker.EntityTrackerMixin from lithium.mixins.json into net.minecraft.server.level.ChunkMap$TrackedEntity
[27Apr2026 18:55:45.516] [Server thread/DEBUG] [mixin/]: lithium.mixins.json:alloc.entity_tracker.EntityTrackerMixin: Class version 61 required is higher than the class version supported by the current version of Mixin (JAVA_16 supports class version 60)
[27Apr2026 18:55:45.518] [Server thread/DEBUG] [net.minecraftforge.coremod.transformer.CoreModBaseTransformer/COREMOD]: Transforming m_8543_ with desc ()V
[27Apr2026 18:55:45.519] [Server thread/DEBUG] [mixin/]: Mixing ServerEntityMixin from blueprint.mixins.json into net.minecraft.server.level.ServerEntity
[27Apr2026 18:55:45.548] [Server thread/DEBUG] [artifacts.Artifacts/]: Loaded artifacts.forge.platform.ForgePlatformHelper@77fae080 for service interface artifacts.platform.PlatformHelper
[27Apr2026 18:55:45.803] [Server thread/DEBUG] [mixin/]: Mixing ai.pathing.ChunkCacheMixin from lithium.mixins.json into net.minecraft.world.level.PathNavigationRegion
[27Apr2026 18:55:45.803] [Server thread/DEBUG] [mixin/]: lithium.mixins.json:ai.pathing.ChunkCacheMixin: Class version 61 required is higher than the class version supported by the current version of Mixin (JAVA_16 supports class version 60)
[27Apr2026 18:55:45.805] [Server thread/DEBUG] [mixin/]: Mixing util.chunk_access.ChunkCacheMixin from lithium.mixins.json into net.minecraft.world.level.PathNavigationRegion
[27Apr2026 18:55:45.806] [Server thread/DEBUG] [mixin/]: lithium.mixins.json:util.chunk_access.ChunkCacheMixin: Class version 61 required is higher than the class version supported by the current version of Mixin (JAVA_16 supports class version 60)
[27Apr2026 18:56:27.701] [Netty Epoll Server IO #1/DEBUG] [mixin/]: Mixing networkstats.NettyPacketEncoderMixin from connectivity.mixins.json into net.minecraft.network.PacketEncoder
[27Apr2026 18:56:27.714] [Netty Epoll Server IO #1/DEBUG] [mixin/]: Mixing ConnectionProtocolMixin from connectivity.mixins.json into net.minecraft.network.ConnectionProtocol$PacketSet
[27Apr2026 18:56:27.714] [Netty Epoll Server IO #1/DEBUG] [mixin/]: Renaming synthetic method lambda$onAdd$1(Ljava/lang/Class;Lnet/minecraft/network/FriendlyByteBuf;)Lnet/minecraft/network/protocol/Packet; to md43348d$lambda$onAdd$1$0 in connectivity.mixins.json:ConnectionProtocolMixin
[27Apr2026 18:56:27.715] [Netty Epoll Server IO #1/DEBUG] [mixin/]: Renaming synthetic method lambda$onAdd$0(Ljava/lang/Class;Lnet/minecraft/network/FriendlyByteBuf;)Lnet/minecraft/network/protocol/Packet; to md43348d$lambda$onAdd$0$1 in connectivity.mixins.json:ConnectionProtocolMixin
[27Apr2026 18:56:27.763] [Netty Epoll Server IO #1/DEBUG] [net.minecraftforge.coremod.transformer.CoreModBaseTransformer/COREMOD]: Transforming net/minecraft/network/protocol/game/ClientboundSectionBlocksUpdatePacket
[27Apr2026 18:56:27.771] [Netty Epoll Server IO #1/DEBUG] [net.minecraftforge.coremod.transformer.CoreModBaseTransformer/COREMOD]: Transforming net/minecraft/network/protocol/game/ClientboundSectionBlocksUpdatePacket
[27Apr2026 18:56:27.852] [Netty Epoll Server IO #1/DEBUG] [io.netty.util.Recycler/]: -Dio.netty.recycler.maxCapacityPerThread: 4096
[27Apr2026 18:56:27.853] [Netty Epoll Server IO #1/DEBUG] [io.netty.util.Recycler/]: -Dio.netty.recycler.ratio: 8
[27Apr2026 18:56:27.853] [Netty Epoll Server IO #1/DEBUG] [io.netty.util.Recycler/]: -Dio.netty.recycler.chunkSize: 32
[27Apr2026 18:56:27.853] [Netty Epoll Server IO #1/DEBUG] [io.netty.util.Recycler/]: -Dio.netty.recycler.blocking: false
[27Apr2026 18:56:27.875] [Netty Epoll Server IO #1/DEBUG] [mixin/]: Mixing NetworkRegistryMixin from connectivity.mixins.json into net.minecraftforge.network.NetworkRegistry$LoginPayload
[27Apr2026 18:56:27.915] [Netty Epoll Server IO #1/DEBUG] [net.minecraftforge.network.HandshakeHandler/FMLHANDSHAKE]: Starting new modded impl connection. Found 32 messages to dispatch.
[27Apr2026 18:56:27.916] [Netty Epoll Server IO #1/DEBUG] [mixin/]: Mixing ServerLoginNetHandlerMixin from connectivity.mixins.json into net.minecraft.server.network.ServerLoginPacketListenerImpl
[27Apr2026 18:56:27.966] [Server thread/DEBUG] [net.minecraftforge.network.HandshakeHandler/FMLHANDSHAKE]: Sending ticking packet info 'FrameworkConfig refurbished_furniture:server' to 'framework:handshake' sequence 0
[27Apr2026 18:56:28.016] [Server thread/DEBUG] [net.minecraftforge.network.HandshakeHandler/FMLHANDSHAKE]: Sending ticking packet info 'net.minecraftforge.network.HandshakeMessages$S2CModData' to 'fml:handshake' sequence 1
[27Apr2026 18:56:28.066] [Server thread/DEBUG] [net.minecraftforge.network.HandshakeHandler/FMLHANDSHAKE]: Sending ticking packet info 'net.minecraftforge.network.HandshakeMessages$S2CModList' to 'fml:handshake' sequence 2
[27Apr2026 18:56:28.099] [Netty Epoll Server IO #1/DEBUG] [net.minecraftforge.network.LoginWrapper/FMLHANDSHAKE]: Recieved login wrapper packet event for channel framework:handshake with index 0
[27Apr2026 18:56:28.101] [Netty Epoll Server IO #1/DEBUG] [net.minecraftforge.network.HandshakeHandler/FMLHANDSHAKE]: Received client indexed reply 0 of type com.mrcrayfish.framework.api.network.message.HandshakeMessage$Acknowledge
[27Apr2026 18:56:28.101] [Netty Epoll Server IO #1/DEBUG] [Framework/FRAMEWORK_HANDSHAKE]: Received acknowledgement from client
[27Apr2026 18:56:28.116] [Server thread/DEBUG] [net.minecraftforge.network.HandshakeHandler/FMLHANDSHAKE]: Sending ticking packet info 'Registry minecraft:command_argument_type' to 'fml:handshake' sequence 3
[27Apr2026 18:56:28.166] [Server thread/DEBUG] [net.minecraftforge.network.HandshakeHandler/FMLHANDSHAKE]: Sending ticking packet info 'Registry minecraft:recipe_serializer' to 'fml:handshake' sequence 4
[27Apr2026 18:56:28.216] [Server thread/DEBUG] [net.minecraftforge.network.HandshakeHandler/FMLHANDSHAKE]: Sending ticking packet info 'Registry minecraft:sound_event' to 'fml:handshake' sequence 5
[27Apr2026 18:56:28.233] [Netty Epoll Server IO #1/DEBUG] [net.minecraftforge.network.LoginWrapper/FMLHANDSHAKE]: Recieved login wrapper packet event for channel fml:handshake with index 2
[27Apr2026 18:56:28.234] [Netty Epoll Server IO #1/DEBUG] [net.minecraftforge.network.HandshakeHandler/FMLHANDSHAKE]: Received client indexed reply 2 of type net.minecraftforge.network.HandshakeMessages$C2SModListReply
[27Apr2026 18:56:28.235] [Netty Epoll Server IO #1/DEBUG] [net.minecraftforge.network.HandshakeHandler/FMLHANDSHAKE]: Received client connection with modlist [treechop, kuma_api, animation_overhaul, playeranimator, hamsters, connectivity, dynamiclights, immersive_aircraft, xaeroworldmap, citadel, alexsmobs, yungsapi, mixinextras, royalvariations, relics, clickadv, medieval_buildings, balm, fpsreducer, carryon, chat_heads, betterfortresses, cloth_config, twilightforest, geophilic, embeddium, rubidium, embeddiumplus, corpse, farmersdelight, hangglider, curios, patchouli, collective, bettervillage, rusticdelight, architectury, vinery, cupboard, refurbished_furniture, framework, wings, playerrevive, wwoo_forge, radium, mowziesmobs, geckolib, fastload, tameablebeasts, octolib, treeharvester, jei, libraryferret, goblintraders, waystones, travelersbackpack, artifacts, mr_veinminer, creature_compendium, iceandfire, terralith, blueprint, pet_cemetery, watut, puzzlesaccessapi, skinlayers3d, forge, tlskincape, emotecraft, minecraft, sitmod, voicechat, necronomicon, jade, another_furniture, creativecore, spectrelib, citresewn, xaerominimap, moreplayermodels, parcool, crittersandcompanions, immediatelyfast, coroutil, appleskin, visuality, embeddium_extra, puzzleslib, charmofundying, ears, mns, immersive_melodies, cosmeticarmorreworked, expandability, moa_decor_electronics]
[27Apr2026 18:56:28.241] [Netty Epoll Server IO #1/DEBUG] [net.minecraftforge.network.NetworkRegistry/NETREGISTRY]: Channel 'watut:main' : Version test of '4' from client : ACCEPTED
[27Apr2026 18:56:28.241] [Netty Epoll Server IO #1/DEBUG] [net.minecraftforge.network.NetworkRegistry/NETREGISTRY]: Channel 'voicechat:secret' : Version test of 'ALLOWVANILLA 💓💓💓' from client : ACCEPTED
[27Apr2026 18:56:28.241] [Netty Epoll Server IO #1/DEBUG] [net.minecraftforge.network.NetworkRegistry/NETREGISTRY]: Channel 'parcool:message' : Version test of '3.3.1.0' from client : ACCEPTED
[27Apr2026 18:56:28.241] [Netty Epoll Server IO #1/DEBUG] [net.minecraftforge.network.NetworkRegistry/NETREGISTRY]: Channel 'voicechat:create_group' : Version test of 'ALLOWVANILLA 💓💓💓' from client : ACCEPTED
[27Apr2026 18:56:28.241] [Netty Epoll Server IO #1/DEBUG] [net.minecraftforge.network.NetworkRegistry/NETREGISTRY]: Channel 'minecraft:unregister' : Version test of 'FML3' from client : ACCEPTED
[27Apr2026 18:56:28.241] [Netty Epoll Server IO #1/DEBUG] [net.minecraftforge.network.NetworkRegistry/NETREGISTRY]: Channel 'xaerominimap:main' : Version test of '1.0' from client : ACCEPTED
[27Apr2026 18:56:28.241] [Netty Epoll Server IO #1/DEBUG] [net.minecraftforge.network.NetworkRegistry/NETREGISTRY]: Channel 'ic_im:main' : Version test of '1' from client : ACCEPTED
[27Apr2026 18:56:28.241] [Netty Epoll Server IO #1/DEBUG] [net.minecraftforge.network.NetworkRegistry/NETREGISTRY]: Channel 'royalvariations:royalvariations' : Version test of '1' from client : ACCEPTED
[27Apr2026 18:56:28.241] [Netty Epoll Server IO #1/DEBUG] [net.minecraftforge.network.NetworkRegistry/NETREGISTRY]: Channel 'framework:play' : Version test of '1' from client : ACCEPTED
[27Apr2026 18:56:28.241] [Netty Epoll Server IO #1/DEBUG] [net.minecraftforge.network.NetworkRegistry/NETREGISTRY]: Channel 'travelersbackpack:network' : Version test of 'travelersbackpack:1' from client : ACCEPTED
[27Apr2026 18:56:28.241] [Netty Epoll Server IO #1/DEBUG] [net.minecraftforge.network.NetworkRegistry/NETREGISTRY]: Channel 'minecraft:treechop-channel' : Version test of '7' from client : ACCEPTED
[27Apr2026 18:56:28.242] [Netty Epoll Server IO #1/DEBUG] [net.minecraftforge.network.NetworkRegistry/NETREGISTRY]: Channel 'voicechat:update_state' : Version test of 'ALLOWVANILLA 💓💓💓' from client : ACCEPTED
[27Apr2026 18:56:28.242] [Netty Epoll Server IO #1/DEBUG] [net.minecraftforge.network.NetworkRegistry/NETREGISTRY]: Channel 'crittersandcompanions:main' : Version test of '2' from client : ACCEPTED
[27Apr2026 18:56:28.242] [Netty Epoll Server IO #1/DEBUG] [net.minecraftforge.network.NetworkRegistry/NETREGISTRY]: Channel 'voicechat:add_group' : Version test of 'ALLOWVANILLA 💓💓💓' from client : ACCEPTED
[27Apr2026 18:56:28.242] [Netty Epoll Server IO #1/DEBUG] [net.minecraftforge.network.NetworkRegistry/NETREGISTRY]: Channel 'forge:tier_sorting' : Version test of '1.0' from client : ACCEPTED
[27Apr2026 18:56:28.242] [Netty Epoll Server IO #1/DEBUG] [net.minecraftforge.network.NetworkRegistry/NETREGISTRY]: Channel 'spectrelib:main' : Version test of '1' from client : ACCEPTED
[27Apr2026 18:56:28.242] [Netty Epoll Server IO #1/DEBUG] [net.minecraftforge.network.NetworkRegistry/NETREGISTRY]: Channel 'voicechat:player_state' : Version test of 'ALLOWVANILLA 💓💓💓' from client : ACCEPTED
[27Apr2026 18:56:28.242] [Netty Epoll Server IO #1/DEBUG] [net.minecraftforge.network.NetworkRegistry/NETREGISTRY]: Channel 'alexsmobs:main_channel' : Version test of '1' from client : ACCEPTED
[27Apr2026 18:56:28.242] [Netty Epoll Server IO #1/DEBUG] [net.minecraftforge.network.NetworkRegistry/NETREGISTRY]: Channel 'playerrevive:main' : Version test of '1' from client : ACCEPTED
[27Apr2026 18:56:28.242] [Netty Epoll Server IO #1/DEBUG] [net.minecraftforge.network.NetworkRegistry/NETREGISTRY]: Channel 'mowziesmobs:net' : Version test of '1' from client : ACCEPTED
[27Apr2026 18:56:28.242] [Netty Epoll Server IO #1/DEBUG] [net.minecraftforge.network.NetworkRegistry/NETREGISTRY]: Channel 'relics:network' : Version test of '1.0' from client : ACCEPTED
[27Apr2026 18:56:28.242] [Netty Epoll Server IO #1/DEBUG] [net.minecraftforge.network.NetworkRegistry/NETREGISTRY]: Channel 'cosmeticarmorreworked:main' : Version test of '2' from client : ACCEPTED
[27Apr2026 18:56:28.242] [Netty Epoll Server IO #1/DEBUG] [net.minecraftforge.network.NetworkRegistry/NETREGISTRY]: Channel 'fml:play' : Version test of 'FML3' from client : ACCEPTED
[27Apr2026 18:56:28.242] [Netty Epoll Server IO #1/DEBUG] [net.minecraftforge.network.NetworkRegistry/NETREGISTRY]: Channel 'creativecore:main' : Version test of '1' from client : ACCEPTED
[27Apr2026 18:56:28.242] [Netty Epoll Server IO #1/DEBUG] [net.minecraftforge.network.NetworkRegistry/NETREGISTRY]: Channel 'moreplayermodels:packets' : Version test of 'mpm' from client : ACCEPTED
[27Apr2026 18:56:28.242] [Netty Epoll Server IO #1/DEBUG] [net.minecraftforge.network.NetworkRegistry/NETREGISTRY]: Channel 'voicechat:remove_category' : Version test of 'ALLOWVANILLA 💓💓💓' from client : ACCEPTED
[27Apr2026 18:56:28.242] [Netty Epoll Server IO #1/DEBUG] [net.minecraftforge.network.NetworkRegistry/NETREGISTRY]: Channel 'voicechat:add_category' : Version test of 'ALLOWVANILLA 💓💓💓' from client : ACCEPTED
[27Apr2026 18:56:28.242] [Netty Epoll Server IO #1/DEBUG] [net.minecraftforge.network.NetworkRegistry/NETREGISTRY]: Channel 'blueprint:net' : Version test of 'BP1' from client : ACCEPTED
[27Apr2026 18:56:28.242] [Netty Epoll Server IO #1/DEBUG] [net.minecraftforge.network.NetworkRegistry/NETREGISTRY]: Channel 'xaeroworldmap:main' : Version test of '1.0' from client : ACCEPTED
[27Apr2026 18:56:28.242] [Netty Epoll Server IO #1/DEBUG] [net.minecraftforge.network.NetworkRegistry/NETREGISTRY]: Channel 'minecraft:register' : Version test of 'FML3' from client : ACCEPTED
[27Apr2026 18:56:28.242] [Netty Epoll Server IO #1/DEBUG] [net.minecraftforge.network.NetworkRegistry/NETREGISTRY]: Channel 'geckolib:main' : Version test of '1' from client : ACCEPTED
[27Apr2026 18:56:28.242] [Netty Epoll Server IO #1/DEBUG] [net.minecraftforge.network.NetworkRegistry/NETREGISTRY]: Channel 'moa_decor_electronics:moa_decor_electronics' : Version test of '1' from client : ACCEPTED
[27Apr2026 18:56:28.242] [Netty Epoll Server IO #1/DEBUG] [net.minecraftforge.network.NetworkRegistry/NETREGISTRY]: Channel 'refurbished_furniture:play' : Version test of '1' from client : ACCEPTED
[27Apr2026 18:56:28.242] [Netty Epoll Server IO #1/DEBUG] [net.minecraftforge.network.NetworkRegistry/NETREGISTRY]: Channel 'corpse:default' : Version test of '1.0.0' from client : ACCEPTED
[27Apr2026 18:56:28.242] [Netty Epoll Server IO #1/DEBUG] [net.minecraftforge.network.NetworkRegistry/NETREGISTRY]: Channel 'architectury:network' : Version test of '1' from client : ACCEPTED
[27Apr2026 18:56:28.242] [Netty Epoll Server IO #1/DEBUG] [net.minecraftforge.network.NetworkRegistry/NETREGISTRY]: Channel 'voicechat:leave_group' : Version test of 'ALLOWVANILLA 💓💓💓' from client : ACCEPTED
[27Apr2026 18:56:28.242] [Netty Epoll Server IO #1/DEBUG] [net.minecraftforge.network.NetworkRegistry/NETREGISTRY]: Channel 'carryon:carryonpackets' : Version test of '1.0' from client : ACCEPTED
[27Apr2026 18:56:28.242] [Netty Epoll Server IO #1/DEBUG] [net.minecraftforge.network.NetworkRegistry/NETREGISTRY]: Channel 'charmofundying:main' : Version test of '1' from client : ACCEPTED
[27Apr2026 18:56:28.242] [Netty Epoll Server IO #1/DEBUG] [net.minecraftforge.network.NetworkRegistry/NETREGISTRY]: Channel 'tameablebeasts:main' : Version test of 'FML3' from client : ACCEPTED
[27Apr2026 18:56:28.242] [Netty Epoll Server IO #1/DEBUG] [net.minecraftforge.network.NetworkRegistry/NETREGISTRY]: Channel 'citadel:main_channel' : Version test of '1' from client : ACCEPTED
[27Apr2026 18:56:28.242] [Netty Epoll Server IO #1/DEBUG] [net.minecraftforge.network.NetworkRegistry/NETREGISTRY]: Channel 'ic_air:main' : Version test of '1' from client : ACCEPTED
[27Apr2026 18:56:28.242] [Netty Epoll Server IO #1/DEBUG] [net.minecraftforge.network.NetworkRegistry/NETREGISTRY]: Channel 'puzzleslib:1' : Version test of '1' from client : ACCEPTED
[27Apr2026 18:56:28.242] [Netty Epoll Server IO #1/DEBUG] [net.minecraftforge.network.NetworkRegistry/NETREGISTRY]: Channel 'iceandfire:main_channel' : Version test of '1' from client : ACCEPTED
[27Apr2026 18:56:28.242] [Netty Epoll Server IO #1/DEBUG] [net.minecraftforge.network.NetworkRegistry/NETREGISTRY]: Channel 'creature_compendium:messages' : Version test of '1.0' from client : ACCEPTED
[27Apr2026 18:56:28.243] [Netty Epoll Server IO #1/DEBUG] [net.minecraftforge.network.NetworkRegistry/NETREGISTRY]: Channel 'voicechat:set_group' : Version test of 'ALLOWVANILLA 💓💓💓' from client : ACCEPTED
[27Apr2026 18:56:28.243] [Netty Epoll Server IO #1/DEBUG] [net.minecraftforge.network.NetworkRegistry/NETREGISTRY]: Channel 'voicechat:joined_group' : Version test of 'ALLOWVANILLA 💓💓💓' from client : ACCEPTED
[27Apr2026 18:56:28.243] [Netty Epoll Server IO #1/DEBUG] [net.minecraftforge.network.NetworkRegistry/NETREGISTRY]: Channel 'curios:main' : Version test of '1' from client : ACCEPTED
[27Apr2026 18:56:28.243] [Netty Epoll Server IO #1/DEBUG] [net.minecraftforge.network.NetworkRegistry/NETREGISTRY]: Channel 'wings:net' : Version test of '1' from client : ACCEPTED
[27Apr2026 18:56:28.243] [Netty Epoll Server IO #1/DEBUG] [net.minecraftforge.network.NetworkRegistry/NETREGISTRY]: Channel 'voicechat:player_states' : Version test of 'ALLOWVANILLA 💓💓💓' from client : ACCEPTED
[27Apr2026 18:56:28.243] [Netty Epoll Server IO #1/DEBUG] [net.minecraftforge.network.NetworkRegistry/NETREGISTRY]: Channel 'framework:handshake' : Version test of '1' from client : ACCEPTED
[27Apr2026 18:56:28.243] [Netty Epoll Server IO #1/DEBUG] [net.minecraftforge.network.NetworkRegistry/NETREGISTRY]: Channel 'fml:loginwrapper' : Version test of 'FML3' from client : ACCEPTED
[27Apr2026 18:56:28.243] [Netty Epoll Server IO #1/DEBUG] [net.minecraftforge.network.NetworkRegistry/NETREGISTRY]: Channel 'sitmod:sitmod' : Version test of '1' from client : ACCEPTED
[27Apr2026 18:56:28.243] [Netty Epoll Server IO #1/DEBUG] [net.minecraftforge.network.NetworkRegistry/NETREGISTRY]: Channel 'voicechat:request_secret' : Version test of 'ALLOWVANILLA 💓💓💓' from client : ACCEPTED
[27Apr2026 18:56:28.243] [Netty Epoll Server IO #1/DEBUG] [net.minecraftforge.network.NetworkRegistry/NETREGISTRY]: Channel 'patchouli:main' : Version test of '1' from client : ACCEPTED
[27Apr2026 18:56:28.243] [Netty Epoll Server IO #1/DEBUG] [net.minecraftforge.network.NetworkRegistry/NETREGISTRY]: Channel 'fml:handshake' : Version test of 'FML3' from client : ACCEPTED
[27Apr2026 18:56:28.243] [Netty Epoll Server IO #1/DEBUG] [net.minecraftforge.network.NetworkRegistry/NETREGISTRY]: Channel 'voicechat:remove_group' : Version test of 'ALLOWVANILLA 💓💓💓' from client : ACCEPTED
[27Apr2026 18:56:28.243] [Netty Epoll Server IO #1/DEBUG] [net.minecraftforge.network.NetworkRegistry/NETREGISTRY]: Channel 'forge:split' : Version test of '1.1' from client : ACCEPTED
[27Apr2026 18:56:28.243] [Netty Epoll Server IO #1/DEBUG] [net.minecraftforge.network.NetworkRegistry/NETREGISTRY]: Channel 'twilightforest:channel' : Version test of '2' from client : ACCEPTED
[27Apr2026 18:56:28.243] [Netty Epoll Server IO #1/DEBUG] [net.minecraftforge.network.NetworkRegistry/NETREGISTRY]: Channel 'waystones:network' : Version test of '1.0' from client : ACCEPTED
[27Apr2026 18:56:28.243] [Netty Epoll Server IO #1/DEBUG] [net.minecraftforge.network.NetworkRegistry/NETREGISTRY]: Channel 'jade:networking' : Version test of '2' from client : ACCEPTED
[27Apr2026 18:56:28.243] [Netty Epoll Server IO #1/DEBUG] [net.minecraftforge.network.NetworkRegistry/NETREGISTRY]: Accepting channel list from client
[27Apr2026 18:56:28.249] [Netty Epoll Server IO #1/DEBUG] [net.minecraftforge.network.HandshakeHandler/FMLHANDSHAKE]: Accepted client connection mod list
[27Apr2026 18:56:28.252] [Netty Epoll Server IO #1/DEBUG] [net.minecraftforge.network.LoginWrapper/FMLHANDSHAKE]: Recieved login wrapper packet event for channel fml:handshake with index 3
[27Apr2026 18:56:28.252] [Netty Epoll Server IO #1/DEBUG] [net.minecraftforge.network.HandshakeHandler/FMLHANDSHAKE]: Received client indexed reply 3 of type net.minecraftforge.network.HandshakeMessages$C2SAcknowledge
[27Apr2026 18:56:28.252] [Netty Epoll Server IO #1/DEBUG] [net.minecraftforge.network.HandshakeHandler/FMLHANDSHAKE]: Received acknowledgement from client
[27Apr2026 18:56:28.255] [Netty Epoll Server IO #1/DEBUG] [net.minecraftforge.network.LoginWrapper/FMLHANDSHAKE]: Recieved login wrapper packet event for channel fml:handshake with index 4
[27Apr2026 18:56:28.255] [Netty Epoll Server IO #1/DEBUG] [net.minecraftforge.network.HandshakeHandler/FMLHANDSHAKE]: Received client indexed reply 4 of type net.minecraftforge.network.HandshakeMessages$C2SAcknowledge
[27Apr2026 18:56:28.255] [Netty Epoll Server IO #1/DEBUG] [net.minecraftforge.network.HandshakeHandler/FMLHANDSHAKE]: Received acknowledgement from client
[27Apr2026 18:56:28.266] [Server thread/DEBUG] [net.minecraftforge.network.HandshakeHandler/FMLHANDSHAKE]: Sending ticking packet info 'Registry minecraft:particle_type' to 'fml:handshake' sequence 6
[27Apr2026 18:56:28.316] [Server thread/DEBUG] [net.minecraftforge.network.HandshakeHandler/FMLHANDSHAKE]: Sending ticking packet info 'Registry minecraft:villager_profession' to 'fml:handshake' sequence 7
[27Apr2026 18:56:28.366] [Server thread/DEBUG] [net.minecraftforge.network.HandshakeHandler/FMLHANDSHAKE]: Sending ticking packet info 'Registry twilightforest:tiny_bird_variant' to 'fml:handshake' sequence 8
[27Apr2026 18:56:28.416] [Server thread/DEBUG] [net.minecraftforge.network.HandshakeHandler/FMLHANDSHAKE]: Sending ticking packet info 'Registry minecraft:item' to 'fml:handshake' sequence 9
[27Apr2026 18:56:28.466] [Server thread/DEBUG] [net.minecraftforge.network.HandshakeHandler/FMLHANDSHAKE]: Sending ticking packet info 'Registry minecraft:potion' to 'fml:handshake' sequence 10
[27Apr2026 18:56:28.490] [Netty Epoll Server IO #1/DEBUG] [net.minecraftforge.network.LoginWrapper/FMLHANDSHAKE]: Recieved login wrapper packet event for channel fml:handshake with index 5
[27Apr2026 18:56:28.490] [Netty Epoll Server IO #1/DEBUG] [net.minecraftforge.network.HandshakeHandler/FMLHANDSHAKE]: Received client indexed reply 5 of type net.minecraftforge.network.HandshakeMessages$C2SAcknowledge
[27Apr2026 18:56:28.490] [Netty Epoll Server IO #1/DEBUG] [net.minecraftforge.network.HandshakeHandler/FMLHANDSHAKE]: Received acknowledgement from client
[27Apr2026 18:56:28.491] [Netty Epoll Server IO #1/DEBUG] [net.minecraftforge.network.LoginWrapper/FMLHANDSHAKE]: Recieved login wrapper packet event for channel fml:handshake with index 6
[27Apr2026 18:56:28.492] [Netty Epoll Server IO #1/DEBUG] [net.minecraftforge.network.HandshakeHandler/FMLHANDSHAKE]: Received client indexed reply 6 of type net.minecraftforge.network.HandshakeMessages$C2SAcknowledge
[27Apr2026 18:56:28.492] [Netty Epoll Server IO #1/DEBUG] [net.minecraftforge.network.HandshakeHandler/FMLHANDSHAKE]: Received acknowledgement from client
[27Apr2026 18:56:28.492] [Netty Epoll Server IO #1/DEBUG] [net.minecraftforge.network.LoginWrapper/FMLHANDSHAKE]: Recieved login wrapper packet event for channel fml:handshake with index 7
[27Apr2026 18:56:28.492] [Netty Epoll Server IO #1/DEBUG] [net.minecraftforge.network.HandshakeHandler/FMLHANDSHAKE]: Received client indexed reply 7 of type net.minecraftforge.network.HandshakeMessages$C2SAcknowledge
[27Apr2026 18:56:28.492] [Netty Epoll Server IO #1/DEBUG] [net.minecraftforge.network.HandshakeHandler/FMLHANDSHAKE]: Received acknowledgement from client
[27Apr2026 18:56:28.494] [Netty Epoll Server IO #1/DEBUG] [net.minecraftforge.network.LoginWrapper/FMLHANDSHAKE]: Recieved login wrapper packet event for channel fml:handshake with index 8
[27Apr2026 18:56:28.494] [Netty Epoll Server IO #1/DEBUG] [net.minecraftforge.network.HandshakeHandler/FMLHANDSHAKE]: Received client indexed reply 8 of type net.minecraftforge.network.HandshakeMessages$C2SAcknowledge
[27Apr2026 18:56:28.495] [Netty Epoll Server IO #1/DEBUG] [net.minecraftforge.network.HandshakeHandler/FMLHANDSHAKE]: Received acknowledgement from client
[27Apr2026 18:56:28.516] [Server thread/DEBUG] [net.minecraftforge.network.HandshakeHandler/FMLHANDSHAKE]: Sending ticking packet info 'Registry minecraft:painting_variant' to 'fml:handshake' sequence 11
[27Apr2026 18:56:28.566] [Server thread/DEBUG] [net.minecraftforge.network.HandshakeHandler/FMLHANDSHAKE]: Sending ticking packet info 'Registry forge:fluid_type' to 'fml:handshake' sequence 12
[27Apr2026 18:56:28.610] [Netty Epoll Server IO #1/DEBUG] [net.minecraftforge.network.LoginWrapper/FMLHANDSHAKE]: Recieved login wrapper packet event for channel fml:handshake with index 9
[27Apr2026 18:56:28.610] [Netty Epoll Server IO #1/DEBUG] [net.minecraftforge.network.HandshakeHandler/FMLHANDSHAKE]: Received client indexed reply 9 of type net.minecraftforge.network.HandshakeMessages$C2SAcknowledge
[27Apr2026 18:56:28.610] [Netty Epoll Server IO #1/DEBUG] [net.minecraftforge.network.HandshakeHandler/FMLHANDSHAKE]: Received acknowledgement from client
[27Apr2026 18:56:28.611] [Netty Epoll Server IO #1/DEBUG] [net.minecraftforge.network.LoginWrapper/FMLHANDSHAKE]: Recieved login wrapper packet event for channel fml:handshake with index 10
[27Apr2026 18:56:28.611] [Netty Epoll Server IO #1/DEBUG] [net.minecraftforge.network.HandshakeHandler/FMLHANDSHAKE]: Received client indexed reply 10 of type net.minecraftforge.network.HandshakeMessages$C2SAcknowledge
[27Apr2026 18:56:28.611] [Netty Epoll Server IO #1/DEBUG] [net.minecraftforge.network.HandshakeHandler/FMLHANDSHAKE]: Received acknowledgement from client
[27Apr2026 18:56:28.614] [Netty Epoll Server IO #1/DEBUG] [net.minecraftforge.network.LoginWrapper/FMLHANDSHAKE]: Recieved login wrapper packet event for channel fml:handshake with index 11
[27Apr2026 18:56:28.614] [Netty Epoll Server IO #1/DEBUG] [net.minecraftforge.network.HandshakeHandler/FMLHANDSHAKE]: Received client indexed reply 11 of type net.minecraftforge.network.HandshakeMessages$C2SAcknowledge
[27Apr2026 18:56:28.614] [Netty Epoll Server IO #1/DEBUG] [net.minecraftforge.network.HandshakeHandler/FMLHANDSHAKE]: Received acknowledgement from client
[27Apr2026 18:56:28.616] [Server thread/DEBUG] [net.minecraftforge.network.HandshakeHandler/FMLHANDSHAKE]: Sending ticking packet info 'Registry minecraft:block_entity_type' to 'fml:handshake' sequence 13
[27Apr2026 18:56:28.653] [Netty Epoll Server IO #1/DEBUG] [net.minecraftforge.network.LoginWrapper/FMLHANDSHAKE]: Recieved login wrapper packet event for channel fml:handshake with index 12
[27Apr2026 18:56:28.653] [Netty Epoll Server IO #1/DEBUG] [net.minecraftforge.network.HandshakeHandler/FMLHANDSHAKE]: Received client indexed reply 12 of type net.minecraftforge.network.HandshakeMessages$C2SAcknowledge
[27Apr2026 18:56:28.654] [Netty Epoll Server IO #1/DEBUG] [net.minecraftforge.network.HandshakeHandler/FMLHANDSHAKE]: Received acknowledgement from client
[27Apr2026 18:56:28.666] [Server thread/DEBUG] [net.minecraftforge.network.HandshakeHandler/FMLHANDSHAKE]: Sending ticking packet info 'Registry forge:display_contexts' to 'fml:handshake' sequence 14
[27Apr2026 18:56:28.704] [Netty Epoll Server IO #1/DEBUG] [net.minecraftforge.network.LoginWrapper/FMLHANDSHAKE]: Recieved login wrapper packet event for channel fml:handshake with index 13
[27Apr2026 18:56:28.704] [Netty Epoll Server IO #1/DEBUG] [net.minecraftforge.network.HandshakeHandler/FMLHANDSHAKE]: Received client indexed reply 13 of type net.minecraftforge.network.HandshakeMessages$C2SAcknowledge
[27Apr2026 18:56:28.705] [Netty Epoll Server IO #1/DEBUG] [net.minecraftforge.network.HandshakeHandler/FMLHANDSHAKE]: Received acknowledgement from client
[27Apr2026 18:56:28.716] [Server thread/DEBUG] [net.minecraftforge.network.HandshakeHandler/FMLHANDSHAKE]: Sending ticking packet info 'Registry minecraft:block' to 'fml:handshake' sequence 15
[27Apr2026 18:56:28.754] [Netty Epoll Server IO #1/DEBUG] [net.minecraftforge.network.LoginWrapper/FMLHANDSHAKE]: Recieved login wrapper packet event for channel fml:handshake with index 14
[27Apr2026 18:56:28.754] [Netty Epoll Server IO #1/DEBUG] [net.minecraftforge.network.HandshakeHandler/FMLHANDSHAKE]: Received client indexed reply 14 of type net.minecraftforge.network.HandshakeMessages$C2SAcknowledge
[27Apr2026 18:56:28.755] [Netty Epoll Server IO #1/DEBUG] [net.minecraftforge.network.HandshakeHandler/FMLHANDSHAKE]: Received acknowledgement from client
[27Apr2026 18:56:28.766] [Server thread/DEBUG] [net.minecraftforge.network.HandshakeHandler/FMLHANDSHAKE]: Sending ticking packet info 'Registry forge:entity_data_serializers' to 'fml:handshake' sequence 16
[27Apr2026 18:56:28.816] [Server thread/DEBUG] [net.minecraftforge.network.HandshakeHandler/FMLHANDSHAKE]: Sending ticking packet info 'Registry wings:wings' to 'fml:handshake' sequence 17
[27Apr2026 18:56:28.824] [Netty Epoll Server IO #1/DEBUG] [net.minecraftforge.network.LoginWrapper/FMLHANDSHAKE]: Recieved login wrapper packet event for channel fml:handshake with index 15
[27Apr2026 18:56:28.824] [Netty Epoll Server IO #1/DEBUG] [net.minecraftforge.network.HandshakeHandler/FMLHANDSHAKE]: Received client indexed reply 15 of type net.minecraftforge.network.HandshakeMessages$C2SAcknowledge
[27Apr2026 18:56:28.824] [Netty Epoll Server IO #1/DEBUG] [net.minecraftforge.network.HandshakeHandler/FMLHANDSHAKE]: Received acknowledgement from client
[27Apr2026 18:56:28.854] [Netty Epoll Server IO #1/DEBUG] [net.minecraftforge.network.LoginWrapper/FMLHANDSHAKE]: Recieved login wrapper packet event for channel fml:handshake with index 16
[27Apr2026 18:56:28.854] [Netty Epoll Server IO #1/DEBUG] [net.minecraftforge.network.HandshakeHandler/FMLHANDSHAKE]: Received client indexed reply 16 of type net.minecraftforge.network.HandshakeMessages$C2SAcknowledge
[27Apr2026 18:56:28.854] [Netty Epoll Server IO #1/DEBUG] [net.minecraftforge.network.HandshakeHandler/FMLHANDSHAKE]: Received acknowledgement from client
[27Apr2026 18:56:28.865] [Server thread/DEBUG] [net.minecraftforge.network.HandshakeHandler/FMLHANDSHAKE]: Sending ticking packet info 'Registry minecraft:mob_effect' to 'fml:handshake' sequence 18
[27Apr2026 18:56:28.904] [Netty Epoll Server IO #1/DEBUG] [net.minecraftforge.network.LoginWrapper/FMLHANDSHAKE]: Recieved login wrapper packet event for channel fml:handshake with index 17
[27Apr2026 18:56:28.904] [Netty Epoll Server IO #1/DEBUG] [net.minecraftforge.network.HandshakeHandler/FMLHANDSHAKE]: Received client indexed reply 17 of type net.minecraftforge.network.HandshakeMessages$C2SAcknowledge
[27Apr2026 18:56:28.905] [Netty Epoll Server IO #1/DEBUG] [net.minecraftforge.network.HandshakeHandler/FMLHANDSHAKE]: Received acknowledgement from client
[27Apr2026 18:56:28.916] [Server thread/DEBUG] [net.minecraftforge.network.HandshakeHandler/FMLHANDSHAKE]: Sending ticking packet info 'Registry minecraft:stat_type' to 'fml:handshake' sequence 19
[27Apr2026 18:56:28.954] [Netty Epoll Server IO #1/DEBUG] [net.minecraftforge.network.LoginWrapper/FMLHANDSHAKE]: Recieved login wrapper packet event for channel fml:handshake with index 18
[27Apr2026 18:56:28.954] [Netty Epoll Server IO #1/DEBUG] [net.minecraftforge.network.HandshakeHandler/FMLHANDSHAKE]: Received client indexed reply 18 of type net.minecraftforge.network.HandshakeMessages$C2SAcknowledge
[27Apr2026 18:56:28.954] [Netty Epoll Server IO #1/DEBUG] [net.minecraftforge.network.HandshakeHandler/FMLHANDSHAKE]: Received acknowledgement from client
[27Apr2026 18:56:28.966] [Server thread/DEBUG] [net.minecraftforge.network.HandshakeHandler/FMLHANDSHAKE]: Sending ticking packet info 'Registry twilightforest:enforcement' to 'fml:handshake' sequence 20
[27Apr2026 18:56:29.004] [Netty Epoll Server IO #1/DEBUG] [net.minecraftforge.network.LoginWrapper/FMLHANDSHAKE]: Recieved login wrapper packet event for channel fml:handshake with index 19
[27Apr2026 18:56:29.005] [Netty Epoll Server IO #1/DEBUG] [net.minecraftforge.network.HandshakeHandler/FMLHANDSHAKE]: Received client indexed reply 19 of type net.minecraftforge.network.HandshakeMessages$C2SAcknowledge
[27Apr2026 18:56:29.005] [Netty Epoll Server IO #1/DEBUG] [net.minecraftforge.network.HandshakeHandler/FMLHANDSHAKE]: Received acknowledgement from client
[27Apr2026 18:56:29.016] [Server thread/DEBUG] [net.minecraftforge.network.HandshakeHandler/FMLHANDSHAKE]: Sending ticking packet info 'Registry minecraft:menu' to 'fml:handshake' sequence 21
[27Apr2026 18:56:29.054] [Netty Epoll Server IO #1/DEBUG] [net.minecraftforge.network.LoginWrapper/FMLHANDSHAKE]: Recieved login wrapper packet event for channel fml:handshake with index 20
[27Apr2026 18:56:29.054] [Netty Epoll Server IO #1/DEBUG] [net.minecraftforge.network.HandshakeHandler/FMLHANDSHAKE]: Received client indexed reply 20 of type net.minecraftforge.network.HandshakeMessages$C2SAcknowledge
[27Apr2026 18:56:29.055] [Netty Epoll Server IO #1/DEBUG] [net.minecraftforge.network.HandshakeHandler/FMLHANDSHAKE]: Received acknowledgement from client
[27Apr2026 18:56:29.066] [Server thread/DEBUG] [net.minecraftforge.network.HandshakeHandler/FMLHANDSHAKE]: Sending ticking packet info 'Registry twilightforest:dwarf_rabbit_variant' to 'fml:handshake' sequence 22
[27Apr2026 18:56:29.108] [Netty Epoll Server IO #1/DEBUG] [net.minecraftforge.network.LoginWrapper/FMLHANDSHAKE]: Recieved login wrapper packet event for channel fml:handshake with index 21
[27Apr2026 18:56:29.108] [Netty Epoll Server IO #1/DEBUG] [net.minecraftforge.network.HandshakeHandler/FMLHANDSHAKE]: Received client indexed reply 21 of type net.minecraftforge.network.HandshakeMessages$C2SAcknowledge
[27Apr2026 18:56:29.108] [Netty Epoll Server IO #1/DEBUG] [net.minecraftforge.network.HandshakeHandler/FMLHANDSHAKE]: Received acknowledgement from client
[27Apr2026 18:56:29.116] [Server thread/DEBUG] [net.minecraftforge.network.HandshakeHandler/FMLHANDSHAKE]: Sending ticking packet info 'Registry minecraft:enchantment' to 'fml:handshake' sequence 23
[27Apr2026 18:56:29.154] [Netty Epoll Server IO #1/DEBUG] [net.minecraftforge.network.LoginWrapper/FMLHANDSHAKE]: Recieved login wrapper packet event for channel fml:handshake with index 22
[27Apr2026 18:56:29.154] [Netty Epoll Server IO #1/DEBUG] [net.minecraftforge.network.HandshakeHandler/FMLHANDSHAKE]: Received client indexed reply 22 of type net.minecraftforge.network.HandshakeMessages$C2SAcknowledge
[27Apr2026 18:56:29.155] [Netty Epoll Server IO #1/DEBUG] [net.minecraftforge.network.HandshakeHandler/FMLHANDSHAKE]: Received acknowledgement from client
[27Apr2026 18:56:29.166] [Server thread/DEBUG] [net.minecraftforge.network.HandshakeHandler/FMLHANDSHAKE]: Sending ticking packet info 'Registry minecraft:fluid' to 'fml:handshake' sequence 24
[27Apr2026 18:56:29.204] [Netty Epoll Server IO #1/DEBUG] [net.minecraftforge.network.LoginWrapper/FMLHANDSHAKE]: Recieved login wrapper packet event for channel fml:handshake with index 23
[27Apr2026 18:56:29.205] [Netty Epoll Server IO #1/DEBUG] [net.minecraftforge.network.HandshakeHandler/FMLHANDSHAKE]: Received client indexed reply 23 of type net.minecraftforge.network.HandshakeMessages$C2SAcknowledge
[27Apr2026 18:56:29.205] [Netty Epoll Server IO #1/DEBUG] [net.minecraftforge.network.HandshakeHandler/FMLHANDSHAKE]: Received acknowledgement from client
[27Apr2026 18:56:29.216] [Server thread/DEBUG] [net.minecraftforge.network.HandshakeHandler/FMLHANDSHAKE]: Sending ticking packet info 'Registry minecraft:entity_type' to 'fml:handshake' sequence 25
[27Apr2026 18:56:29.254] [Netty Epoll Server IO #1/DEBUG] [net.minecraftforge.network.LoginWrapper/FMLHANDSHAKE]: Recieved login wrapper packet event for channel fml:handshake with index 24
[27Apr2026 18:56:29.255] [Netty Epoll Server IO #1/DEBUG] [net.minecraftforge.network.HandshakeHandler/FMLHANDSHAKE]: Received client indexed reply 24 of type net.minecraftforge.network.HandshakeMessages$C2SAcknowledge
[27Apr2026 18:56:29.255] [Netty Epoll Server IO #1/DEBUG] [net.minecraftforge.network.HandshakeHandler/FMLHANDSHAKE]: Received acknowledgement from client
[27Apr2026 18:56:29.266] [Server thread/DEBUG] [net.minecraftforge.network.HandshakeHandler/FMLHANDSHAKE]: Sending ticking packet info 'Config parcool-server.toml' to 'fml:handshake' sequence 26
[27Apr2026 18:56:29.316] [Server thread/DEBUG] [net.minecraftforge.network.HandshakeHandler/FMLHANDSHAKE]: Sending ticking packet info 'Config curios-server.toml' to 'fml:handshake' sequence 27
[27Apr2026 18:56:29.366] [Server thread/DEBUG] [net.minecraftforge.network.HandshakeHandler/FMLHANDSHAKE]: Sending ticking packet info 'Config travelersbackpack-server.toml' to 'fml:handshake' sequence 28
[27Apr2026 18:56:29.416] [Server thread/DEBUG] [net.minecraftforge.network.HandshakeHandler/FMLHANDSHAKE]: Sending ticking packet info 'Config hangglider-server.toml' to 'fml:handshake' sequence 29
[27Apr2026 18:56:29.465] [Server thread/DEBUG] [net.minecraftforge.network.HandshakeHandler/FMLHANDSHAKE]: Sending ticking packet info 'Config corpse-server.toml' to 'fml:handshake' sequence 30
[27Apr2026 18:56:29.516] [Server thread/DEBUG] [net.minecraftforge.network.HandshakeHandler/FMLHANDSHAKE]: Sending ticking packet info 'Config forge-server.toml' to 'fml:handshake' sequence 31
[27Apr2026 18:56:59.192] [Netty Epoll Server IO #1/DEBUG] [net.minecraftforge.network.LoginWrapper/FMLHANDSHAKE]: Recieved login wrapper packet event for channel fml:handshake with index 25
[27Apr2026 18:56:59.192] [Netty Epoll Server IO #1/DEBUG] [net.minecraftforge.network.HandshakeHandler/FMLHANDSHAKE]: Received client indexed reply 25 of type net.minecraftforge.network.HandshakeMessages$C2SAcknowledge
[27Apr2026 18:56:59.192] [Netty Epoll Server IO #1/DEBUG] [net.minecraftforge.network.HandshakeHandler/FMLHANDSHAKE]: Received acknowledgement from client
[27Apr2026 18:56:59.201] [Netty Epoll Server IO #1/DEBUG] [net.minecraftforge.network.LoginWrapper/FMLHANDSHAKE]: Recieved login wrapper packet event for channel fml:handshake with index 26
[27Apr2026 18:56:59.202] [Netty Epoll Server IO #1/DEBUG] [net.minecraftforge.network.HandshakeHandler/FMLHANDSHAKE]: Received client indexed reply 26 of type net.minecraftforge.network.HandshakeMessages$C2SAcknowledge
[27Apr2026 18:56:59.202] [Netty Epoll Server IO #1/DEBUG] [net.minecraftforge.network.HandshakeHandler/FMLHANDSHAKE]: Received acknowledgement from client
[27Apr2026 18:56:59.202] [Netty Epoll Server IO #1/DEBUG] [net.minecraftforge.network.LoginWrapper/FMLHANDSHAKE]: Recieved login wrapper packet event for channel fml:handshake with index 27
[27Apr2026 18:56:59.202] [Netty Epoll Server IO #1/DEBUG] [net.minecraftforge.network.HandshakeHandler/FMLHANDSHAKE]: Received client indexed reply 27 of type net.minecraftforge.network.HandshakeMessages$C2SAcknowledge
[27Apr2026 18:56:59.202] [Netty Epoll Server IO #1/DEBUG] [net.minecraftforge.network.HandshakeHandler/FMLHANDSHAKE]: Received acknowledgement from client
[27Apr2026 18:56:59.218] [Netty Epoll Server IO #1/DEBUG] [net.minecraftforge.network.LoginWrapper/FMLHANDSHAKE]: Recieved login wrapper packet event for channel fml:handshake with index 28
[27Apr2026 18:56:59.218] [Netty Epoll Server IO #1/DEBUG] [net.minecraftforge.network.HandshakeHandler/FMLHANDSHAKE]: Received client indexed reply 28 of type net.minecraftforge.network.HandshakeMessages$C2SAcknowledge
[27Apr2026 18:56:59.218] [Netty Epoll Server IO #1/DEBUG] [net.minecraftforge.network.HandshakeHandler/FMLHANDSHAKE]: Received acknowledgement from client
[27Apr2026 18:56:59.238] [Netty Epoll Server IO #1/DEBUG] [net.minecraftforge.network.LoginWrapper/FMLHANDSHAKE]: Recieved login wrapper packet event for channel fml:handshake with index 29
[27Apr2026 18:56:59.238] [Netty Epoll Server IO #1/DEBUG] [net.minecraftforge.network.HandshakeHandler/FMLHANDSHAKE]: Received client indexed reply 29 of type net.minecraftforge.network.HandshakeMessages$C2SAcknowledge
[27Apr2026 18:56:59.238] [Netty Epoll Server IO #1/DEBUG] [net.minecraftforge.network.HandshakeHandler/FMLHANDSHAKE]: Received acknowledgement from client
[27Apr2026 18:56:59.241] [Netty Epoll Server IO #1/DEBUG] [net.minecraftforge.network.LoginWrapper/FMLHANDSHAKE]: Recieved login wrapper packet event for channel fml:handshake with index 30
[27Apr2026 18:56:59.241] [Netty Epoll Server IO #1/DEBUG] [net.minecraftforge.network.HandshakeHandler/FMLHANDSHAKE]: Received client indexed reply 30 of type net.minecraftforge.network.HandshakeMessages$C2SAcknowledge
[27Apr2026 18:56:59.242] [Netty Epoll Server IO #1/DEBUG] [net.minecraftforge.network.HandshakeHandler/FMLHANDSHAKE]: Received acknowledgement from client
[27Apr2026 18:56:59.258] [Netty Epoll Server IO #1/DEBUG] [net.minecraftforge.network.LoginWrapper/FMLHANDSHAKE]: Recieved login wrapper packet event for channel fml:handshake with index 31
[27Apr2026 18:56:59.258] [Netty Epoll Server IO #1/DEBUG] [net.minecraftforge.network.HandshakeHandler/FMLHANDSHAKE]: Received client indexed reply 31 of type net.minecraftforge.network.HandshakeMessages$C2SAcknowledge
[27Apr2026 18:56:59.258] [Netty Epoll Server IO #1/DEBUG] [net.minecraftforge.network.HandshakeHandler/FMLHANDSHAKE]: Received acknowledgement from client
[27Apr2026 18:56:59.266] [Server thread/DEBUG] [net.minecraftforge.network.HandshakeHandler/FMLHANDSHAKE]: Handshake complete!
[27Apr2026 18:56:59.318] [Netty Epoll Server IO #1/DEBUG] [mixin/]: Mixing NettyCompressionDecoderMixin from connectivity.mixins.json into net.minecraft.network.CompressionDecoder
[27Apr2026 18:56:59.330] [Server thread/WARN] [net.minecraft.network.syncher.SynchedEntityData/]: defineId called for: class net.minecraft.world.entity.player.Player from class tschipp.carryon.common.carry.CarryOnDataManager
[27Apr2026 18:56:59.374] [Server thread/DEBUG] [mixin/]: Mixing PlayerAdvancementsMixin from clickadv.mixins.json into net.minecraft.server.PlayerAdvancements
[27Apr2026 18:56:59.455] [Server thread/INFO] [net.minecraft.server.players.PlayerList/]: Winter_pingui[/127.184.162.148:50153] logged in with entity id 10 at (-1728.7986640876807, 70.0, 2373.313840870388)
[27Apr2026 18:56:59.466] [Server thread/DEBUG] [net.minecraftforge.network.filters.NetworkFilters/]: Injected net.minecraftforge.network.filters.ForgeConnectionNetworkFilter@345a7e70 into net.minecraft.network.Connection@68d3d15
[27Apr2026 18:56:59.577] [Server thread/INFO] [net.minecraft.server.MinecraftServer/]: Winter_pingui joined the game
[27Apr2026 18:56:59.718] [Server thread/INFO] [Jade/]: Syncing config to Winter_pingui (b1018df0-9f98-3108-bd40-7f84d3d03dfd)
[27Apr2026 18:56:59.742] [Server thread/DEBUG] [voicechat/]: [voicechat] Setting default state of Winter_pingui: {disabled=false, disconnected=true, uuid=b1018df0-9f98-3108-bd40-7f84d3d03dfd, name=Winter_pingui, group=null}
[27Apr2026 18:57:00.999] [Server thread/INFO] [voicechat/]: [voicechat] Received secret request of Winter_pingui (18)
[27Apr2026 18:57:01.000] [Server thread/DEBUG] [voicechat/]: [voicechat] Sending initial states to Winter_pingui
[27Apr2026 18:57:01.000] [Server thread/DEBUG] [voicechat/]: [voicechat] Synchronizing 0 groups with Winter_pingui
[27Apr2026 18:57:01.000] [Server thread/DEBUG] [voicechat/]: [voicechat] Synchronizing 0 volume categories with Winter_pingui
[27Apr2026 18:57:01.001] [Server thread/INFO] [voicechat/]: [voicechat] Sent secret to Winter_pingui
[27Apr2026 18:57:01.002] [Server thread/INFO] [com.alrex.parcool.ParCool/]: Limitation of b1018df0-9f98-3108-bd40-7f84d3d03dfd was loaded
[27Apr2026 18:57:01.019] [Server thread/DEBUG] [mixin/]: Mixing ProjectileUtilMixin from immersive_aircraft.mixins.json into net.minecraft.world.entity.projectile.ProjectileUtil
[27Apr2026 18:57:01.490] [Server thread/DEBUG] [mixin/]: Mixing ai.pathing.BirdPathNodeMakerMixin from lithium.mixins.json into net.minecraft.world.level.pathfinder.FlyNodeEvaluator
[27Apr2026 18:57:01.490] [Server thread/DEBUG] [mixin/]: lithium.mixins.json:ai.pathing.BirdPathNodeMakerMixin: Class version 61 required is higher than the class version supported by the current version of Mixin (JAVA_16 supports class version 60)
[27Apr2026 18:57:05.727] [Server thread/DEBUG] [mixin/]: Mixing cached_hashcode.BlockNeighborGroupMixin from lithium.mixins.json into net.minecraft.world.level.block.Block$BlockStatePairKey
[27Apr2026 18:57:05.727] [Server thread/DEBUG] [mixin/]: lithium.mixins.json:cached_hashcode.BlockNeighborGroupMixin: Class version 61 required is higher than the class version supported by the current version of Mixin (JAVA_16 supports class version 60)
[27Apr2026 18:57:39.481] [Server thread/DEBUG] [mixin/]: Mixing swimming.FallLocationMixin from expandability-common.mixins.json into net.minecraft.world.damagesource.FallLocation
[27Apr2026 18:57:39.801] [VoiceChatPacketProcessingThread/INFO] [voicechat/]: [voicechat] Successfully authenticated player b1018df0-9f98-3108-bd40-7f84d3d03dfd
[27Apr2026 18:57:40.795] [VoiceChatPacketProcessingThread/INFO] [voicechat/]: [voicechat] Successfully validated connection of player b1018df0-9f98-3108-bd40-7f84d3d03dfd
[27Apr2026 18:57:40.796] [VoiceChatPacketProcessingThread/DEBUG] [voicechat/]: [voicechat] Set state of Winter_pingui to connected: {disabled=false, disconnected=false, uuid=b1018df0-9f98-3108-bd40-7f84d3d03dfd, name=Winter_pingui, group=null}
[27Apr2026 18:57:40.801] [VoiceChatPacketProcessingThread/INFO] [voicechat/]: [voicechat] Player Winter_pingui (b1018df0-9f98-3108-bd40-7f84d3d03dfd) successfully connected to voice chat
[27Apr2026 18:57:40.899] [Server thread/DEBUG] [voicechat/]: [voicechat] Got state of Winter_pingui: {disabled=false, disconnected=false, uuid=b1018df0-9f98-3108-bd40-7f84d3d03dfd, name=Winter_pingui, group=null}
[27Apr2026 19:00:45.352] [Server thread/DEBUG] [net.minecraftforge.common.ForgeHooks/WP]: Gathering id map for writing to world save world
[27Apr2026 19:00:45.376] [Server thread/DEBUG] [net.minecraftforge.common.ForgeHooks/WP]: ID Map collection complete world
[27Apr2026 19:05:32.955] [Server thread/DEBUG] [voicechat/]: [voicechat] Got state of Winter_pingui: {disabled=true, disconnected=false, uuid=b1018df0-9f98-3108-bd40-7f84d3d03dfd, name=Winter_pingui, group=null}
[27Apr2026 19:05:45.336] [Server thread/DEBUG] [net.minecraftforge.common.ForgeHooks/WP]: Gathering id map for writing to world save world
[27Apr2026 19:05:45.390] [Server thread/DEBUG] [net.minecraftforge.common.ForgeHooks/WP]: ID Map collection complete world
[27Apr2026 19:10:45.292] [Server thread/DEBUG] [net.minecraftforge.common.ForgeHooks/WP]: Gathering id map for writing to world save world
[27Apr2026 19:10:45.313] [Server thread/DEBUG] [net.minecraftforge.common.ForgeHooks/WP]: ID Map collection complete world
[27Apr2026 19:15:45.281] [Server thread/DEBUG] [net.minecraftforge.common.ForgeHooks/WP]: Gathering id map for writing to world save world
[27Apr2026 19:15:45.296] [Server thread/DEBUG] [net.minecraftforge.common.ForgeHooks/WP]: ID Map collection complete world
